Date,ret_all_mean,ret_all_std,ret_all_dispersion,ret_pos_ratio,ret_small,ret_big,SMB_proxy,ret_highBM,ret_lowBM,HML_proxy,ret_robust,ret_weak,RMW_proxy,ret_cons,ret_aggr,CMA_proxy,RF,Mkt-RF,SMB,HML,RMW,CMA,Mkt,Mkt-RF_lag1,Mkt-RF_lag2,Mkt-RF_lag3,Mkt-RF_lag6,Mkt-RF_lag12,SMB_lag1,SMB_lag2,SMB_lag3,SMB_lag6,SMB_lag12,HML_lag1,HML_lag2,HML_lag3,HML_lag6,HML_lag12,RMW_lag1,RMW_lag2,RMW_lag3,RMW_lag6,RMW_lag12,CMA_lag1,CMA_lag2,CMA_lag3,CMA_lag6,CMA_lag12,Mkt-RF_ma3,Mkt-RF_vol6,Mkt-RF_mom12,SMB_ma3,SMB_vol6,SMB_mom12,HML_ma3,HML_vol6,HML_mom12,RMW_ma3,RMW_vol6,RMW_mom12,CMA_ma3,CMA_vol6,CMA_mom12,market_trend_3m,market_trend_6m,volatility_3m,volatility_6m,volatility_change,breadth_ma3,breadth_change,dispersion_ma3,dispersion_change,SMB_proxy_ma3,HML_proxy_ma3,RMW_proxy_ma3,CMA_proxy_ma3,gdp_growth,inflation,unemployment,treasury_10y,treasury_3m,term_spread,fed_funds,credit_spread,indpro_growth,vix,vix_change,oil_price,oil_change
1990-02-01,0.0260447487436354,0.0795171317239311,0.1736980821682125,0.2888446215139442,0.0163079998884589,0.0337898898784349,-0.017481889989976,0.013856136902733,0.040603368442491,-0.0267472315397579,0.029962923561298,0.0222245282964143,0.0077383952648836,0.0176966162138986,0.0363617804549138,-0.0186651642410151,0.0057,0.0183,0.0159,-0.029,0.0199,-0.0094,0.0168,0.0183,0.0183,0.0183,0.0183,0.0183,0.0159,0.0159,0.0159,0.0159,0.0159,-0.029,-0.029,-0.029,-0.029,-0.029,0.0199,0.0199,0.0199,0.0199,0.0199,-0.0094,-0.0094,-0.0094,-0.0094,-0.0094,0.023033333333333336,0.061132601776793374,0.005416666666666668,-0.0038999999999999994,0.02313211332037492,-0.0058916666666666674,-0.031200000000000002,0.020189568263503474,-0.013191666666666666,0.018166666666666668,0.013162319957616386,0.009666666666666667,-0.011899999999999999,0.02149443338789526,-0.004575,0.014481176963095166,0.022293290245025337,0.08698380773903859,0.08919619508473497,0.22474742715556162,0.26162018592297476,0.057768924302788904,0.17260765708634476,0.019228581745841744,-0.009055361770712467,-0.028618742175889767,0.011061474516986199,0.002073104397450766,0.02766648600022381,0.05312500000000009,5.3,8.473157894736843,8.002105263157894,0.4710526315789494,8.24,0.9215789473684222,-0.02577958439290029,21.989999771118164,-0.10277399965461287,33.099998474121094,-0.0676736545930916
1990-03-01,0.0407221668684739,0.0973884024936745,0.1770380499402799,0.3466135458167331,0.0357616180184333,0.0446756870045965,-0.0089140689861631,0.0240645562086865,0.0605890419673029,-0.0365244857586164,0.0534862075674366,0.0282745899884938,0.0252116175789428,0.0426915208134803,0.0383334134722162,0.004358107341264,0.0064,-0.0336,-0.0035,-0.0257,0.0178,-0.01,0.0247,0.0183,0.0183,0.0183,0.0183,0.0183,0.0159,0.0159,0.0159,0.0159,0.0159,-0.029,-0.029,-0.029,-0.029,-0.029,0.0199,0.0199,0.0199,0.0199,0.0199,-0.0094,-0.0094,-0.0094,-0.0094,-0.0094,0.023033333333333336,0.061132601776793374,0.005416666666666668,-0.0038999999999999994,0.02313211332037492,-0.0058916666666666674,-0.031200000000000002,0.020189568263503474,-0.013191666666666666,0.018166666666666668,0.013162319957616386,0.009666666666666667,-0.011899999999999999,0.02149443338789526,-0.004575,0.014481176963095166,0.022293290245025337,0.08698380773903859,0.08919619508473497,0.22474742715556162,0.26162018592297476,0.057768924302788904,0.17260765708634476,0.019228581745841744,-0.009055361770712467,-0.028618742175889767,0.011061474516986199,0.002073104397450766,0.02766648600022381,0.05312500000000009,5.2,8.588636363636363,8.17,0.41863636363636303,8.28,0.8381818181818197,-0.02577958439290029,19.729999542236328,-0.10277399965461287,33.099998474121094,-0.0676736545930916
1990-04-01,-0.0233233847228238,0.0840458889995102,0.1670868391505419,0.149402390438247,-0.0237483922028561,-0.0229782658668577,-0.0007701263359983,-0.0335379552871108,-0.0109534460578157,-0.022584509229295,-0.0232037477229181,-0.0234381584300504,0.0002344107071322,-0.014039673768304,-0.0345660438604074,0.0205263700921034,0.0069,0.0844,-0.0241,-0.0389,0.0168,-0.0163,-0.0267,0.0183,0.0183,0.0183,0.0183,0.0183,0.0159,0.0159,0.0159,0.0159,0.0159,-0.029,-0.029,-0.029,-0.029,-0.029,0.0199,0.0199,0.0199,0.0199,0.0199,-0.0094,-0.0094,-0.0094,-0.0094,-0.0094,0.023033333333333336,0.061132601776793374,0.005416666666666668,-0.0038999999999999994,0.02313211332037492,-0.0058916666666666674,-0.031200000000000002,0.020189568263503474,-0.013191666666666666,0.018166666666666668,0.013162319957616386,0.009666666666666667,-0.011899999999999999,0.02149443338789526,-0.004575,0.014481176963095166,0.022293290245025337,0.08698380773903859,0.08919619508473497,-0.13700310460509835,0.26162018592297476,-0.1972111553784861,0.17260765708634476,-0.05620944646133896,-0.009055361770712467,-0.028618742175889767,0.011061474516986199,0.002073104397450766,0.02766648600022381,0.05312500000000009,5.4,8.7855,8.0405,0.745000000000001,8.26,0.838000000000001,-0.02577958439290029,19.520000457763672,-0.010643643656610746,33.099998474121094,-0.0676736545930916
1990-05-01,0.099025794383872,0.089482158191655,0.1999999999999999,0.4282868525896414,0.085407315893583,0.1100844084962871,-0.0246770926027041,0.0854595851252128,0.1154545982567436,-0.0299950131315308,0.1064975242004586,0.0918577934216182,0.0146397307788403,0.1003703855043324,0.0973974822012961,0.0029729033030362,0.0068,-0.0109,0.0131,-0.02,-0.0099,-0.0039,0.0912,-0.0336,0.0183,0.0183,0.0183,0.0183,-0.0035,0.0159,0.0159,0.0159,0.0159,-0.0257,-0.029,-0.029,-0.029,-0.029,0.0178,0.0199,0.0199,0.0199,0.0199,-0.01,-0.0094,-0.0094,-0.0094,-0.0094,0.023033333333333336,0.061132601776793374,0.005416666666666668,-0.0038999999999999994,0.02313211332037492,-0.0058916666666666674,-0.031200000000000002,0.020189568263503474,-0.013191666666666666,0.018166666666666668,0.013162319957616386,0.009666666666666667,-0.011899999999999999,0.02149443338789526,-0.004575,0.03880819217650737,0.022293290245025337,0.0903054832282799,0.08919619508473497,0.06468215467595906,0.30810092961487384,0.2788844621513944,0.1813749630302739,0.1969823656775498,-0.011453762641621833,-0.029701336039814067,0.013361919688305099,0.0092857935788012,0.02766648600022381,0.05312500000000009,5.4,8.758181818181818,8.006818181818183,0.7513636363636351,8.18,0.9463636363636354,-0.02577958439290029,17.3700008392334,-0.11014342049747017,33.099998474121094,-0.0676736545930916
1990-06-01,0.00740825730888,0.0926055698014226,0.1313083524632885,0.249003984063745,0.002731282159376,0.011206101791184,-0.008474819631808,0.0005669491490824,0.0156931442546899,-0.0151261951056075,0.0113992339505978,0.0035795154899963,0.0078197184606015,0.0039905242268463,0.0115471634265723,-0.007556639199726,0.0063,-0.019,-0.0315,-0.0006,-0.001,0.0321,-0.0046,0.0844,-0.0336,0.0183,0.0183,0.0183,-0.0241,-0.0035,0.0159,0.0159,0.0159,-0.0389,-0.0257,-0.029,-0.029,-0.029,0.0168,0.0178,0.0199,0.0199,0.0199,-0.0163,-0.01,-0.0094,-0.0094,-0.0094,0.023033333333333336,0.061132601776793374,0.005416666666666668,-0.0038999999999999994,0.02313211332037492,-0.0058916666666666674,-0.031200000000000002,0.020189568263503474,-0.013191666666666666,0.018166666666666668,0.013162319957616386,0.009666666666666667,-0.011899999999999999,0.02149443338789526,-0.004575,0.02770355565664274,0.022293290245025337,0.08871120566419594,0.08919619508473497,0.03490541212783205,0.27556440903054447,-0.1792828685258964,0.16613173053794342,-0.3434582376835571,-0.011307346190170134,-0.0225685724888111,0.0075646199821913325,0.0053142113984712,0.02766648600022381,0.05312500000000009,5.2,8.48,7.986666666666666,0.49333333333333407,8.29,0.963809523809525,-0.02577958439290029,15.5,-0.10765692279125583,33.099998474121094,-0.0676736545930916
1990-07-01,-0.0161178411118855,0.0921380192982164,0.1941977355027124,0.197211155378486,-0.0067790191312726,-0.0237012454269697,0.016922226295697,0.002142427335525,-0.0382311937270983,0.0403736210626234,-0.0170686389174241,-0.0152056936236452,-0.0018629452937789,-0.0125797916159227,-0.0204024515106661,0.0078226598947434,0.0068,-0.1013,-0.0379,0.0156,-0.0048,0.0299,-0.0122,-0.0109,0.0844,-0.0336,0.0183,0.0183,0.0131,-0.0241,-0.0035,0.0159,0.0159,-0.02,-0.0389,-0.0257,-0.029,-0.029,-0.0099,0.0168,0.0178,0.0199,0.0199,-0.0039,-0.0163,-0.01,-0.0094,-0.0094,0.013300000000000005,0.061132601776793374,0.005416666666666668,-0.004833333333333333,0.02313211332037492,-0.0058916666666666674,-0.028200000000000003,0.020189568263503474,-0.013191666666666666,0.008233333333333334,0.013162319957616386,0.009666666666666667,-0.010066666666666666,0.02149443338789526,-0.004575,0.0301054035269555,0.022293290245025337,0.09140858243043133,0.08919619508473497,-0.005048837820541219,0.29150066401062413,-0.051792828685259,0.17516869598866694,0.47894427018271113,-0.005409895312938367,-0.0015825290581716334,0.006865501315220966,0.001079641332684533,0.02766648600022381,0.05312500000000009,5.5,8.471428571428572,7.874761904761905,0.5966666666666667,8.15,0.9533333333333349,-0.02577958439290029,21.110000610351562,0.361935523248488,33.099998474121094,-0.0676736545930916
1990-08-01,-0.1049884210184383,0.074256683699219,0.1772081223279721,0.0199203187250996,-0.1066728646406696,-0.1036079371475871,-0.0030649274930824,-0.0939604531674462,-0.1184445652769883,0.0244841121095421,-0.113246102122766,-0.0971303051288362,-0.0161157969939297,-0.1063526171084665,-0.1033238514773948,-0.0030287656310716,0.0066,-0.0611,-0.0372,0.0059,0.0003,0.0362,-0.0947,-0.019,-0.0109,0.0844,0.0183,0.0183,-0.0315,0.0131,-0.0241,0.0159,0.0159,-0.0006,-0.02,-0.0389,-0.029,-0.029,-0.001,-0.0099,0.0168,0.0199,0.0199,0.0321,-0.0039,-0.0163,-0.0094,-0.0094,0.018166666666666668,0.061132601776793374,0.005416666666666668,-0.014166666666666666,0.02313211332037492,-0.0058916666666666674,-0.019833333333333335,0.020189568263503474,-0.013191666666666666,0.001966666666666666,0.013162319957616386,0.009666666666666667,0.003966666666666666,0.02149443338789526,-0.004575,-0.03789933494048127,0.00045442861801305023,0.08633342426628599,0.08831945374728295,-0.19407119596441702,0.15537848605577687,-0.17729083665338638,0.16757140343132435,-0.08748615492739886,0.0017941597236022001,0.016577179355519334,-0.003386341275702367,-0.0009209149786847336,0.02766648600022381,0.05312500000000009,5.7,8.752608695652174,7.694347826086957,1.0582608695652178,8.13,1.0039130434782617,-0.02577958439290029,29.899999618530273,0.4163902773109547,33.099998474121094,-0.0676736545930916
1990-09-01,-0.0685041565785774,0.1027178650519685,0.2145871126674473,0.1015936254980079,-0.0630695064015146,-0.0729581180018846,0.0098886116003699,-0.0577781103283974,-0.0815919010856779,0.0238137907572805,-0.0716074458896647,-0.0655510264277041,-0.0060564194619605,-0.0639724161944289,-0.0740337113592358,0.0100612951648069,0.006,-0.0191,-0.0506,0.0008,0.0317,-0.0025,-0.0551,-0.1013,-0.019,-0.0109,0.0183,0.0183,-0.0379,-0.0315,0.0131,0.0159,0.0159,0.0156,-0.0006,-0.02,-0.029,-0.029,-0.0048,-0.001,-0.0099,0.0199,0.0199,0.0299,0.0321,-0.0039,-0.0094,-0.0094,-0.043733333333333325,0.061132601776793374,0.005416666666666668,-0.018766666666666668,0.02313211332037492,-0.0058916666666666674,-0.001666666666666667,0.020189568263503474,-0.013191666666666666,-0.005233333333333333,0.013162319957616386,0.009666666666666667,0.019366666666666667,0.02149443338789526,-0.004575,-0.06320347290296707,-0.017749958623162167,0.08970418934980129,0.0892076975069986,0.3832810722874882,0.10624169986719784,0.08167330677290831,0.1953309901660439,0.21093271486898968,0.0079153034676615,0.029557174643148665,-0.008011720583223032,0.0049517298094929,0.02766648600022381,0.05312500000000009,5.9,8.893157894736841,7.597894736842106,1.2952631578947358,8.2,1.0721052631578925,-0.02577958439290029,29.110000610351562,-0.026421371848082464,33.099998474121094,-0.0676736545930916
1990-10-01,-0.0110272090607568,0.1109938662752731,0.2800425468706026,0.247011952191235,-0.0004908373139171,-0.0196622806427532,0.0191714433288361,0.000475937512123,-0.0250631585487663,0.0255390960608894,-0.0276275396008184,0.0047698796789792,-0.0323974192797977,-0.0089845258025044,-0.0135196574400924,0.004535131637588,0.0068,0.0635,0.0002,-0.0297,0.0058,-0.0471,-0.0123,-0.0611,-0.1013,-0.019,-0.0336,0.0183,-0.0372,-0.0379,-0.0315,-0.0035,0.0159,0.0059,0.0156,-0.0006,-0.0257,-0.029,0.0003,-0.0048,-0.001,0.0178,0.0199,0.0362,0.0299,0.0321,-0.01,-0.0094,-0.06046666666666667,0.06227357117322457,0.005416666666666668,-0.03553333333333333,0.02065414405553197,-0.0058916666666666674,0.006966666666666666,0.02086120002940067,-0.013191666666666666,-0.0018333333333333329,0.011487210279262756,0.009666666666666667,0.03273333333333333,0.023854112154231746,-0.004575,-0.06150659555259083,-0.015700596012817668,0.09598947167548688,0.09369902705295911,0.08057022231836197,0.1228419654714475,0.1454183266932271,0.223945927288674,0.3050296608659522,0.008665042478707868,0.024612332975903997,-0.018189878578562635,0.0038558870571077665,0.02766648600022381,0.05312500000000009,5.9,8.719545454545456,7.4,1.3195454545454552,8.11,1.2060869565217391,-0.02577958439290029,30.040000915527344,0.03194779408026083,33.099998474121094,-0.0676736545930916
1990-11-01,0.0935504367719941,0.1186801352835396,0.2384982797377823,0.4123505976095618,0.078045148237049,0.1062577785036409,-0.0282126302665918,0.0792268475963834,0.1110278437477393,-0.0318009961513558,0.1044725777712721,0.0831567864662296,0.0213157913050425,0.0821272791198931,0.1074887850997871,-0.025361505979894,0.0057,0.0248,0.006,-0.0157,0.0266,-0.0198,0.0692,-0.0191,-0.0611,-0.1013,0.0844,0.0183,-0.0506,-0.0372,-0.0379,-0.0241,0.0159,0.0008,0.0059,0.0156,-0.0389,-0.029,0.0317,0.0003,-0.0048,0.0168,0.0199,-0.0025,0.0362,0.0299,-0.0163,-0.0094,-0.0605,0.062088184597930286,0.005416666666666668,-0.0419,0.021954832421739564,-0.0058916666666666674,0.0074333333333333335,0.01980777625075566,-0.013191666666666666,0.009066666666666667,0.01566313080666399,0.009666666666666667,0.021199999999999997,0.02268024838194385,-0.004575,0.00467302371088663,-0.016613155614797318,0.11079728887026041,0.0985653565682732,0.0692494933837513,0.2536520584329349,0.16533864541832677,0.24437597975861072,-0.1483498403977035,0.0002824748875380675,0.0058506302222713635,-0.005712682478905232,-0.003588359725833033,0.02766648600022381,0.05312500000000009,6.2,8.392,7.2905,1.1014999999999997,7.81,1.3247619047619033,-0.02577958439290029,22.15999984741211,-0.2623169383474335,33.099998474121094,-0.0676736545930916
1990-12-01,0.0442479429342231,0.0819304311017655,0.1786816815858697,0.3565737051792829,0.0436528056790576,0.0447356870004866,-0.0010828813214289,0.0325690717679796,0.0584983086691808,-0.0259292369012011,0.0610417918335672,0.0282666996267828,0.0327750922067843,0.0489765760698754,0.0384781428696199,0.0104984332002554,0.006,0.0469,0.0387,-0.0148,0.0134,-0.0407,0.0308,0.0635,-0.0191,-0.0611,-0.0109,0.0183,0.0002,-0.0506,-0.0372,0.0131,0.0159,-0.0297,0.0008,0.0059,-0.02,-0.029,0.0058,0.0317,0.0003,-0.0099,0.0199,-0.0471,-0.0025,0.0362,-0.0039,-0.0094,-0.0055666666666666685,0.05518339424138389,0.005416666666666668,-0.0292,0.02487291029748362,-0.0058916666666666674,-0.007666666666666666,0.01691504261498228,-0.013191666666666666,0.0126,0.014691959252144235,0.009666666666666667,-0.00446666666666667,0.03206778757569658,-0.004575,0.04225705688182013,-0.01047320801057347,0.10386814422019273,0.09678616678499702,-0.3096533728578511,0.3386454183266932,-0.05577689243027889,0.23240750273141816,-0.2508051555662294,-0.003374689419728199,-0.010730378997222503,0.0072311547440097,-0.003442647047350199,0.02766648600022381,0.05312500000000009,6.3,8.075,6.9495000000000005,1.1254999999999988,7.31,1.3804999999999996,-0.02577958439290029,26.3799991607666,0.19043318332185422,33.099998474121094,-0.0676736545930916
1991-01-01,0.08738589651681,0.1872054122294652,0.2733615762660566,0.350597609561753,0.0885377920837278,0.0864418618040729,0.0020959302796548,0.0513387677413546,0.1313700077749346,-0.08003124003358,0.1017218775442533,0.0737435919906946,0.0279782855535586,0.0879199630820081,0.0867342373134032,0.0011857257686048,0.0052,0.0721,0.0402,-0.0062,-0.0006,-0.0034,0.0521,0.0248,0.0635,-0.0191,-0.019,0.0183,0.006,0.0002,-0.0506,-0.0315,0.0159,-0.0157,-0.0297,0.0008,-0.0006,-0.029,0.0266,0.0058,0.0317,-0.001,0.0199,-0.0198,-0.0471,-0.0025,0.0321,-0.0094,0.023066666666666666,0.05877050280540401,0.005416666666666668,-0.0148,0.02284177459539137,-0.0058916666666666674,-0.014866666666666667,0.01621194004430068,-0.013191666666666666,0.021366666666666662,0.0154783289365056,0.009666666666666667,-0.023133333333333336,0.033803313447057226,-0.004575,0.07506142540767573,0.006777414927542448,0.1292719928715901,0.11263073227353848,1.2849313705787542,0.3731739707835326,-0.005976095617529875,0.23018051252990288,0.5298802531958837,-0.009066527102788633,-0.0459204910287123,0.0273563896884618,-0.004559115670344599,0.02766648600022381,0.05312500000000009,6.4,8.091904761904763,6.41047619047619,1.6814285714285724,6.91,1.4090909090909083,-0.02577958439290029,20.90999984741211,-0.20735403667069463,33.099998474121094,-0.0676736545930916
1991-02-01,0.0914168161390135,0.0926457648900897,0.1997797267109186,0.4342629482071713,0.1021873904447052,0.082589804114048,0.0195975863306572,0.0912432870645913,0.0916285534500056,-0.0003852663854142,0.0853115117132092,0.0972267026087304,-0.0119151908955212,0.0931765445949593,0.0892696245368042,0.003906920058155,0.0048,0.0267,0.0381,-0.013,-0.0052,-0.0099,0.0769,0.0469,0.0248,0.0635,-0.1013,0.0183,0.0387,0.006,0.0002,-0.0379,0.0159,-0.0148,-0.0157,-0.0297,0.0156,-0.029,0.0134,0.0266,0.0058,-0.0048,0.0199,-0.0407,-0.0198,-0.0471,0.0299,-0.0094,0.045066666666666665,0.06457449702991627,0.005416666666666668,0.014966666666666665,0.03413570955270546,-0.0058916666666666674,-0.020066666666666667,0.016655499592226782,-0.013191666666666666,0.015266666666666666,0.014564431560025492,0.009666666666666667,-0.035866666666666665,0.03508553358104543,-0.004575,0.07435021853001554,0.03951162112045108,0.12059386940710681,0.11569557913868361,-0.5051117177289188,0.38047808764940233,0.08366533864541831,0.21727432818761497,-0.269174075450613,0.006870211762961033,-0.03544858110673177,0.016279395621607236,0.0051970263423384,0.02766648600022381,0.05312500000000009,6.6,7.854736842105264,6.116315789473684,1.7384210526315798,6.25,1.2389473684210532,-0.02577958439290029,21.229999542236328,0.015303667965536727,33.099998474121094,-0.0676736545930916
1991-03-01,0.0523145108451598,0.0958049479938769,0.2292325763751697,0.3525896414342629,0.0462350545978895,0.0572969223560806,-0.011061867758191,0.0480170609386158,0.0575581882540621,-0.0095411273154462,0.0529041696559583,0.0517533839123031,0.0011507857436551,0.0436169374654382,0.0629271462534439,-0.0193102087880057,0.0044,-0.0029,0.0035,0.0149,0.0067,0.0081,0.0311,0.0721,0.0469,0.0248,-0.0611,0.0183,0.0402,0.0387,0.006,-0.0372,0.0159,-0.0062,-0.0148,-0.0157,0.0059,-0.029,-0.0006,0.0134,0.0266,0.0003,0.0199,-0.0034,-0.0407,-0.0198,0.0362,-0.0094,0.04793333333333333,0.051866999784705756,0.005416666666666668,0.028300000000000002,0.03766365622188053,-0.0058916666666666674,-0.012233333333333332,0.012864641464106175,-0.013191666666666666,0.013133333333333332,0.01365864805413283,0.009666666666666667,-0.0213,0.0303292213330093,-0.004575,0.07703907450032776,0.05964806569107395,0.12521870837114393,0.11454342629566833,0.03409959545949115,0.37915006640106247,-0.0816733067729084,0.23412462645071497,0.14742661905263987,0.003543882950706999,-0.029985877911480135,0.005737960133897502,-0.004739187653748634,0.02766648600022381,0.04821150855365497,6.8,8.11,6.093500000000001,2.016499999999999,6.12,1.161999999999999,-0.0361869587651098,16.8799991607666,-0.2048987506012685,33.099998474121094,-0.0676736545930916
1991-04-01,0.0132717925573727,0.0764406391485474,0.1712555236976651,0.2768924302788844,0.026258242819448,0.0026287618914613,0.0236294809279867,0.0139192096155671,0.0124818249542546,0.0014373846613124,0.0109587204887697,0.0154729417839464,-0.0045142212951766,0.0169656729694678,0.0087645806783942,0.0082010922910735,0.0053,0.0366,0.0014,-0.0052,0.0207,-0.0236,0.0024,0.0267,0.0721,0.0469,-0.0191,-0.0336,0.0381,0.0402,0.0387,-0.0506,-0.0035,-0.013,-0.0062,-0.0148,0.0008,-0.0257,-0.0052,-0.0006,0.0134,0.0317,0.0178,-0.0099,-0.0034,-0.0407,-0.0025,-0.01,0.04856666666666667,0.03294239922450499,0.006116666666666669,0.039,0.03544934414061846,-0.0040416666666666665,-0.011333333333333334,0.010257095105340494,-0.011858333333333334,0.0025333333333333336,0.014806991591812292,0.007574999999999999,-0.018,0.01920850506069294,-0.004616666666666667,0.052334373180515335,0.06369789929409554,0.08829711734417134,0.10878455510788071,-0.20212222072879904,0.35458167330677287,-0.07569721115537853,0.20008927559458445,-0.2529180345755806,0.010721733166817633,-0.002829669679849333,-0.005092875482347564,-0.002400732146259067,0.027992150372447844,0.04809930178432875,6.7,8.039090909090909,5.825454545454545,2.213636363636364,5.91,1.084090909090909,-0.031105501802648705,18.239999771118164,0.0805687605431018,33.099998474121094,-0.0676736545930916
1991-05-01,0.0492081331303491,0.0843392117622113,0.1775117763582581,0.348605577689243,0.0459394055041742,0.0518473280285199,-0.0059079225243456,0.0387572640972922,0.0619391917706183,-0.0231819276733261,0.0570398288553088,0.041873687927609,0.0151661409276998,0.047295739392347,0.0515377764111879,-0.0042420370188409,0.0047,-0.0494,0.003,0.0108,0.0175,0.0068,0.0413,-0.0029,0.0267,0.0721,0.0635,0.0844,0.0035,0.0381,0.0402,0.0002,-0.0241,0.0149,-0.013,-0.0062,-0.0297,-0.0389,0.0067,-0.0052,-0.0006,0.0058,0.0168,0.0081,-0.0099,-0.0034,-0.0471,-0.0163,0.031966666666666664,0.027804346183046044,0.008675,0.02726666666666667,0.019688312946178683,-0.0034583333333333337,-0.0014333333333333327,0.014722058280009623,-0.008475,0.0003000000000000002,0.011221125909046142,0.0066500000000000005,-0.001733333333333334,0.021547528860637353,-0.003108333333333334,0.0382648121776272,0.05630751535382137,0.08552826630154521,0.103061067854326,0.10332949464635655,0.3260292164674634,0.07171314741035861,0.19266662547703098,0.03653168391600481,0.002219896881816699,-0.010428556775819968,0.003934235125392769,-0.005117051171924367,0.027992150372447844,0.05034856700232382,6.9,8.067727272727273,5.633636363636364,2.4340909090909095,5.78,1.007727272727271,-0.02494978108064083,15.930000305175781,-0.12664470915181225,33.099998474121094,-0.0676736545930916
1991-06-01,-0.0337732859496515,0.0834823077915436,0.1587425233966777,0.1274900398406374,-0.0266181159469493,-0.0395504232110925,0.0129323072641431,-0.0371837193335883,-0.0296187580092193,-0.007564961324369,-0.035224041225309,-0.0324146421200675,-0.0028093991052415,-0.0363400040831623,-0.030646556587011,-0.0056934474961513,0.0042,0.0424,-0.01,-0.013,0.016,-0.0144,-0.0452,0.0366,-0.0029,0.0267,0.0248,-0.0109,0.0014,0.0035,0.0381,0.006,0.0131,-0.0052,0.0149,-0.013,-0.0157,-0.02,0.0207,0.0067,-0.0052,0.0266,-0.0099,-0.0236,0.0081,-0.0099,-0.0198,-0.0039,0.02013333333333333,0.024997253182433208,0.004691666666666668,0.014333333333333335,0.019437841100972793,-0.0013333333333333337,-0.0010999999999999994,0.011448609813713916,-0.005666666666666667,0.0074,0.012292057055947414,0.006974999999999999,-0.008466666666666667,0.01703871082760272,-0.0037166666666666667,0.0095688799126901,0.043303977206508935,0.08142071956743412,0.10331971396928902,-0.010160208434051854,0.2509960159362549,-0.2211155378486056,0.16916994115086695,-0.10573525512865078,0.010217955222594733,-0.009769834778794234,0.002614173509093902,-0.0005781307413062336,0.027992150372447844,0.046959199384141614,6.9,8.284,5.7509999999999994,2.5330000000000013,5.9,0.9550000000000001,-0.02037136646180182,19.549999237060547,0.2272441219419563,33.099998474121094,-0.0676736545930916
1991-07-01,0.0449388280736103,0.0825064254492821,0.194931114712108,0.3645418326693227,0.0428183509126618,0.0466539198949657,-0.0038355689823039,0.0489969128623654,0.040003319546746,0.0089935933156194,0.049747483572963,0.0404330800072877,0.0093144035656753,0.0455095911056062,0.0442446568184802,0.0012649342871259,0.0049,0.0232,0.0142,-0.0079,0.0085,-0.0032,0.0473,-0.0494,0.0366,-0.0029,0.0469,-0.019,0.003,0.0014,0.0035,0.0387,-0.0315,0.0108,-0.0052,0.0149,-0.0148,-0.0006,0.0175,0.0207,0.0067,0.0134,-0.001,0.0068,-0.0236,0.0081,-0.0407,0.0321,-0.005233333333333337,0.04262058970341291,0.0014833333333333341,0.0026333333333333334,0.019942659468252154,-0.0021750000000000003,0.006833333333333334,0.012343378791886763,-0.0031,0.014966666666666668,0.01026854420061578,0.009258333333333334,-0.002900000000000001,0.018866133679161706,-0.0028250000000000007,0.020124558418102633,0.03622946579930898,0.08344264833434567,0.0858698828392585,-0.011689690523389529,0.28021248339973437,0.23705179282868533,0.17706180482234793,0.22797036698855755,0.0010629385858311987,-0.0072510985606919,0.007223715129377869,-0.002890183409288767,0.03172357773316414,0.04367816091954024,6.8,8.272727272727273,5.750909090909091,2.5218181818181824,5.82,0.8959090909090914,-0.015908264836979713,15.180000305175781,-0.22352936585289707,33.099998474121094,-0.0676736545930916
1991-08-01,0.038332653458055,0.0821158033100447,0.1743962928892975,0.3266932270916334,0.0397848445990039,0.0371666605711616,0.0026181840278422,0.0227199450981721,0.0571515429989852,-0.034431597900813,0.0431589247794957,0.0337723970913393,0.0093865276881563,0.03502503297804,0.0423195174295016,-0.0072944844514616,0.0046,-0.0159,0.0158,-0.0123,-0.0177,-0.0004,0.0278,0.0424,-0.0494,0.0366,0.0721,-0.1013,-0.01,0.003,0.0014,0.0402,-0.0379,-0.013,0.0108,-0.0052,-0.0062,0.0156,0.016,0.0175,0.0207,-0.0006,-0.0048,-0.0144,0.0068,-0.0236,-0.0034,0.0299,0.009866666666666662,0.04212445449696253,0.006600000000000002,-0.0018666666666666669,0.021086109171679836,-0.0003833333333333339,-0.0024666666666666656,0.011994290308309197,-0.0041333333333333335,0.01806666666666667,0.010554888283002651,0.010674999999999999,-0.010400000000000001,0.012368616198535156,-0.0067,0.016499398527337932,0.02738210535248256,0.08270151218362348,0.08411488924258433,-0.0047344450703118435,0.2729083665338645,-0.03784860557768932,0.1760233103326944,-0.1053439921745597,0.003904974103227132,-0.011000988636520867,0.005297177382863369,-0.003907665886829,0.03172357773316414,0.03799392097264431,6.9,7.9,5.497727272727273,2.4022727272727273,5.66,0.8940909090909077,-0.01934469200524247,14.460000038146973,-0.04743084667681574,33.099998474121094,-0.0676736545930916
1991-09-01,-0.002745219346948,0.0830762206228776,0.180156364964394,0.2250996015936255,-0.0026744307741941,-0.002802573592026,0.0001281428178318,0.0070210032049884,-0.0146042038742994,0.0216252070792878,-0.0066924460079081,0.000955305647702,-0.0076477516556102,-0.0053265909079184,0.0003893032628016,-0.0057158941707201,0.0046,0.0129,0.0085,-0.0043,-0.0165,-0.003,-0.0113,0.0232,0.0424,-0.0494,0.0267,-0.0611,0.0142,-0.01,0.003,0.0381,-0.0372,-0.0079,-0.013,0.0108,-0.013,0.0059,0.0085,0.016,0.0175,-0.0052,0.0003,-0.0032,-0.0144,0.0068,-0.0099,0.0362,0.005399999999999995,0.0342324212796388,0.016975,0.0024,0.016470903638436698,0.003958333333333334,-0.003366666666666666,0.01213402928406993,-0.006091666666666666,0.014,0.009465516362037518,0.011783333333333333,-0.0036000000000000008,0.012377506480170643,-0.009458333333333332,0.026842087394905765,0.01820548365379793,0.08256614979406815,0.08199343468075111,0.011695888904680762,0.3054448871181939,-0.1015936254980079,0.18316125752193316,0.03302863827932878,-0.0003630807122099681,-0.001270932501968601,0.0036843931994071356,-0.003915148111685268,0.03172357773316414,0.03396226415094339,6.9,7.65,5.3735,2.2765000000000004,5.45,0.9064999999999994,-0.011640559598299127,15.850000381469727,0.0961272710688652,33.099998474121094,-0.0676736545930916
1991-10-01,0.0382725890224092,0.1041980078952649,0.2285149595661423,0.3187250996015936,0.0299764960376062,0.0450547964260438,-0.0150783003884375,0.0296576069172923,0.0488105582045612,-0.0191529512872688,0.0458742537135121,0.0312012730306857,0.0146729806828264,0.0371829832217002,0.0396054104036336,-0.0024224271819333,0.0042,-0.042,-0.0088,-0.0177,0.011,-0.0012,0.0171,-0.0159,0.0232,0.0424,-0.0029,-0.0191,0.0158,0.0142,-0.01,0.0035,-0.0506,-0.0123,-0.0079,-0.013,0.0149,0.0008,-0.0177,0.0085,0.016,0.0067,0.0317,-0.0004,-0.0032,-0.0144,0.0081,-0.0025,0.016566666666666664,0.035169513312905916,0.02074166666666667,0.006666666666666667,0.009431383779700653,0.008374999999999999,-0.011066666666666667,0.0120125628683752,-0.007608333333333332,0.002266666666666667,0.013969168431466015,0.010283333333333334,-0.006000000000000001,0.01239156971493118,-0.012508333333333335,0.024620007711172065,0.022372283064637354,0.0897966772760624,0.08661966280520404,0.2542458854534213,0.2901726427622842,0.09362549800796813,0.1943558724732779,0.2684256790555575,-0.004110657847587834,-0.010653114036264668,0.005470585571790836,-0.005144268601371667,0.043267036186288355,0.028485757121439192,7.0,7.527272727272727,5.1440909090909095,2.383181818181818,5.21,0.941304347826085,-0.006375380485583504,15.479999542236328,-0.023343900967091935,33.099998474121094,-0.0676736545930916
1991-11-01,-0.0339303413708827,0.0854197945475061,0.17630398756745,0.149402390438247,-0.0247986855752169,-0.0414622910417604,0.0166636054665434,-0.0307006185612772,-0.0378460230073071,0.0071454044460299,-0.0427854247597362,-0.0256244104402527,-0.0171610143194835,-0.0305560567061678,-0.0380879421184779,0.0075318854123101,0.0039,0.1086,-0.0241,-0.0423,0.0367,-0.0314,-0.0381,0.0129,-0.0159,0.0232,0.0366,0.0635,0.0085,0.0158,0.0142,0.0014,0.0002,-0.0043,-0.0123,-0.0079,-0.0052,-0.0297,-0.0165,-0.0177,0.0085,0.0207,0.0058,-0.003,-0.0004,-0.0032,-0.0236,-0.0471,0.006733333333333327,0.034990855948376,0.023408333333333333,0.012833333333333334,0.009529830358755986,0.0133,-0.008166666666666668,0.008663351930209612,-0.008033333333333332,-0.008566666666666667,0.017396292708505453,0.006266666666666667,-0.0022000000000000006,0.010879522048325449,-0.01255,0.0005323427681928339,0.008515870647765383,0.09089800768854954,0.0867997599360865,-0.18021662531815197,0.23107569721115537,-0.16932270916334663,0.19499177069932874,-0.22847944877578197,0.0005711492986458984,0.0032058867460162993,-0.003378595097422431,-0.00020214531344776797,0.043267036186288355,0.030665669409125185,7.0,7.417368421052632,4.689473684210526,2.7278947368421056,4.81,0.9734999999999996,0.004829362003084814,20.260000228881836,0.30878558320389726,33.099998474121094,-0.0676736545930916
1991-12-01,0.1209518660411737,0.103895242551332,0.2353428285995015,0.4541832669322709,0.1124111119795797,0.1280072715703165,-0.0155961595907367,0.10109685506311,0.1449868793304086,-0.0438900242672986,0.1308599298770411,0.1116535292105904,0.0192064006664507,0.1220074480578066,0.1196534067463775,0.002354041311429,0.0038,-0.0059,0.0919,0.0467,-0.0117,0.0325,0.1124,-0.042,0.0129,-0.0159,-0.0494,0.0248,-0.0088,0.0085,0.0158,0.003,0.006,-0.0177,-0.0043,-0.0123,0.0108,-0.0157,0.011,-0.0165,-0.0177,0.0175,0.0266,-0.0012,-0.003,-0.0004,0.0068,-0.0198,-0.015000000000000006,0.03693599870045481,0.014616666666666667,0.0051666666666666675,0.01117218271720738,0.012549999999999999,-0.011433333333333332,0.0100255673156186,-0.007033333333333333,-0.007733333333333334,0.01601332778240259,0.0067,-0.0015333333333333338,0.00685439032056581,-0.008725,0.041764704564233396,0.034303395979569586,0.09783768166470101,0.09020191572938457,0.2162900075058225,0.30743691899070386,0.3047808764940239,0.2133872585776979,0.3348695729837905,-0.0046702848375436016,-0.01863252370284583,0.005572789009931202,0.0024878331806019323,0.043267036186288355,0.02980625931445613,7.3,7.088571428571429,4.184285714285714,2.904285714285715,4.43,0.9504761904761914,0.007336733229858172,19.309999465942383,-0.04689046160943133,33.099998474121094,-0.0676736545930916
1992-01-01,0.0287698523936092,0.1218988358598378,0.244422316082613,0.2589641434262948,0.0302344998567405,0.0275686307331993,0.0026658691235412,0.0122163215783641,0.0486340893719032,-0.0364177677935391,0.0404165905596988,0.0177502462826166,0.0226663442770821,0.021434914869648,0.0377133288482635,-0.0162784139786155,0.0034,0.0109,0.013,0.0651,0.0007,0.0225,-0.0025,0.1086,-0.042,0.0129,0.0424,0.0469,-0.0241,-0.0088,0.0085,-0.01,0.0387,-0.0423,-0.0177,-0.0043,-0.013,-0.0148,0.0367,0.011,-0.0165,0.016,0.0134,-0.0314,-0.0012,-0.003,-0.0144,-0.0407,0.026499999999999996,0.05202129051327607,0.021599999999999998,-0.008133333333333333,0.015990955777146883,0.010041666666666666,-0.021433333333333332,0.013560199113582362,-0.00925,0.010400000000000001,0.020693058417417826,0.007541666666666666,-0.011866666666666666,0.012127104628338383,-0.009691666666666666,0.03859712568796673,0.0316085666995694,0.10373795765289197,0.09676731746447718,0.17328602221233247,0.2875166002656042,-0.1952191235059761,0.21868971074985485,0.0385798349460762,0.0012444383331159654,-0.024387462538269265,0.008237243541349769,-0.0021308290849588007,0.05433543136590169,0.02672605790645899,7.3,7.032380952380953,3.9061904761904764,3.126190476190476,4.03,0.9281818181818178,0.005334053046102349,17.399999618530273,-0.09891247541362358,33.099998474121094,-0.0676736545930916
1992-02-01,0.0148985035264581,0.0759821022435718,0.1739522244101755,0.2749003984063745,0.0132469914678809,0.0162433062027281,-0.0029963147348471,0.0120796907772225,0.0182519186936521,-0.0061722279164295,0.0144232267572643,0.015351844444766,-0.0009286176875016,0.0131233889033447,0.0170784688530886,-0.0039550799497439,0.0028,-0.0266,-0.0089,0.0349,-0.0006,0.0182,0.0137,-0.0059,0.1086,-0.042,0.0232,0.0721,0.0919,-0.0241,-0.0088,0.0142,0.0402,0.0467,-0.0423,-0.0177,-0.0079,-0.0062,-0.0117,0.0367,0.011,0.0085,-0.0006,0.0325,-0.0314,-0.0012,-0.0032,-0.0034,0.02023333333333333,0.05188338526606246,0.017200000000000003,0.019666666666666666,0.04010739333339927,0.014475,-0.004433333333333333,0.029248999982905397,-0.004125,0.012000000000000002,0.021189093106281514,0.005450000000000001,-3.333333333333197e-05,0.02027593812050792,-0.0035916666666666666,0.054873407320413674,0.027702875044303247,0.10059206021824722,0.09574503395339835,-0.37667901659915903,0.3293492695883134,0.015936254980079667,0.21790578969743,-0.28831283821326326,-0.005308868400680868,-0.028826673325755735,0.013648042418677071,-0.0059598175389768,0.05433543136590169,0.028189910979228294,7.4,7.337894736842105,3.9499999999999997,3.3878947368421053,4.06,0.9394736842105278,0.01996743776757559,16.68000030517578,-0.04137927178962253,33.099998474121094,-0.0676736545930916
1992-03-01,-0.0176661379852826,0.0786253206409738,0.176774998099608,0.1832669322709163,-0.011524664434098,-0.0225966167517265,0.0110719523176284,-0.0164906045678071,-0.0190848852132703,0.0025942806454632,-0.020178407144384,-0.0153061275630964,-0.0048722795812875,-0.0170784664798191,-0.018375396698773,0.0012969302189539,0.0034,0.0109,-0.0575,0.0436,0.0165,0.024,-0.0232,0.0109,-0.0059,0.1086,-0.0159,0.0267,0.013,0.0919,-0.0241,0.0158,0.0381,0.0651,0.0467,-0.0423,-0.0123,-0.013,0.0007,-0.0117,0.0367,-0.0177,-0.0052,0.0225,0.0325,-0.0314,-0.0004,-0.0099,0.037866666666666667,0.05166521718396882,0.012100000000000001,0.026933333333333333,0.04012264946386268,0.012208333333333335,0.02316666666666667,0.041194061060627014,0.0018166666666666672,0.008566666666666669,0.02092734256102926,0.005558333333333333,0.007866666666666666,0.02235573006337897,-0.0014333333333333333,0.00866740597826157,0.02521605527124748,0.09216875291479447,0.09500321728974774,0.03478738175641394,0.2390438247011952,-0.09163346613545817,0.19838317953079884,0.01622729286161051,0.0035805022354408324,-0.0133319050215018,0.005621815669431003,-0.006312187903135168,0.05433543136590169,0.03189910979228472,7.4,7.542272727272728,4.138636363636364,3.4036363636363642,3.98,0.8999999999999986,0.03461695279325627,16.18000030517578,-0.029976018636213686,33.099998474121094,-0.0676736545930916
1992-04-01,0.0040517810765812,0.0999495061597089,0.1994472091535828,0.2908366533864542,0.0023144913440974,0.0054587410711984,-0.003144249727101,0.0147482226143474,-0.0089499280339793,0.0236981506483267,-0.0030427726273193,0.0107701084476992,-0.0138128810750185,0.0089760657905739,-0.0019337718947374,0.0109098376853113,0.0032,0.003,0.002,0.0111,-0.0091,0.0049,0.0141,-0.0266,0.0109,-0.0059,0.0129,-0.0029,-0.0089,0.013,0.0919,0.0085,0.0035,0.0349,0.0651,0.0467,-0.0043,0.0149,-0.0006,0.0007,-0.0117,-0.0165,0.0067,0.0182,0.0225,0.0325,-0.003,0.0081,-0.007200000000000004,0.05296567756575951,0.007658333333333334,0.032,0.04140022544222032,0.008291666666666668,0.0489,0.041536377630538114,0.005808333333333335,-0.003866666666666667,0.019046539493216785,0.005941666666666667,0.024399999999999995,0.023041325193370852,0.0009083333333333335,0.00042804887258557096,0.019512587280276147,0.08485230968141817,0.09429513366715507,0.27121270024586064,0.249667994687915,0.10756972111553789,0.18339147722112212,0.12825462479258287,0.0016437959518934323,0.006706734459120133,-0.006537926114602529,0.0027505626515070985,0.05613003850910947,0.031828275351591495,7.4,7.480476190476191,3.8390476190476193,3.6414285714285715,3.73,0.8809523809523832,0.03972638518327498,15.529999732971191,-0.04017308775925443,33.099998474121094,-0.0676736545930916
1992-05-01,0.0145858209318206,0.0746504805130354,0.1617103906404922,0.2888446215139442,0.0100476992981339,0.0182930188860998,-0.0082453195879659,0.0158568858931726,0.0130298620998208,0.0028270237933518,0.0190370122774161,0.0104023704190429,0.0086346418583731,0.0167300267261817,0.0119610172869993,0.0047690094391823,0.0028,-0.0233,-0.0276,0.0324,-0.0006,0.0095,0.0058,0.0109,-0.0266,0.0109,-0.042,0.0366,-0.0575,-0.0089,0.013,-0.0088,0.0014,0.0436,0.0349,0.0651,-0.0177,-0.0052,0.0165,-0.0006,0.0007,0.011,0.0207,0.024,0.0182,0.0225,-0.0012,-0.0236,-0.0016000000000000042,0.05294742360744918,0.008808333333333333,-0.0178,0.050305254861362815,0.0032083333333333326,0.04786666666666667,0.04197801408674149,0.0082,0.005533333333333334,0.016833023099451467,0.006758333333333334,0.021566666666666665,0.023501546048434057,0.0022333333333333337,0.0003238213410397377,0.0275986143307267,0.0844084357712394,0.09250024799474328,-0.2531180654984758,0.2543160690571049,-0.001992031872510014,0.17931086596456103,-0.1892070521981165,-0.00010587233247950102,0.009706485029047232,-0.0033501729326442958,0.005658592447815833,0.05613003850910947,0.030235988200590036,7.6,7.392,3.719,3.6730000000000005,3.82,0.8499999999999996,0.03341941886534139,13.859999656677246,-0.10753381229932846,33.099998474121094,-0.0676736545930916
1992-06-01,-0.0269641746107589,0.0821506210089162,0.1740276098586871,0.1752988047808765,-0.028089510592281,-0.0260513146537199,-0.002038195938561,-0.0149305879506454,-0.0415690404717513,0.0266384525211059,-0.0232684551109469,-0.0304116741441656,0.0071432190332186,-0.033313949919977,-0.019257609705554,-0.014056340214423,0.0032,0.0378,-0.0065,-0.0051,0.0124,-0.0097,-0.0201,0.003,0.0109,-0.0266,0.1086,-0.0494,0.002,-0.0575,-0.0089,-0.0241,0.003,0.0111,0.0436,0.0349,-0.0423,0.0108,-0.0091,0.0165,-0.0006,0.0367,0.0175,0.0049,0.024,0.0182,-0.0314,0.0068,-0.004233333333333338,0.047087468255010985,0.006008333333333333,-0.021466666666666665,0.050080042598490936,0.003258333333333333,0.029866666666666666,0.03803043079780542,0.009558333333333334,0.002266666666666667,0.01824087899928802,0.004275,0.0157,0.023007078620865064,0.004608333333333333,-0.002775524200785695,0.0029459408887379333,0.08558353589388684,0.08887614440434065,0.10047009000258389,0.25166002656042497,-0.11354581673306768,0.17839506988425402,0.07616838453861652,-0.0044759217512093,0.0177212089875948,0.0006549932721910704,0.0005408356366901993,0.05613003850910947,0.030147058823529305,7.8,7.261818181818182,3.745,3.5168181818181816,3.76,0.826818181818183,0.02563756841098086,13.350000381469727,-0.03679648541418401,33.099998474121094,-0.0676736545930916
1992-07-01,0.0533741587723397,0.1006049232518354,0.177648686475716,0.3884462151394422,0.0581313976254811,0.0495618509242744,0.0085695467012066,0.0625653593024731,0.0422520337610858,0.0203133255413873,0.0486143636984936,0.0577517805190887,-0.009137416820595,0.0593910772341459,0.0459804877811372,0.0134105894530087,0.0031,-0.0238,-0.0039,-0.0109,0.0366,-0.0164,0.0409,-0.0233,0.003,0.0109,-0.0059,0.0424,-0.0276,0.002,-0.0575,0.0919,-0.01,0.0324,0.0111,0.0436,0.0467,-0.013,-0.0006,-0.0091,0.0165,-0.0117,0.016,0.0095,0.0049,0.024,0.0325,-0.0144,-0.0031333333333333387,0.016563292748323525,0.008183333333333332,-0.027700000000000002,0.050473943773000345,0.0007083333333333334,0.02903333333333333,0.017890966062979026,0.011358333333333333,0.0022666666666666664,0.009892623514518277,0.002766666666666667,0.012799999999999997,0.010082063280896414,0.0048333333333333344,0.013665268364467137,0.00704665861852635,0.08580200825792901,0.08532715896967358,0.2246398385827939,0.2841965471447543,0.21314741035856571,0.17112889565829845,0.02080748347902528,-0.0005713229417734338,0.016592933951948333,0.0022134813569989037,0.0013744195592559991,0.058122407623538486,0.031571218795888534,7.7,6.844545454545455,3.2795454545454548,3.565,3.25,0.7699999999999996,0.03218992232364881,13.170000076293945,-0.013483168541749913,33.099998474121094,-0.0676736545930916
1992-08-01,-0.0224225216378472,0.0693275418171643,0.1677964377691919,0.1673306772908366,-0.0138138646266517,-0.029321239927641,0.0155073753009893,-0.0177861662410133,-0.0280329012777135,0.0102467350367001,-0.0224725421830568,-0.0223765173407932,-9.602484226355762e-05,-0.0219843205907843,-0.0229609890261873,0.000976668435403,0.0026,0.0119,0.0047,-0.0019,0.0161,-0.0068,-0.0212,0.0378,-0.0233,0.003,0.0109,0.0232,-0.0065,-0.0276,0.002,0.013,0.0142,-0.0051,0.0324,0.0111,0.0651,-0.0079,0.0124,-0.0006,-0.0091,0.0007,0.0085,-0.0097,0.0095,0.0049,0.0225,-0.0032,0.005833333333333328,0.02407915419334049,0.0078000000000000005,-0.0107,0.025076263677031335,0.001,0.012799999999999999,0.02463856056401565,0.012016666666666667,0.0008999999999999998,0.009465181808431712,0.002466666666666667,0.0015666666666666641,0.012799322898757824,0.0052250000000000005,0.0013291541745778697,0.0008264877578088003,0.08402769535930531,0.08421806556527234,-0.31089314939764123,0.2436918990703851,-0.22111553784860563,0.17315757803453166,-0.05545917001683476,0.0073462420212116325,0.019066171033064433,-0.0006967408765466496,0.00011030589132956577,0.058122407623538486,0.030746705710102518,7.6,6.585714285714286,3.1990476190476196,3.3866666666666667,3.3,0.7028571428571446,0.026429698460063156,13.579999923706055,0.031131347383217545,33.099998474121094,-0.0676736545930916
1992-09-01,0.0293532715233523,0.0806887744967953,0.17261835022941,0.3366533864541832,0.0175813025165959,0.0387869727136981,-0.0212056701971021,0.0221945194065275,0.0380159631605183,-0.0158214437539908,0.0326839374141305,0.0262900313610307,0.0063939060530997,0.0236110483040029,0.0364093932759425,-0.0127983449719396,0.0026,0.0102,0.0209,-0.0198,0.0119,-0.0091,0.0145,-0.0238,0.0378,-0.0233,-0.0266,-0.0159,-0.0039,-0.0065,-0.0276,-0.0089,0.0158,-0.0109,-0.0051,0.0324,0.0349,-0.0123,0.0366,0.0124,-0.0006,-0.0006,-0.0177,-0.0164,-0.0097,0.0095,0.0182,-0.0004,-0.0031000000000000055,0.02566270965168462,0.0038833333333333337,-0.012666666666666666,0.022185821297997236,-0.0005083333333333334,0.005466666666666666,0.02264549992088201,0.011766666666666667,0.016133333333333333,0.016378400410296482,0.004808333333333334,-0.005533333333333337,0.01568125207586009,0.004124999999999999,0.020101636219281602,0.00866305600924795,0.08354041318859835,0.08456197454124259,0.16387762182010834,0.297476759628154,0.1693227091633466,0.17268782482477263,0.02873667954054393,0.0009570839350312652,0.0049128722746988665,-0.0009465118699196158,0.0005296376388240331,0.058122407623538486,0.029927007299270114,7.6,6.415238095238095,2.968571428571429,3.4466666666666663,3.22,0.6961904761904743,0.021710235537090616,14.279999732971191,0.05154637799689343,33.099998474121094,-0.0676736545930916
1992-10-01,0.0359821857484724,0.0989610447944231,0.2178227715481597,0.350597609561753,0.0324582583659947,0.0388061549522388,-0.0063478965862441,0.0219309497024594,0.0529853621402866,-0.0310544124378272,0.0475879639727196,0.0253082583305517,0.0222797056421678,0.028885046873522,0.044703246230403,-0.015818199356881,0.0023,0.0414,0.0388,-0.0152,-0.0054,-0.0158,0.0125,0.0119,-0.0238,0.0378,0.0109,0.0129,0.0047,-0.0039,-0.0065,-0.0575,0.0085,-0.0019,-0.0109,-0.0051,0.0436,-0.0043,0.0161,0.0366,0.0124,0.0165,-0.0165,-0.0068,-0.0164,-0.0097,0.024,-0.003,0.008633333333333328,0.023504106024267342,0.0062,-0.0018999999999999998,0.023821502891295525,-0.0014333333333333336,-0.005966666666666666,0.022019324845840915,0.012633333333333335,0.0217,0.015788276241143828,0.007625,-0.010966666666666668,0.014795325838475688,0.0035916666666666666,0.014304311877992503,0.01398479012122982,0.08299245370279425,0.08439723098036161,0.22645368468638116,0.2848605577689242,0.01394422310756982,0.18607918651558722,0.26187494700692593,-0.004015397160785635,-0.012209707051705968,0.00952586228433465,-0.009213291964472533,0.06644749654404003,0.03279883381924198,7.3,6.589047619047619,2.932857142857143,3.6561904761904764,3.1,0.8495454545454546,0.02917078740220802,16.149999618530273,0.1309523753870545,33.099998474121094,-0.0676736545930916
1992-11-01,0.0528390958542768,0.0939355999319151,0.1946791971036115,0.3804780876494024,0.0446828170751606,0.0593752918621987,-0.014692474787038,0.0399682447386119,0.0684139072883587,-0.0284456625497468,0.0547668673709536,0.0510661089119317,0.0037007584590218,0.0516378353795889,0.0543152210138509,-0.0026773856342619,0.0023,0.0153,0.0165,0.0264,-0.0052,0.0083,0.0437,0.0102,0.0119,-0.0238,0.003,-0.042,0.0209,0.0047,-0.0039,0.002,-0.0088,-0.0198,-0.0019,-0.0109,0.0111,-0.0177,0.0119,0.0161,0.0366,-0.0091,0.011,-0.0091,-0.0068,-0.0164,0.0049,-0.0012,-0.0005666666666666714,0.023457251899288354,0.005975000000000001,0.007233333333333332,0.01590027253435197,-0.00040000000000000045,-0.010866666666666669,0.018481522303821912,0.011341666666666667,0.021533333333333335,0.015636037434934295,0.009991666666666668,-0.01076666666666667,0.009791833331914898,0.0030833333333333338,0.0393915177087005,0.020360335941639184,0.0911951397410445,0.08761141755017492,-0.05078205139151082,0.35590969455511284,0.029880478087649376,0.19504010629372706,-0.1062495637166716,-0.014082013856794735,-0.025107172913854933,0.010791456718096436,-0.010431309987694167,0.06644749654404003,0.031204644412191396,7.4,6.873157894736842,3.2057894736842103,3.6673684210526316,3.09,0.8644999999999996,0.034710914183461616,13.010000228881836,-0.1944272113818286,33.099998474121094,-0.0676736545930916
1992-12-01,0.031451640614736,0.0763828216961881,0.1600908082925109,0.3525896414342629,0.0328185999172296,0.0303562006257513,0.0024623992914782,0.0332559124443994,0.0292683200813617,0.0039875923630376,0.0295005428609869,0.0332460808846074,-0.0037455380236204,0.0293849709620634,0.0339911923065794,-0.0046062213445159,0.0028,0.0093,0.0194,0.059,-0.019,0.0294,0.0181,0.0414,0.0102,0.0119,-0.0233,0.1086,0.0388,0.0209,0.0047,-0.0276,-0.0241,-0.0152,-0.0198,-0.0019,0.0324,-0.0423,-0.0054,0.0119,0.0161,-0.0006,0.0367,-0.0158,-0.0091,-0.0068,0.0095,-0.0314,0.021166666666666663,0.028313153598048153,0.012925,0.021466666666666665,0.023097185975785035,0.0035666666666666663,-0.0123,0.0187148514999897,0.01155,0.007533333333333334,0.01472068838970062,0.008624999999999999,-0.010566666666666669,0.009414616295951713,0.0018666666666666666,0.04009097407249507,0.030096305145888336,0.0897598221408421,0.08665011766472021,-0.1868597022688877,0.36122177954847273,-0.027888446215139473,0.19086425898142736,-0.17766864321251585,-0.0061926573606013,-0.018504160874845466,0.007411642025856403,-0.007700602111886268,0.06644749654404003,0.02966714905933454,7.4,6.77,3.291363636363636,3.4786363636363635,2.92,0.833181818181818,0.04152288897664813,12.569999694824219,-0.033820178809899515,33.099998474121094,-0.0676736545930916
1993-01-01,0.0282050526032692,0.0869390216286794,0.1900791200223408,0.3326693227091633,0.0222660474953666,0.0329643923130268,-0.0106983448176602,0.0313802105576412,0.0243628446584829,0.0070173658991582,0.0276168480555911,0.028746029048579,-0.0011291809929879,0.0242421677575811,0.0330746992356825,-0.0088325314781013,0.0023,0.0012,-0.0337,0.0648,-0.0047,0.0415,0.0116,0.0153,0.0414,0.0102,0.0378,-0.0059,0.0165,0.0388,0.0209,-0.0065,0.0919,0.0264,-0.0152,-0.0198,-0.0051,0.0467,-0.0052,-0.0054,0.0119,0.0124,-0.0117,0.0083,-0.0158,-0.0091,-0.0097,0.0325,0.022299999999999997,0.023467736718027734,0.005150000000000001,0.025399999999999995,0.01712118570660341,0.0069500000000000004,-0.002866666666666668,0.01644036698698258,0.017275,0.0004333333333333336,0.01559174995523808,0.0051333333333333335,-0.0055333333333333345,0.008969448143559312,0.005175,0.03749859635742734,0.02590145411770992,0.0857524810855942,0.08437246739419423,0.13820123030383047,0.35524568393094286,-0.01992031872509964,0.18161637513948772,0.18732063414307065,-0.007642806771073335,-0.005813568095850333,-0.00039132018586216324,-0.005372046152293034,0.05757522038779195,0.03253796095444694,7.3,6.6000000000000005,3.0710526315789473,3.5289473684210533,3.02,0.7610000000000001,0.051026982701394274,12.420000076293945,-0.011933144166426435,33.099998474121094,-0.0676736545930916
1993-02-01,0.0035559397535784,0.0927959373304117,0.1944788936109239,0.3087649402390438,0.0020043310288476,0.0048099796817854,-0.0028056486529378,0.0125049812435258,-0.0071829100343584,0.0196878912778843,0.0034088989817961,0.0036901943712926,-0.0002812953894964,0.0037252606788794,0.0033464409815958,0.0003788196972836,0.0022,0.0232,0.0009,0.0126,-0.0022,0.0082,0.0034,0.0093,0.0153,0.0414,-0.0238,0.0109,0.0194,0.0165,0.0388,-0.0039,0.013,0.059,0.0264,-0.0152,-0.0109,0.0651,-0.019,-0.0052,-0.0054,0.0366,0.0007,0.0294,0.0083,-0.0158,-0.0164,0.0225,0.021999999999999995,0.020772810755087214,0.006416666666666668,0.024900000000000002,0.014692401664352482,0.0009083333333333339,0.0234,0.030619710427544328,0.0183,-0.009866666666666668,0.019765694186308424,0.004525,0.0072999999999999975,0.017679781295781526,0.004916666666666666,0.021070877657194537,0.03023119768294752,0.08537259355175975,0.08828386664640213,0.06736808848329878,0.3313413014608233,-0.0239043824701195,0.1815496073085919,0.023147064170257137,-0.0036805313930399347,0.01023094984669337,-0.0017186714687015634,-0.004353311041777867,0.05757522038779195,0.032467532467532534,7.1,6.258947368421053,2.9926315789473685,3.2663157894736843,3.03,0.6842105263157894,0.048685284067500945,13.15999984741211,0.05958130165639863,33.099998474121094,-0.0676736545930916
1993-03-01,0.0342329445072594,0.1018498121889221,0.1860243089237465,0.3725099601593625,0.0245870782591662,0.0419758847608308,-0.0173888065016645,0.0336476641148121,0.0349401583147998,-0.0012924941999877,0.0303524353205852,0.0377505283743165,-0.0073980930537312,0.0319517669835454,0.0370317001245891,-0.0050799331410437,0.0025,-0.0305,-0.0081,0.0255,-0.0369,0.0138,0.0257,0.0012,0.0093,0.0153,0.0119,-0.0266,-0.0337,0.0194,0.0165,0.0047,-0.0089,0.0648,0.059,0.0264,-0.0019,0.0349,-0.0047,-0.019,-0.0052,0.0161,-0.0006,0.0415,0.0294,0.0083,-0.0068,0.0182,0.008599999999999995,0.013802523923785354,0.005608333333333334,0.0007333333333333336,0.024533161231280427,-0.0029833333333333326,0.05006666666666667,0.03705187804506901,0.018275,-0.009633333333333332,0.012911196691244386,0.0040750000000000005,0.026399999999999996,0.023057095798618404,0.0065,0.021997978954702336,0.031044476513598703,0.09386159038267107,0.09181070626175658,0.09756757805326033,0.3379814077025232,0.06374501992031872,0.19019410751900376,-0.043473019257769585,-0.010297599990754169,0.008470920992351604,-0.00293618981207183,-0.004511214973953802,0.05757522038779195,0.030194104960460155,7.0,5.975217391304348,3.0143478260869565,2.9608695652173913,3.07,0.562608695652175,0.03891181483807293,12.529999732971191,-0.047872349676721826,33.099998474121094,-0.0676736545930916
1993-04-01,-0.007237666173638,0.1929487165281079,0.2023450590646216,0.2071713147410358,0.0056501279046106,-0.017530602383783,0.0231807302883936,0.0052579991555117,-0.0221914951740961,0.0274494943296078,-0.0172881416112766,0.0018148897170009,-0.0191030313282775,-0.0228714700410734,0.0117554674504363,-0.0346269374915097,0.0024,0.0289,0.0194,-0.0346,-0.0014,-0.0103,-0.0281,0.0232,0.0012,0.0093,0.0102,0.0109,0.0009,-0.0337,0.0194,0.0209,-0.0575,0.0126,0.0648,0.059,-0.0198,0.0436,-0.0022,-0.0047,-0.019,0.0119,0.0165,0.0082,0.0415,0.0294,-0.0091,0.024,0.01123333333333333,0.014082139988889015,0.009758333333333334,-0.0044666666666666665,0.024779238621609575,-0.002166666666666666,0.04546666666666666,0.035879520621100836,0.016416666666666666,-0.008633333333333333,0.009847639311022718,0.003941666666666667,0.026366666666666667,0.021927828589868775,0.005666666666666667,0.010183739362399937,0.023841167859913633,0.12919815534914725,0.10747531821737072,0.8944435181697308,0.29614873837981404,-0.16533864541832669,0.19428275386643068,0.08773450220188783,0.000995425044597099,0.015281630469168134,-0.008927473257168363,-0.0131093503117566,0.052262152083146995,0.031563845050215145,7.1,5.9695238095238095,2.9304761904761905,3.039047619047619,2.96,0.6799999999999979,0.033914177146763924,12.420000076293945,-0.008778903353668488,33.099998474121094,-0.0676736545930916
1993-05-01,0.039978276482767,0.0963832758497107,0.2121055983140199,0.3326693227091633,0.0303971576919631,0.0475289595033344,-0.0171318018113712,0.0219792211348447,0.061170712618224,-0.0391914914833793,0.0520644465803592,0.0290837006201487,0.0229807459602104,0.0340904265495548,0.0471209141066638,-0.0130304875571089,0.0022,0.003,0.0012,0.0264,-0.0091,0.0116,0.0311,-0.0305,0.0232,0.0012,0.0414,0.003,-0.0081,0.0009,-0.0337,0.0388,0.002,0.0255,0.0126,0.0648,-0.0152,0.0111,-0.0369,-0.0022,-0.0047,-0.0054,-0.0091,0.0138,0.0082,0.0415,-0.0158,0.0049,-0.002033333333333337,0.024110032489954615,0.006308333333333333,-0.013633333333333336,0.025162485303853982,0.001950000000000001,0.0343,0.029742612528155625,0.01490833333333333,-0.0146,0.01347451916272587,-0.0005083333333333334,0.021166666666666667,0.019734707159384617,0.004816666666666666,0.022324518272129473,0.021697697964662,0.13039393485558023,0.10788326420367,-0.5004720550412679,0.30411686586985387,0.12549800796812746,0.200158322100796,0.048237101980736385,-0.0037799593415473683,-0.004344830451253064,-0.0011734594739327617,-0.017579119396554103,0.052262152083146995,0.0322118826055835,7.1,6.0355,3.025,3.0105,3.0,0.7845000000000004,0.026622718052738525,13.470000267028809,0.08454107763968532,33.099998474121094,-0.0676736545930916
1993-06-01,0.0154371999494913,0.0951369432944722,0.1784170391632363,0.3027888446215139,0.0148859245269997,0.0158752996229945,-0.0009893750959947,0.0149692942983403,0.0159837137500356,-0.0010144194516952,0.0142618968343717,0.0165049048920999,-0.0022430080577281,0.0080004610725938,0.0243854711184411,-0.0163850100458473,0.0025,-0.0034,0.0096,0.0287,-0.0184,0.0205,0.0055,0.0289,-0.0305,0.0232,0.0153,-0.0233,0.0194,-0.0081,0.0009,0.0165,-0.0276,-0.0346,0.0255,0.0126,0.0264,0.0324,-0.0014,-0.0369,-0.0022,-0.0052,-0.0006,-0.0103,0.0138,0.0082,0.0083,0.0095,0.0071999999999999955,0.02121914230123358,0.008466666666666666,0.004066666666666666,0.020940487100351818,0.0034000000000000002,0.0011666666666666676,0.03590512034051225,0.011099999999999999,-0.013499999999999998,0.013970063230589427,0.00013333333333333326,0.0038999999999999977,0.018122555007503763,0.0035499999999999998,0.016059270086206768,0.019028624520454552,0.1281563118907636,0.11100895113671734,-0.012931004308069927,0.2808764940239043,-0.029880478087649376,0.19762256551395926,-0.15882918422977244,0.0016865177936758987,-0.004252138868488897,0.0005449021914016046,-0.021347478364821967,0.052262152083146995,0.029978586723768963,7.0,5.962727272727273,3.144545454545455,2.818181818181818,3.04,0.7431818181818182,0.028411547715022856,11.260000228881836,-0.1640682995052717,33.099998474121094,-0.0676736545930916
1993-07-01,0.0065353803143018,0.0963472544268976,0.1920329883173017,0.2888446215139442,0.0105115303274343,0.0033963145144604,0.0071152158129739,0.0125207646261282,-0.0005034316364058,0.0130241962625341,0.0026138025906455,0.0101255571035647,-0.0075117545129191,0.0092235739809926,0.0032789505879854,0.0059446233930071,0.0024,0.0372,0.0008,0.0018,-0.0152,0.0004,-0.001,0.003,0.0289,-0.0305,0.0093,0.0378,0.0012,0.0194,-0.0081,0.0194,-0.0065,0.0264,-0.0346,0.0255,0.059,-0.0051,-0.0091,-0.0014,-0.0369,-0.019,0.0124,0.0116,-0.0103,0.0138,0.0294,-0.0097,0.000466666666666663,0.02095373475063575,0.010658333333333334,0.004166666666666667,0.019779459042147764,0.0058000000000000005,0.005766666666666667,0.03590512034051225,0.010599999999999998,-0.015799999999999998,0.013702761278905311,-0.0005750000000000001,0.005033333333333331,0.017922053453775875,0.0037250000000000004,0.020650285582186702,0.015417012472293318,0.0959558245236935,0.11257698993642036,0.012721778633135061,0.3081009296148738,-0.013944223107569709,0.19418520859818597,0.07631529599371922,-0.0036686536981306674,-0.009060571557513462,0.0044086611298544045,-0.0078236247366497,0.048039324823756946,0.028469750889679624,6.9,5.805238095238095,3.110952380952381,2.694285714285714,3.06,0.7585714285714289,0.021777342523886745,11.729999542236328,0.04174061312618327,33.099998474121094,-0.0676736545930916
1993-08-01,0.0609616839196735,0.0987931685574023,0.1865784835291457,0.4243027888446215,0.0670937369904479,0.0560802469357017,0.0110134900547462,0.0503291213396673,0.0735506380144008,-0.0232215166747334,0.0621664999549792,0.0598663966148501,0.002300103340129,0.0674650224129273,0.0530307833181444,0.0144342390947829,0.0025,-0.0012,0.0302,-0.0024,0.0025,-0.0019,0.0397,-0.0034,0.003,0.0289,0.0012,-0.0238,0.0096,0.0012,0.0194,-0.0337,-0.0039,0.0287,0.0264,-0.0346,0.0648,-0.0109,-0.0184,-0.0091,-0.0014,-0.0047,0.0366,0.0205,0.0116,-0.0103,0.0415,-0.0164,0.009499999999999996,0.021175803802138585,0.007225000000000001,0.010066666666666666,0.018182344916612588,0.007141666666666668,0.0068333333333333345,0.032211592116296685,0.013416666666666665,-0.009633333333333332,0.013645426584268691,-0.0031416666666666663,0.007266666666666664,0.016900581844027335,0.006241666666666666,0.027644754727822202,0.024984636499975833,0.09675912209292403,0.11357652847425215,0.025386443496016042,0.3386454183266932,0.13545816733067734,0.18567617033656125,-0.02840399889597811,0.005713110257241799,-0.0037372466212981653,-0.002484886410172729,0.0013312841473142316,0.048039324823756946,0.02840909090909083,6.8,5.677727272727273,3.0904545454545453,2.5872727272727274,3.03,0.7486363636363631,0.02628418293185275,11.850000381469727,0.010230250973268129,33.099998474121094,-0.0676736545930916
1993-09-01,0.0128079660332313,0.0854617026200155,0.1658812680474042,0.2788844621513944,0.0211432198991329,0.0061178280619154,0.0150253918372174,0.0178407772720964,0.006808855036504,0.0110319222355924,0.0104767209018558,0.0149125623323897,-0.0044358414305339,0.0130117917674628,0.0125577409448657,0.0004540508225971,0.0026,0.0141,0.0186,-0.0278,0.0061,0.0056,0.0014,0.0372,-0.0034,0.003,0.0232,0.0119,0.0008,0.0096,0.0012,0.0009,0.0047,0.0018,0.0287,0.0264,0.0126,-0.0019,-0.0152,-0.0184,-0.0091,-0.0022,0.0161,0.0004,0.0205,0.0116,0.0082,-0.0068,0.012266666666666662,0.02505862459646712,0.012308333333333336,0.0038666666666666663,0.009408648503726112,0.007533333333333334,0.01896666666666667,0.024174504476134912,0.014475,-0.014233333333333332,0.01316900401194664,-0.007458333333333334,0.010833333333333328,0.010891586967318692,0.007641666666666667,0.0267683434224022,0.021413806754304484,0.09353404186810514,0.11084517687943436,-0.1349431962964196,0.33067729083665337,-0.14541832669322713,0.1814975799646172,-0.11093034464774365,0.011051365901645833,0.00027820060779770094,-0.0032158308677746623,0.006944304436795698,0.048039324823756946,0.027639971651311157,6.7,5.36,3.0085714285714285,2.351428571428572,3.09,0.6847619047619045,0.02833713227717971,12.989999771118164,0.09620247704220297,33.099998474121094,-0.0676736545930916
1993-10-01,0.1080905762547093,1.573588871793404,0.2242415305089404,0.298804780876494,0.2124817834483831,0.0243028967966289,0.1881788866517541,-0.0013581655531159,0.2385534764896369,-0.2399116420427528,0.2260562358593388,0.001593800222752,0.2244624356365868,0.1847739360011224,0.0139508419318769,0.1708230940692455,0.0022,-0.0186,-0.0131,-0.0078,0.0219,-0.0103,0.0163,-0.0012,0.0372,-0.0034,-0.0305,0.0102,0.0302,0.0008,0.0096,-0.0081,0.0209,-0.0024,0.0018,0.0287,0.0255,-0.0198,0.0025,-0.0152,-0.0184,-0.0369,0.0119,-0.0019,0.0004,0.0205,0.0138,-0.0091,0.010866666666666662,0.0244075125046914,0.011216666666666668,0.013533333333333333,0.013987959107746953,0.009658333333333333,0.009366666666666667,0.024631416253773696,0.014433333333333333,-0.010366666666666665,0.014108070976099698,-0.008591666666666666,0.006333333333333331,0.011500507235190385,0.00805,0.06062007540253803,0.040635180492362366,0.5859479143236072,0.34095186942365036,17.41279571494124,0.3339973439575033,0.019920318725099584,0.19223376069516343,0.35181948600042356,0.07140592284790591,-0.0840337454939646,0.07410889918206064,0.0619037946622085,0.049834578268510565,0.02752293577981657,6.8,5.334,3.092,2.2419999999999995,2.99,0.6423809523809529,0.02892835100274227,11.460000038146973,-0.11778289144954246,33.099998474121094,-0.0676736545930916
1993-11-01,-0.0042168638972987,0.2679804878326439,0.1786623285337057,0.1912350597609561,0.0070807860498122,-0.0135076944459098,0.020588480495722,-0.0106780478422563,0.0034144557227299,-0.0140925035649863,-0.0051647599222981,-0.003353951653851,-0.001810808268447,0.0113924365164256,-0.0231977732003876,0.0345902097168132,0.0025,0.0165,0.0135,0.0025,0.0114,-0.0035,-0.0161,0.0141,-0.0012,0.0372,0.0289,0.0414,0.0186,0.0302,0.0008,0.0194,0.0388,-0.0278,-0.0024,0.0018,-0.0346,-0.0152,0.0061,0.0025,-0.0152,-0.0014,-0.0054,0.0056,-0.0019,0.0004,-0.0103,-0.0158,0.016699999999999996,0.01679404656418459,0.011541666666666667,0.016533333333333334,0.011552142658398955,0.009466666666666667,-0.009466666666666665,0.02641684437374508,0.013766666666666668,-0.0021999999999999975,0.009877128462598165,-0.009075000000000001,0.0013666666666666643,0.010809517411367927,0.009275,0.03889389279688064,0.033269323762351415,0.6423436874153544,0.3695514047541392,-0.8297010784480008,0.2563081009296148,-0.10756972111553789,0.18959504236335012,-0.20325941350733645,0.07459758632823117,-0.0809907411240489,0.0727385953125353,0.06862245153621861,0.049834578268510565,0.027445460942997935,6.6,5.724,3.1795,2.5445,3.02,0.7323809523809519,0.02972500941748568,13.760000228881836,0.20069809625469803,33.099998474121094,-0.0676736545930916
1993-12-01,0.0271939911793983,0.0733456073279465,0.1615298024900966,0.3764940239043824,0.0325425885283614,0.0227602854822316,0.0097823030461298,0.0262372367099917,0.0283151878232343,-0.0020779511132425,0.0279896970440137,0.0264641368346132,0.0015255602094005,0.0277411293016697,0.0265339515398329,0.0012071777618367,0.0023,0.0287,-0.0005,0.011,-0.0154,0.0139,0.0188,-0.0186,0.0141,-0.0012,0.003,0.0153,-0.0131,0.0186,0.0302,0.0012,0.0165,-0.0078,-0.0278,-0.0024,0.0264,0.0264,0.0219,0.0061,0.0025,-0.0091,-0.0052,-0.0103,0.0056,-0.0019,0.0116,0.0083,-0.0019000000000000035,0.018917760614477256,0.006541666666666668,0.011899999999999999,0.015172134545497136,0.005141666666666667,-0.012666666666666665,0.021465297575388988,0.014383333333333333,0.01016666666666667,0.015170190066926215,-0.0068000000000000005,-0.0022000000000000027,0.010809517411367927,0.009733333333333332,0.04368923451226964,0.03522878896733592,0.6383049889846647,0.365919515426385,-0.7263024337288637,0.2888446215139442,0.18525896414342632,0.18814455384424755,-0.09589333232258279,0.07284989006453531,-0.08536069890699387,0.07472572919251344,0.06887349384929847,0.049834578268510565,0.028109627547435068,6.5,5.774090909090909,3.127727272727273,2.6463636363636365,2.96,0.753181818181818,0.03407732938414032,11.65999984741211,-0.15261630425426065,33.099998474121094,-0.0676736545930916
1994-01-01,0.0305037680769409,0.0877896336827493,0.1908251991999597,0.3366533864541832,0.0221427548560975,0.0374439555216932,-0.0153012006655957,0.0175076899743402,0.0457162315923882,-0.0282085416180479,0.035064552828663,0.0263178423459082,0.0087467104827547,0.0219976423342048,0.0407513053890559,-0.018753663054851,0.0025,-0.0255,0.0262,-0.0152,0.0208,-0.0094,0.0312,0.0165,-0.0186,0.0141,-0.0034,0.0093,0.0135,-0.0131,0.0186,0.0096,0.0194,0.0025,-0.0078,-0.0278,0.0287,0.059,0.0114,0.0219,0.0061,-0.0184,-0.019,-0.0035,-0.0103,0.0056,0.0205,0.0294,0.003999999999999997,0.019402748946133044,0.006641666666666668,0.006333333333333332,0.014917327732092889,0.0048916666666666666,-0.011033333333333332,0.01826720193862944,0.012391666666666664,0.013133333333333335,0.015563729201790517,-0.005416666666666667,-0.002733333333333336,0.010528817597432284,0.008749999999999999,0.017826965119680172,0.0392235202611091,0.1430385762811133,0.3644932453023602,0.19693103487738473,0.3014608233731739,-0.03984063745019922,0.17700577674125398,0.18136217749451644,0.005023194292085367,-0.014792998765425567,0.0028204874745694094,0.005681241474599635,0.057388417107526735,0.02450980392156854,6.6,5.750500000000001,3.0445,2.7060000000000004,3.05,0.7247619047619063,0.033086266095749384,10.630000114440918,-0.08833617036451302,33.099998474121094,-0.0676736545930916
1994-02-01,-0.0082457413441111,0.0731230633230803,0.1704973713162731,0.199203187250996,-0.0094008888601944,-0.007279343422159,-0.0021215454380353,-0.0184947815787714,0.0038306471494422,-0.0223254287282136,-0.0021705904598401,-0.0137836339869159,0.0116130435270757,-0.0097201752044943,-0.0064578451669534,-0.0032623300375409,0.0021,-0.0479,-0.0103,0.0167,0.0065,0.0139,-0.0234,0.0287,0.0165,-0.0186,0.0372,0.0012,-0.0005,0.0135,-0.0131,0.0008,-0.0337,0.011,0.0025,-0.0078,0.0018,0.0648,-0.0154,0.0114,0.0219,-0.0152,-0.0047,0.0139,-0.0035,-0.0103,0.0004,0.0415,0.008866666666666663,0.020226261806539216,0.008258333333333335,-3.3333333333333565e-05,0.015520148195168787,0.0032333333333333333,0.0019000000000000013,0.013296979606913258,0.008391666666666665,0.005966666666666669,0.014832048633505315,-0.005116666666666668,3.333333333333082e-05,0.008291441370473513,0.007458333333333334,0.016484005970742704,0.027688949383811667,0.0780861014445921,0.36021489442997323,-0.16706494542021288,0.30411686586985387,-0.13745019920318718,0.17428412433544313,-0.10652590941296858,-0.0025468143525003996,-0.017537307153167998,0.007295104739743642,-0.006936271776851732,0.057388417107526735,0.02515723270440251,6.6,5.9731578947368416,3.3305263157894736,2.642631578947368,3.25,0.6884210526315782,0.028734118125557373,14.869999885559082,0.3988710936473179,33.099998474121094,-0.0676736545930916
1994-03-01,-0.0428161227253534,0.0795321046371769,0.1507745705807643,0.1175298804780876,-0.0442459952747886,-0.0415918527647258,-0.0026541425100627,-0.0496862626137621,-0.0347922188862195,-0.0148940437275426,-0.0414468627388578,-0.0440567274111044,0.0026098646722465,-0.051231002683694,-0.0325604877761257,-0.0186705149075683,0.0027,0.0068,-0.01,0.0166,0.0105,0.0114,-0.0452,-0.0255,0.0287,0.0165,-0.0012,0.0232,0.0262,-0.0005,0.0135,0.0302,0.0009,-0.0152,0.011,0.0025,-0.0024,0.0126,0.0208,-0.0154,0.0114,0.0025,-0.0022,-0.0094,0.0139,-0.0035,-0.0019,0.0082,0.0065666666666666625,0.02125903729397611,0.006033333333333335,0.013066666666666666,0.016513923418336043,0.008225000000000001,-0.0005666666666666655,0.013675147774948066,0.001724999999999999,0.005600000000000002,0.013783673917597838,-0.0029916666666666668,0.0003333333333333307,0.009269879538951213,0.0032166666666666663,-0.0068526986641745296,0.01841826792404755,0.08014826721433559,0.3592266280995002,0.08764733071670516,0.2177954847277556,-0.0816733067729084,0.17069904703233232,-0.11567803411422073,-0.006692296204564567,-0.021809338024601364,0.00765653956069231,-0.013562169333320067,0.057388417107526735,0.026517794836008246,6.5,6.482608695652174,3.5908695652173916,2.8917391304347824,3.34,0.6447826086956523,0.04013742016462052,20.450000762939453,0.375252247499972,33.099998474121094,-0.0676736545930916
1994-04-01,0.0140452622018747,0.0794867561477342,0.1817570633810396,0.3167330677290836,0.0124904221898207,0.0153968551535294,-0.0029064329637087,0.0222978483300817,0.0044172450522998,0.0178806032777819,0.0057287296605003,0.0215855850393874,-0.0158568553788871,0.0122405283076063,0.0162729806026122,-0.0040324522950059,0.0027,0.0058,-0.0249,0.006,0.0064,0.006,0.0095,-0.0479,-0.0255,0.0287,0.0141,-0.0305,-0.0103,0.0262,-0.0005,0.0186,-0.0081,0.0167,-0.0152,0.011,-0.0278,0.0255,0.0065,0.0208,-0.0154,0.0061,-0.0369,0.0139,-0.0094,0.0139,0.0056,0.0138,-0.014900000000000004,0.029688903651027606,0.00010833333333333528,0.0051333333333333335,0.016095796552723557,0.007291666666666666,0.0041666666666666675,0.016733997330783432,0.002066666666666666,0.003966666666666668,0.013566244874688068,-0.0022666666666666673,0.006133333333333331,0.011019437372207334,0.0036916666666666664,-0.012338867289196595,0.0027440489152417828,0.07738064136933054,0.11020960882522185,-0.000570190989532815,0.21115537848605573,0.199203187250996,0.16767633509269234,0.2054888478934791,-0.0025607069706022334,-0.006446289725991432,-0.0005446490598549561,-0.008655099080038368,0.06432602788775155,0.02364394993045882,6.4,6.972105263157895,3.7805263157894737,3.191578947368421,3.56,0.6405263157894749,0.04342604424720231,13.770000457763672,-0.3266503694846614,33.099998474121094,-0.0676736545930916
1994-05-01,0.0039912115180926,0.082752976129196,0.1932610924278519,0.2848605577689243,0.0020567361417216,0.0056728142962452,-0.0036160781545236,0.0095594199323427,-0.0025050316318657,0.0120644515642084,0.0065095241356665,0.0017079414114923,0.0048015827241741,0.0079600278962281,-0.0009077961986683,0.0088678240948965,0.0032,-0.0304,-0.0052,0.0177,0.0105,0.015,0.009,0.0068,-0.0479,-0.0255,-0.0186,0.0289,-0.01,-0.0103,0.0262,-0.0131,0.0194,0.0166,0.0167,-0.0152,-0.0078,-0.0346,0.0105,0.0065,0.0208,0.0219,-0.0014,0.0114,0.0139,-0.0094,-0.0103,-0.0103,-0.0222,0.028865665879495433,0.0032166666666666685,0.0019666666666666656,0.015754576054806034,0.007133333333333334,0.006033333333333335,0.013260266462883277,0.0013249999999999991,0.012600000000000002,0.013526184482945179,0.0016833333333333333,0.0052999999999999966,0.011665447555351932,0.003491666666666667,-0.008259883001795363,0.004112061484473666,0.08059061230470244,0.0793383568746472,0.041091373453348456,0.23970783532536521,-0.03187250996015928,0.17526424212988526,0.06329343593483894,-0.0030588845427650005,0.005017003704815901,-0.00281513599415549,-0.004611714369225902,0.06432602788775155,0.02288488210818307,6.1,7.183333333333333,4.267619047619048,2.9157142857142846,4.01,0.6323809523809523,0.05220887873549018,13.029999732971191,-0.05374006537343723,33.099998474121094,-0.0676736545930916
1994-06-01,-0.0190163039703863,0.0695424366339064,0.1489824686045495,0.2091633466135458,-0.0169458839663497,-0.0208160808366404,0.0038701968702907,-0.0181649688558035,-0.0200095282707329,0.0018445594149293,-0.0156433915057663,-0.0220744112716418,0.0064310197658755,-0.0163969178060835,-0.0222496087669476,0.005852690960864,0.0031,0.0282,-0.0187,0.0061,-0.0066,0.001,-0.0273,0.0058,0.0068,-0.0479,0.0165,0.003,-0.0249,-0.01,-0.0103,0.0135,0.0012,0.006,0.0166,0.0167,0.0025,0.0264,0.0064,0.0105,0.0065,0.0114,-0.0091,0.006,0.0114,0.0139,-0.0035,0.0116,-0.01176666666666667,0.028565433656781762,0.0012916666666666684,-0.015066666666666667,0.01837955385747981,0.0034416666666666675,0.0131,0.01194247322235503,0.004708333333333333,0.007800000000000002,0.012032289890124831,0.002333333333333333,0.010433333333333331,0.009788854206017494,0.004849999999999999,-0.00032661008347299503,-0.003589654373823767,0.07726072297027893,0.07870449509230719,-0.15963824037778385,0.27025232403718463,-0.07569721115537853,0.17466687480448032,-0.22911297492449212,-0.0008841047493138667,0.010596538085639868,-0.0015414176296124898,0.0035626875869182,0.06432602788775155,0.02494802494802495,6.1,7.101363636363636,4.249090909090909,2.8522727272727266,4.25,0.6822727272727276,0.05692891278467149,14.970000267028809,0.14888722746084393,33.099998474121094,-0.0676736545930916
1994-07-01,0.0323359423281381,0.0773424217951684,0.1677980206770451,0.3784860557768924,0.0293698397726815,0.0349337053505641,-0.0055638655778825,0.0311339353147971,0.03374738995744,-0.0026134546426428,0.0291683131492119,0.0352290436448906,-0.0060607304956786,0.0318028737878497,0.0329981134055276,-0.0011952396176778,0.0028,0.0402,0.0144,-0.0255,0.0098,-0.0152,0.031,-0.0304,0.0058,0.0068,0.0287,-0.0034,-0.0052,-0.0249,-0.01,-0.0005,0.0096,0.0177,0.006,0.0166,0.011,0.0287,0.0105,0.0064,0.0105,-0.0154,-0.0184,0.015,0.006,0.0114,0.0139,0.0205,-0.005933333333333338,0.028710096946312578,-0.0014916666666666648,-0.013366666666666666,0.016959648188175004,0.0029083333333333335,0.013433333333333334,0.012578871173519518,0.003983333333333333,0.009133333333333337,0.011967414089936065,0.003966666666666667,0.010799999999999999,0.009334166629467592,0.005133333333333333,0.005770283291948138,-0.0032842919986242336,0.076545944852757,0.0769632931110437,0.11216151660494167,0.2908366533864542,0.16932270916334663,0.17001386056981552,0.12629373273736344,-0.0017699156207051335,0.003765185445498301,0.0017239573314570095,0.004508425146027567,0.06523839096740547,0.0269896193771626,6.1,7.298,4.4565,2.8415,4.26,0.6894999999999989,0.05548865528406344,11.130000114440918,-0.2565130316694403,33.099998474121094,-0.0676736545930916
1994-08-01,0.0513357139877201,0.0839926734977046,0.1779926623594425,0.4143426294820717,0.0537672700593562,0.0492061158596205,0.0045611541997356,0.0348041087230057,0.0707478262303771,-0.0359437175073714,0.0629523931468549,0.0407258136890437,0.0222265794578112,0.0513896718282148,0.0512686882327305,0.0001209835954843,0.0037,-0.0228,0.0271,-0.0181,0.0056,0.0106,0.0439,0.0282,-0.0304,0.0058,-0.0255,0.0372,-0.0187,-0.0052,-0.0249,0.0262,0.0008,0.0061,0.0177,0.006,-0.0152,0.0018,-0.0066,0.0105,0.0064,0.0208,-0.0152,0.001,0.015,0.006,-0.0094,0.0004,0.0011999999999999951,0.028574254145996535,0.0011416666666666682,-0.01626666666666667,0.017790643608369006,0.0005500000000000005,0.009933333333333334,0.012566529619058199,0.002099999999999999,0.0034333333333333364,0.0088804091497333,0.00495,0.0073333333333333315,0.009318029119221853,0.0035083333333333334,0.021551784115157305,0.006645950556680966,0.07695917730892654,0.07877489480681442,0.08598452890638142,0.3339973439575033,0.03585657370517925,0.1649243838803457,0.060755434666411645,0.0009558284973812665,-0.012237537578361634,0.007532289576002709,0.0015928116462235002,0.06523839096740547,0.02900552486187835,6.0,7.236086956521739,4.611739130434783,2.6243478260869564,4.47,0.6660869565217382,0.06384761951629092,11.970000267028809,0.07547171104679595,33.099998474121094,-0.0676736545930916
1994-09-01,-0.0131465401798678,0.0672469141749802,0.1649300196018283,0.2231075697211155,-0.0158648724561006,-0.0107657785784613,-0.0050990938776393,-0.0199100935855944,-0.0052044888322343,-0.01470560475336,-0.010089455361173,-0.0159386776476091,0.005849222286436,-0.0151246342140032,-0.0106893764968402,-0.0044352577171629,0.0037,0.0135,-0.0222,-0.0166,0.0018,-0.0073,-0.0191,0.0402,0.0282,-0.0304,-0.0479,-0.0012,0.0144,-0.0187,-0.0052,-0.0103,0.0302,-0.0255,0.0061,0.0177,0.0167,-0.0024,0.0098,-0.0066,0.0105,0.0065,0.0025,-0.0152,0.001,0.015,0.0139,-0.0019,0.012666666666666661,0.033789095874260974,0.0013916666666666684,-0.0031666666666666696,0.013501913444644343,0.0016833333333333336,-0.0005666666666666655,0.01646556001679466,-0.00017500000000000068,0.004566666666666669,0.006540769577554837,0.007033333333333333,0.0002666666666666639,0.011353193383361338,0.0022083333333333334,0.02350837204533014,0.011590880980928567,0.07619400315595114,0.07672736306311496,-0.19937166690118557,0.3386454183266932,-0.19123505976095617,0.17024023421277198,-0.07338865874838818,-0.0020339350852620667,-0.0177542589677914,0.007338357082856209,-0.0018365045797854665,0.06523839096740547,0.02965517241379323,5.9,7.457142857142857,4.751428571428572,2.7057142857142855,4.73,0.6395238095238085,0.06156180732641192,14.279999732971191,0.19298240721892412,33.099998474121094,-0.0676736545930916
1994-10-01,0.058369177300466,0.5759195897824989,0.1824332934593668,0.3605577689243028,0.0873830925641551,0.032958297265601,0.054424795298554,0.0148017773265431,0.1095278666637845,-0.0947260893372413,0.1008495871222301,0.0195704029965882,0.0812791841256418,0.0848223460140538,0.0255093817890562,0.0593129642249976,0.0038,-0.0403,0.0009,-0.0073,0.0048,-0.0053,0.0173,-0.0228,0.0402,0.0282,0.0068,0.0141,0.0271,0.0144,-0.0187,-0.01,0.0186,-0.0181,-0.0255,0.0061,0.0166,-0.0278,0.0056,0.0098,-0.0066,0.0105,0.0061,0.0106,-0.0152,0.001,0.0114,0.0056,0.015199999999999997,0.027591133841628673,-0.00040833333333333173,0.0075999999999999965,0.019943060614325665,0.001425,-0.012499999999999999,0.018103112071317103,-0.0014833333333333341,0.002933333333333335,0.0065423746962908575,0.007291666666666666,-0.0012000000000000025,0.010928128842578665,0.00325,0.032186117036106104,0.018978200164027115,0.24238639248506133,0.1594661686689091,7.5642530493506985,0.33266932270916333,0.1374501992031873,0.17511865847354588,0.10612545793539985,0.017962285206883432,-0.04845847053265757,0.03645166195662968,0.018332896701106334,0.06295501770952949,0.026098901098901228,5.8,7.744,5.101999999999999,2.6420000000000003,4.76,0.6371428571428588,0.06231501771426062,14.5600004196167,0.019607891588331983,33.099998474121094,-0.0676736545930916
1994-11-01,-0.0346637691055422,0.0674936141258086,0.1623725092550254,0.1394422310756972,-0.0372054026390603,-0.0324500882860265,-0.0047553143530337,-0.0431382265474914,-0.0246600862605345,-0.0184781402869568,-0.0275465435790099,-0.0411254607019993,0.0135789171229894,-0.0377638197080204,-0.0308483222101844,-0.006915497497836,0.0037,0.0086,-0.0005,-0.0009,0.004,0.0036,-0.0366,0.0135,-0.0228,0.0402,0.0058,-0.0186,-0.0222,0.0271,0.0144,-0.0249,-0.0131,-0.0166,-0.0181,-0.0255,0.006,-0.0078,0.0018,0.0056,0.0098,0.0064,0.0219,-0.0073,0.0106,-0.0152,0.006,-0.0103,0.010299999999999995,0.02783090009324169,-0.00045833333333333186,0.006433333333333332,0.021383677575820947,-0.0019749999999999998,-0.020066666666666667,0.01723887080602053,-0.000550000000000001,0.005733333333333336,0.006314559894930673,0.006933333333333334,-0.0039666666666666696,0.011328621569576165,0.002175,0.0035196226716853415,0.012535703393421317,0.23688670602776266,0.15692294166834453,-0.8828072263502997,0.2410358565737052,-0.2211155378486056,0.1699119407720735,-0.1099622981306837,0.014856795689293665,-0.042636611459186034,0.03356910784502241,0.0159874030033329,0.06295501770952949,0.026027397260274032,5.6,7.955,5.449,2.5060000000000002,5.29,0.6328571428571426,0.06471176899192455,15.949999809265137,0.09546698829594069,33.099998474121094,-0.0676736545930916
1994-12-01,0.0129802450928817,0.0770067867203758,0.1624037887297161,0.3605577689243028,0.013830082653123,0.012249493050636,0.0015805896024869,0.0161239924208251,0.0092734385420231,0.0068505538788019,0.0104816391115894,0.0152192556475462,-0.0047376165359568,0.012143702548982,0.0139942360551844,-0.0018505335062023,0.0044,0.018,-0.0307,0.0259,0.0015,-0.0065,0.013,-0.0403,0.0135,-0.0228,-0.0304,0.0165,0.0009,-0.0222,0.0271,-0.0052,0.0135,-0.0073,-0.0166,-0.0181,0.0177,0.0025,0.0048,0.0018,0.0056,0.0105,0.0114,-0.0053,-0.0073,0.0106,0.015,-0.0035,-0.01653333333333334,0.03358330934655885,-0.0022666666666666655,0.0019333333333333303,0.019025605553218736,-0.0008083333333333332,-0.014,0.016364157988319077,-0.0005083333333333344,0.004066666666666669,0.0062560104432990565,0.005508333333333334,-0.0006666666666666692,0.011406489381049705,0.002591666666666667,0.012228551095935175,0.01786846157063265,0.2401399968762279,0.15816700001608944,0.14094922486791983,0.2868525896414343,0.2211155378486056,0.16906986381470276,0.00019264021252252128,0.01708335684933573,-0.0354512252484654,0.03004016157089148,0.01684897774031977,0.06295501770952949,0.02597402597402576,5.5,7.813809523809524,5.7647619047619045,2.0490476190476192,5.45,0.6419047619047618,0.06925835091579047,13.199999809265137,-0.17241379516522393,33.099998474121094,-0.0676736545930916
1995-01-01,0.024878389419466,0.1058553585776281,0.1672237324241365,0.3426294820717131,0.0207850766213589,0.0283981169847173,-0.0076130403633584,0.037231342938999,0.0103129666128523,0.0269183763261467,0.0121631370037185,0.0362725766491618,-0.0241094396454433,0.0269717081817293,0.0223410333439952,0.0046306748377341,0.0042,0.0363,-0.0049,0.0099,0.0061,-0.004,0.0222,0.0086,-0.0403,0.0135,0.0282,0.0287,-0.0005,0.0009,-0.0222,-0.0187,-0.0005,-0.0009,-0.0073,-0.0166,0.0061,0.011,0.004,0.0048,0.0018,-0.0066,-0.0154,0.0036,-0.0053,-0.0073,0.001,0.0139,-0.0060666666666666725,0.03061468057430401,-0.002924999999999999,-0.007266666666666669,0.01889546682849269,-0.0019749999999999998,-0.008266666666666667,0.011813960668068394,-0.0007916666666666676,0.003533333333333335,0.005486589711894525,0.0048916666666666666,-0.0030000000000000027,0.009080528618973658,0.003183333333333333,0.0010649551356018416,0.01662553608585397,0.0834519198079376,0.16291915614649938,0.3746237583189411,0.28087649402390436,-0.01792828685258968,0.16400001013629265,0.029678763852252876,-0.003595921704635067,0.005096929972663933,-0.005089379686136891,-0.0013784520554347335,0.05714683629834627,0.028708133971291794,5.6,7.7795000000000005,5.9015,1.8780000000000001,5.53,0.6223809523809525,0.06800469318244806,11.960000038146973,-0.09393937795724838,33.099998474121094,-0.0676736545930916
1995-02-01,0.049941428689935,0.0715694233931417,0.1527008006964662,0.4741035856573705,0.0449021569219357,0.0542745604649662,-0.0093724035430305,0.0475784194724114,0.0527276634389553,-0.0051492439665438,0.0513330893223119,0.0486943561752075,0.0026387331471044,0.0484711671734876,0.0517235638613863,-0.0032523966878986,0.004,0.0219,-0.0053,-0.0213,-0.0013,0.0023,0.0403,0.018,0.0086,-0.0403,0.0402,-0.0255,-0.0307,-0.0005,0.0009,0.0144,0.0262,0.0259,-0.0009,-0.0073,-0.0255,-0.0152,0.0015,0.004,0.0048,0.0098,0.0208,-0.0065,0.0036,-0.0053,-0.0152,-0.0094,-0.004566666666666674,0.02929461839086946,-0.003816666666666666,-0.010100000000000003,0.021716322586171618,-0.004491666666666667,0.0059,0.01831550345108392,0.000449999999999999,0.0034333333333333355,0.0030294663996596597,0.0063,-0.0027333333333333363,0.009084657395851516,0.001483333333333333,0.029266687734094243,0.016393155202889784,0.08481052289704864,0.16084861446240556,-0.3238941858511877,0.3924302788844622,0.13147410358565736,0.16077610728343958,-0.08684731238288113,-0.005134951434634,0.0095398954128016,-0.008736107678098558,-0.0001574184521222666,0.05714683629834627,0.02862985685071595,5.4,7.469473684210525,5.939473684210526,1.5299999999999994,5.92,0.5899999999999999,0.06617845269116707,11.75,-0.017558531561636115,33.099998474121094,-0.0676736545930916
1995-03-01,0.0298923724111883,0.076098205216251,0.1643664561107568,0.3745019920318725,0.0200206499246496,0.0383807962053457,-0.0183601462806961,0.0179886463904563,0.0439281090624991,-0.0259394626720428,0.040353613212112,0.0205180137713995,0.0198355994407124,0.0222009890878907,0.0392152612879126,-0.0170142722000218,0.0046,0.0211,-0.0026,0.0167,0.0043,0.0082,0.0265,0.0363,0.018,0.0086,-0.0228,-0.0479,-0.0049,-0.0307,-0.0005,0.0271,-0.0103,0.0099,0.0259,-0.0009,-0.0181,0.0167,0.0061,0.0015,0.004,0.0056,0.0065,-0.004,-0.0065,0.0036,0.0106,0.0139,0.02096666666666666,0.028327895556618167,0.001333333333333334,-0.012033333333333335,0.020207894496953437,-0.007083333333333334,0.011633333333333334,0.01683857674112236,0.0025416666666666656,0.003866666666666669,0.0019335632047251144,0.005075,-0.002300000000000003,0.007095749901642977,0.0019333333333333331,0.034904063506863106,0.023566307301399136,0.08450766239567371,0.1623238296359507,0.06327816556844401,0.397078353253652,-0.09960159362549798,0.1614303297437865,0.07639550913344073,-0.011781863395695,-0.0013901101041466333,-0.0005450356858754911,-0.005211998016728767,0.05714683629834627,0.027872195785180187,5.4,7.204782608695653,5.910434782608696,1.2943478260869572,5.98,0.580869565217391,0.057165348260771465,13.369999885559082,0.13787233068587934,33.099998474121094,-0.0676736545930916
1995-04-01,0.0250217316920641,0.0745557714740672,0.1657062725309359,0.3884462151394422,0.0260208715859024,0.0241562347139621,0.0018646368719402,0.0189722118937674,0.0321019104189594,-0.013129698525192,0.0320542768502346,0.0186741746986504,0.0133801021515841,0.0284542416336817,0.0208923964239526,0.0075618452097291,0.0044,0.029,-0.0217,0.0228,0.0041,0.0001,0.0255,0.0219,0.0363,0.018,0.0135,0.0068,-0.0053,-0.0049,-0.0307,-0.0222,-0.01,-0.0213,0.0099,0.0259,-0.0166,0.0166,-0.0013,0.0061,0.0015,0.0018,0.0105,0.0023,-0.004,-0.0065,-0.0073,0.0114,0.025399999999999995,0.026233312155857624,0.007150000000000001,-0.013633333333333336,0.012909492631393422,-0.006666666666666667,0.004833333333333333,0.017518494988630357,-0.0006250000000000011,0.002100000000000002,0.0026768762890105407,0.004425,-0.0027333333333333363,0.004659899855862388,0.0009666666666666666,0.0349518442643958,0.018008399699998817,0.07407446669448675,0.07876319325121207,-0.02026898975870217,0.4123505976095618,0.013944223107569709,0.1609245097793863,0.008151398112984154,-0.008622637650595467,-0.014739468387926202,0.011951478246466975,-0.0042349412260637665,0.04609758254908192,0.03125000000000022,5.8,7.062631578947368,5.837894736842105,1.224736842105263,6.05,0.5726315789473677,0.049136308638682014,11.75,-0.12116678380145995,33.099998474121094,-0.0676736545930916
1995-05-01,0.0352479659315893,0.0760250770941529,0.1631132504244302,0.4282868525896414,0.026782619015655,0.0425345936566974,-0.0157519746410424,0.0405898689845061,0.0290419315024654,0.0115479374820406,0.0271833355746798,0.0425794480742344,-0.0153961124995545,0.038206386847196,0.0316667195600654,0.0065396672871305,0.0054,0.0272,0.0305,-0.0254,-0.0023,-0.0239,0.0344,0.0211,0.0219,0.0363,-0.0403,0.0058,-0.0026,-0.0053,-0.0049,0.0009,-0.0249,0.0167,-0.0213,0.0099,-0.0073,0.006,0.0043,-0.0013,0.0061,0.0048,0.0064,0.0082,0.0023,-0.004,-0.0053,0.006,0.026433333333333326,0.026635815487171918,0.008341666666666667,-0.004266666666666669,0.01177122196998543,-0.00605,0.0017666666666666664,0.017130868824045874,-0.0006166666666666678,0.0030333333333333354,0.00268154184503372,0.003908333333333333,0.002166666666666664,0.005854029950953986,0.0007,0.03005402334494724,0.029660355539520733,0.07555968459482382,0.08018510374593614,0.019707469871689032,0.397078353253652,0.03984063745019917,0.16439532635537432,-0.01564830387468641,-0.010749161349932765,-0.009173741238398066,0.005939863030914008,-0.0009709199010540667,0.04609758254908192,0.031186440677966054,5.6,6.632727272727274,5.847727272727273,0.785000000000001,6.01,0.5540909090909087,0.04945992374531105,12.850000381469727,0.09361705374210438,33.099998474121094,-0.0676736545930916
1995-06-01,0.0394285942085564,0.0878707033000022,0.1969820647314034,0.3784860557768924,0.0369258915165854,0.0415986592009616,-0.0046727676843761,0.0255487573549449,0.0554359972952032,-0.0298872399402583,0.0445550457163064,0.0347348951008111,0.0098201506154953,0.0343992175851153,0.0454713526889594,-0.0110721351038441,0.0047,0.0371,0.0212,-0.0158,0.0022,-0.0158,0.0319,0.029,0.0211,0.0219,0.0086,-0.0304,-0.0217,-0.0026,-0.0053,-0.0005,-0.0052,0.0228,0.0167,-0.0213,-0.0009,0.0177,0.0041,0.0043,-0.0013,0.004,0.0105,0.0001,0.0082,0.0023,0.0036,0.015,0.023999999999999994,0.009470674034442716,0.010275000000000001,-0.00986666666666667,0.012272530301449699,-0.005783333333333334,0.006066666666666667,0.017618825159470768,0.0007833333333333322,0.002366666666666669,0.002614128280453514,0.0037166666666666667,0.0035333333333333306,0.005319179134666018,0.00020833333333333327,0.03323276394406994,0.03406841372546651,0.07948385062274088,0.08199575650920721,0.15581209067606916,0.39840637450199207,-0.04980079681274896,0.1752671958955898,0.20763987118670357,-0.0061867018178261,-0.010489666994469899,0.0026013800891749764,0.0010097924643385006,0.04609758254908192,0.030425963488843744,5.6,6.168181818181818,5.63909090909091,0.5290909090909084,6.0,0.5977272727272727,0.04587732144288292,11.380000114440918,-0.11439690454395746,33.099998474121094,-0.0676736545930916
1995-07-01,0.0502619938527127,0.0825349695461775,0.178802599802383,0.4143426294820717,0.0441522211977203,0.0556370470112186,-0.0114848258134983,0.0438656717067962,0.0576316693686599,-0.0137659976618637,0.0541166527115267,0.0467306289627024,0.0073860237488243,0.052968688172779,0.047057745429693,0.0059109427430859,0.0045,0.0055,0.017,0.0268,-0.0117,0.0149,0.0416,0.0272,0.029,0.0211,0.018,0.0282,0.0305,-0.0217,-0.0026,-0.0307,-0.0187,-0.0254,0.0228,0.0167,0.0259,0.0061,-0.0023,0.0041,0.0043,0.0015,-0.0066,-0.0239,0.0001,0.0082,-0.0065,0.001,0.02576666666666666,0.006637896253081054,0.015075,0.0020666666666666646,0.020984796083514074,-0.002808333333333334,0.0047,0.022494769762472937,-0.0028083333333333346,0.0020333333333333353,0.0033500248755295586,0.00265,-0.005200000000000003,0.011023550547199678,-0.0030333333333333336,0.041646184664286136,0.03829901446434097,0.0821435833134443,0.07810902500396544,-0.06072255659099246,0.4070385126162018,0.03585657370517925,0.17963263831940554,-0.09228995012215535,-0.010636522712972267,-0.0107017667066938,0.0006033539549217091,0.00045949164212410066,0.04802160665386723,0.028301886792452713,5.7,6.2780000000000005,5.593,0.6850000000000005,5.85,0.6280000000000001,0.04012060921624383,13.489999771118164,0.1854129732388765,33.099998474121094,-0.0676736545930916
1995-08-01,0.0184294799518932,0.0975669229876177,0.1657467614383375,0.3227091633466135,0.0274741026266006,0.0105225456639414,0.0169515569626592,0.0166122614585359,0.0205363999441916,-0.0039241384856557,0.0204536364200671,0.0165869785513759,0.0038666578686911,0.0194727862859558,0.0171867179951422,0.0022860682908135,0.0047,0.0336,-0.0186,-0.0011,0.0099,0.004,0.0102,0.0371,0.0272,0.029,0.0363,0.0402,0.0212,0.0305,-0.0217,-0.0049,0.0144,-0.0158,-0.0254,0.0228,0.0099,-0.0255,0.0022,-0.0023,0.0041,0.0061,0.0098,-0.0158,-0.0239,0.0001,-0.004,-0.0152,0.0311,0.006850304129501663,0.015816666666666666,0.009999999999999998,0.019287992810727288,0.0005166666666666665,-0.0061333333333333335,0.021055300203670024,-0.004633333333333335,0.0013333333333333357,0.0033385126428795856,0.0033833333333333337,-0.013200000000000003,0.012056436731748991,-0.004433333333333333,0.036040022671054106,0.033047023008000664,0.0893241986112659,0.08244194160304476,0.18212829694000132,0.3718459495351925,-0.0916334661354582,0.1805104753240413,-0.07301816851922249,0.00026465448826159973,-0.01585912536259257,0.0070242774110035764,-0.0009583746899815659,0.04802160665386723,0.026174496644295386,5.7,6.488260869565217,5.565652173913043,0.9226086956521735,5.74,0.6265217391304354,0.04689029105863818,11.520000457763672,-0.14603405091023236,33.099998474121094,-0.0676736545930916
1995-09-01,0.0294992828879334,0.0792882676561697,0.1740049768253914,0.4003984063745019,0.0266003822037377,0.0320517740564076,-0.0054513918526699,0.0340338236689832,0.024208985310042,0.0098248383589412,0.0280781388479352,0.0307846488349382,-0.002706509987003,0.0278547906233286,0.0314438649818457,-0.0035890743585171,0.0043,-0.0151,-0.0407,-0.0049,0.0193,-0.001,0.0379,0.0055,0.0371,0.0272,0.0219,-0.0228,0.017,0.0212,0.0305,-0.0053,0.0271,0.0268,-0.0158,-0.0254,-0.0213,-0.0181,-0.0117,0.0022,-0.0023,-0.0013,0.0056,0.0149,-0.0158,-0.0239,0.0023,0.0106,0.023266666666666668,0.010593520031918923,0.012925,0.0229,0.019594021196953613,0.0007333333333333332,-0.0048,0.023929284708629858,-0.00027500000000000153,-0.003933333333333331,0.006005469729060901,0.0015916666666666666,-0.00826666666666667,0.014709135483320097,-0.0019250000000000005,0.03273025223084644,0.03298150808745818,0.08646338672998842,0.08297361867636455,-0.1873447964918168,0.37915006640106236,0.07768924302788843,0.1728514460220373,0.04982429409413336,5.1130988303329725e-06,-0.0026217659295260667,0.0028487238768374755,0.001535978891794101,0.04802160665386723,0.0254521098459477,5.6,6.1975,5.434,0.7634999999999996,5.8,0.6180000000000003,0.047816808149161005,12.739999771118164,0.10590271396493733,33.099998474121094,-0.0676736545930916
1995-10-01,-0.0101482061951696,0.1015536343354653,0.2184794025667339,0.249003984063745,-0.0133794938905267,-0.0072827246540039,-0.0060967692365227,-0.0100157720868621,-0.0103036723223133,0.0002879002354511,-0.0122336361146603,-0.0082487381793278,-0.0039848979353325,-0.0093305569359224,-0.0111080553255903,0.0017774983896679,0.0047,0.0396,-0.0106,0.0052,-0.0057,0.01,-0.0104,0.0336,0.0055,0.0371,0.0211,0.0135,-0.0186,0.017,0.0212,-0.0026,-0.0222,-0.0011,0.0268,-0.0158,0.0167,-0.0166,0.0099,-0.0117,0.0022,0.0043,0.0018,0.004,0.0149,-0.0158,0.0082,-0.0073,0.025399999999999995,0.011266129178500816,0.017625,0.006533333333333333,0.02182365688879847,-0.003075,0.0032999999999999995,0.021526634664991186,0.0011416666666666652,0.000133333333333336,0.007393082352217296,0.0019500000000000003,0.0010333333333333295,0.014832857670276027,-0.002475,0.012593518881552338,0.02711985177291923,0.092802941659751,0.08747326248659755,0.28081540103573,0.3240371845949535,-0.15139442231075692,0.1860770469434876,0.2555928373587337,0.0018011319578221995,0.0020628667029122002,-0.0009415833512147909,0.00015816410732143434,0.042560126449843416,0.027443105756358666,5.5,6.044761904761905,5.444285714285714,0.6004761904761908,5.76,0.627272727272727,0.037627368685886786,13.829999923706055,0.08555731335717476,33.099998474121094,-0.0676736545930916
1995-11-01,0.0472192139439267,0.0897645823907705,0.1882231739226276,0.4382470119521912,0.0480551492466237,0.0464568830075049,0.0015982662391187,0.0441473270877671,0.0507704022953737,-0.0066230752076065,0.0478408081475844,0.0466448294266228,0.0011959787209615,0.0512640592428917,0.0423536753958963,0.0089103838469953,0.0042,0.0104,0.0065,0.0024,-0.0144,0.0302,0.0438,-0.0151,0.0336,0.0055,0.029,-0.0403,-0.0407,-0.0186,0.017,-0.0217,0.0009,-0.0049,-0.0011,0.0268,0.0228,-0.0073,0.0193,0.0099,-0.0117,0.0041,0.0048,-0.001,0.004,0.0149,0.0001,-0.0053,0.007999999999999993,0.020254653786229003,0.015241666666666667,-0.014100000000000001,0.02869430257037102,-0.004616666666666667,0.006933333333333333,0.020770844951517983,0.0021166666666666656,0.005833333333333336,0.010557351309237883,0.003408333333333334,0.005966666666666663,0.014009913156999452,-0.0019500000000000003,0.022190096878896837,0.02911505977497546,0.09020216146080194,0.08976318003603384,-0.11608695269094615,0.3625498007968127,0.18924302788844619,0.19356918443825097,-0.13848549697889534,-0.0033166316166912996,0.0011632211289286003,-0.0018318097337913241,0.0023662692927153674,0.042560126449843416,0.02603471295060067,5.6,5.93047619047619,5.5180952380952375,0.4123809523809525,5.8,0.6690476190476193,0.033298500978240275,11.579999923706055,-0.16268980566972147,33.099998474121094,-0.0676736545930916
1995-12-01,0.0229843628427915,0.0990709772534646,0.2188260119969196,0.3844621513944223,0.0276861767809197,0.018578260473099,0.0091079163078206,0.0400229595068148,0.003579294419876,0.0364436650869387,0.0133804236616865,0.0318680065853135,-0.018487582923627,0.0271837829997044,0.0178785930117247,0.0093051899879796,0.0049,0.0226,-0.0264,0.0046,0.0026,0.023,0.0153,0.0396,-0.0151,0.0336,0.0272,0.0086,-0.0106,-0.0407,-0.0186,0.0305,-0.0005,0.0052,-0.0049,-0.0011,-0.0254,-0.0009,-0.0057,0.0193,0.0099,-0.0023,0.004,0.01,-0.001,0.004,-0.0239,0.0036,0.01936666666666666,0.021657462147413938,0.021900000000000003,-0.0233,0.02750730811984337,-0.005575,-0.0002666666666666668,0.018037701257828474,0.003158333333333332,0.007833333333333336,0.011199955357053891,0.0025333333333333336,0.0043333333333333305,0.015077488738734523,-0.0006750000000000003,0.020018456863849537,0.026374354547347986,0.09679639799323358,0.0916298923616109,0.10367557687931694,0.3572377158034528,-0.05378486055776888,0.20850952949542703,0.1625880460759408,0.0015364711034722,0.010036163371594433,-0.007092167379332658,0.006664357408214267,0.042560126449843416,0.025316455696202667,5.6,5.7115,5.294,0.4175000000000004,5.6,0.6695000000000002,0.026396897921781903,12.520000457763672,0.08117448534116911,33.099998474121094,-0.0676736545930916
1996-01-01,0.0173129078540294,0.1058332060943571,0.2135277007007455,0.3764940239043824,0.009807319409435,0.0243936516696845,-0.0145863322602495,0.022475982304942,0.011396885045692,0.01107909725925,0.0221795266138255,0.0127808691339693,0.0093986574798562,0.0161949259565901,0.0186802238437034,-0.0024852978871133,0.0043,0.0133,0.0177,-0.0105,0.0016,-0.0189,0.0269,0.0104,0.0396,-0.0151,0.0371,0.018,0.0065,-0.0106,-0.0407,0.0212,-0.0307,0.0024,0.0052,-0.0049,-0.0158,0.0259,-0.0144,-0.0057,0.0193,0.0022,0.0015,0.0302,0.01,-0.001,-0.0158,-0.0065,0.011633333333333329,0.021830017559925773,0.02205,-0.014933333333333335,0.02362058424340941,-0.004991666666666667,0.0008999999999999998,0.014138175271229313,0.0034333333333333316,-0.0002666666666666639,0.013054143658879613,0.001,0.013066666666666664,0.01550790121196288,0.0015416666666666667,0.029172161546915872,0.0208828402142341,0.09822292191286418,0.0955129317863075,0.06825640594613214,0.39973439575033193,-0.007968127490039889,0.20685896220676425,-0.024212438218947474,-0.0012933832377700662,0.013633229046194066,-0.0026309822409364245,0.005243425315953867,0.04602043340796924,0.027906976744185963,5.6,5.652380952380953,5.150476190476191,0.5019047619047621,5.56,0.6581818181818173,0.018788215519394358,12.529999732971191,0.0007986641247539339,33.099998474121094,-0.0676736545930916
1996-02-01,0.0174266863575318,0.0750529671039478,0.1722625286142274,0.3466135458167331,0.0160535570397376,0.0187220913743188,-0.0026685343345812,0.009293251365648,0.026746247285732,-0.017452995920084,0.0185227243576344,0.0164060009699363,0.0021167233876981,0.0157559628145704,0.0194700173093551,-0.0037140544947846,0.0039,0.0074,0.0156,0.0042,0.0144,-0.0095,0.0172,0.0226,0.0104,0.0396,0.0055,0.0363,-0.0264,0.0065,-0.0106,0.017,-0.0049,0.0046,0.0024,0.0052,0.0268,0.0099,0.0026,-0.0144,-0.0057,-0.0117,0.0061,0.023,0.0302,0.01,0.0149,-0.004,0.024199999999999996,0.02009497449612716,0.022433333333333333,-0.01016666666666667,0.02125894321613066,-0.004633333333333334,0.004066666666666666,0.011098828767036635,0.0016583333333333318,-0.005833333333333332,0.01306904740216364,0.0010916666666666668,0.021066666666666664,0.011694856419241176,0.004,0.019241319018117573,0.0207157079485072,0.09331905015058994,0.09176060580569585,-0.2908372535078143,0.36918990703851257,-0.02988047808764932,0.20153874710396416,-0.1932544206259701,-0.002715650095670033,0.010023255475368233,-0.002324067352024225,0.0010352792020272342,0.04602043340796924,0.02717031146454607,5.5,5.8055,4.9645,0.8410000000000002,5.22,0.6400000000000006,0.03486578736673551,17.040000915527344,0.359936255280886,33.099998474121094,-0.0676736545930916
1996-03-01,0.0181486582363443,0.0832374520730737,0.1703051092179485,0.3406374501992031,0.0198191506823986,0.0165622157246826,0.0032569349577159,0.0100767888550034,0.0273338889116632,-0.0172571000566597,0.0219767211414587,0.0146059167899961,0.0073708043514626,0.0218285816451571,0.0136801798113573,0.0081484018337997,0.0039,0.0205,0.047,-0.0397,-0.002,-0.0203,0.0113,0.0133,0.0226,0.0104,0.0336,0.0219,0.0177,-0.0264,0.0065,-0.0186,-0.0053,-0.0105,0.0046,0.0024,-0.0011,-0.0213,0.0016,0.0026,-0.0144,0.0099,-0.0013,-0.0189,0.023,0.0302,0.004,0.0023,0.015433333333333327,0.019516044681236026,0.020516666666666666,-0.0007333333333333358,0.021451845297471912,-0.0027500000000000003,-0.0011666666666666672,0.006104888751375143,-4.166666666666829e-05,-0.003399999999999997,0.011748943214888173,0.0007166666666666668,0.01143333333333333,0.017563418422011888,0.002758333333333333,0.017629417482635173,0.01882393717324235,0.08804120842379298,0.09241880320851319,0.10904945247255116,0.35458167330677287,-0.005976095617529986,0.18536511284430712,-0.011363001646530035,-0.0046659772123715994,-0.0078769995724979,0.006295395073005642,0.0006496831506339345,0.04602043340796924,0.028439153439153486,5.5,6.268571428571428,5.097619047619047,1.1709523809523805,5.31,0.6899999999999986,0.03188414739319012,18.8799991607666,0.10798111187673687,33.099998474121094,-0.0676736545930916
1996-04-01,0.0366834766385004,0.1000924760465037,0.2142132907301301,0.3565737051792829,0.0339055735735513,0.0393216109957791,-0.0054160374222278,0.0168638624360375,0.0592368307309583,-0.0423729682949208,0.0506728960967509,0.0237367468293121,0.0269361492674387,0.0339528651560632,0.0399992191528884,-0.0060463539968251,0.0046,0.0236,0.0323,-0.009,0.0003,-0.0033,0.0251,0.0074,0.0133,0.0226,-0.0151,0.0211,0.0156,0.0177,-0.0264,-0.0407,-0.0026,0.0042,-0.0105,0.0046,-0.0049,0.0167,0.0144,0.0016,0.0026,0.0193,0.0043,-0.0095,-0.0189,0.023,-0.001,0.0082,0.014433333333333328,0.01804180330972122,0.019308333333333334,0.002299999999999998,0.023771025780699236,-0.0010083333333333335,-0.000566666666666667,0.0064139431449512195,0.0020833333333333316,0.0062000000000000015,0.012459641514372186,0.0020250000000000003,-0.0018000000000000036,0.018968886806206273,0.0017749999999999999,0.024086273744125503,0.026629217645520686,0.08612763174117517,0.09217527682701959,0.20249327140183326,0.347941567065073,0.015936254980079778,0.185593642854102,0.2578206943632557,-0.0016092122663643662,-0.0256943547572215,0.012141225668866475,-0.0005373355526033319,0.0596020549803673,0.02832674571805005,5.6,6.511363636363637,5.087727272727273,1.4236363636363638,5.22,0.6936363636363625,0.043953913710418346,15.829999923706055,-0.16154657694045704,33.099998474121094,-0.0676736545930916
1996-05-01,0.0254504981201042,0.080158358479475,0.1663571964416959,0.3645418326693227,0.020021304197523,0.0306065250528699,-0.0105852208553469,0.0106212762988816,0.0423251298477022,-0.0317038535488205,0.0349940157543283,0.0166182985704185,0.0183757171839097,0.0222757530431881,0.0293055457135023,-0.0070297926703142,0.0042,-0.0113,-0.0367,0.0233,0.035,0.012,0.0278,0.0205,0.0074,0.0133,0.0396,0.029,0.047,0.0156,0.0177,-0.0106,-0.0217,-0.0397,0.0042,-0.0105,0.0052,0.0228,-0.002,0.0144,0.0016,-0.0057,0.0041,-0.0203,-0.0095,-0.0189,0.01,0.0001,0.013733333333333328,0.01166681904662396,0.019258333333333336,0.026766666666666664,0.025313553681772953,0.0031249999999999993,-0.015333333333333332,0.01770611946945651,-0.0026166666666666686,0.00466666666666667,0.009575889862914402,0.0015000000000000002,-0.016233333333333336,0.021751084264161783,-0.0006000000000000002,0.026760877664982974,0.02300109834155027,0.08782942886635092,0.09057423950847034,-0.199157003147441,0.3539176626826029,0.007968127490039834,0.18362519879659148,-0.22340394531693275,-0.004248107773286267,-0.030444640633467,0.017560890267603674,-0.0016425816111131988,0.0596020549803673,0.02827087442472065,5.6,6.736818181818182,5.153636363636363,1.583181818181819,5.24,0.6740909090909097,0.04661591494286932,16.06999969482422,0.015161072158866862,33.099998474121094,-0.0676736545930916
1996-06-01,-0.0036230408861491,0.0818444392395009,0.1806545551641648,0.3207171314741036,-0.0021666817216072,-0.0049974798476856,0.0028307981260783,0.0059778107859416,-0.0146143607314393,0.020592171517381,-0.0117124920469139,0.0038172567864061,-0.0155297488333201,0.0018655270483834,-0.010326934577614,0.0121924616259974,0.004,-0.0596,-0.0378,0.0519,0.029,0.0268,-0.0073,0.0236,0.0205,0.0074,0.0104,0.0272,0.0323,0.047,0.0156,0.0065,0.0305,-0.009,-0.0397,0.0042,0.0024,-0.0254,0.0003,-0.002,0.0144,-0.0144,-0.0023,-0.0033,-0.0203,-0.0095,0.0302,-0.0239,0.017166666666666663,0.006835788176940601,0.018808333333333333,0.031633333333333326,0.024963713666039375,0.007625,-0.014833333333333332,0.01689911240272696,-0.005266666666666669,0.0042333333333333355,0.009242167855360927,0.0011833333333333333,-0.011033333333333334,0.021499953488321774,-0.0008833333333333335,0.01950364462415184,0.0185665310533935,0.08736509125515997,0.0877031498394764,0.021034372360028142,0.347277556440903,-0.04382470119521914,0.18707501411199692,0.08594373449590909,-0.0043901533838321335,-0.017828216775453435,0.009927372539342776,-0.0002945616803806325,0.0596020549803673,0.028215223097112663,5.3,6.912000000000001,5.2315,1.6805000000000012,5.27,0.6905000000000001,0.05110978907668273,13.680000305175781,-0.14872429589517677,33.099998474121094,-0.0676736545930916
1996-07-01,-0.0609931918240281,0.0802672924475918,0.1842729784348207,0.1075697211155378,-0.062210972554782,-0.0598363001298119,-0.00237467242497,-0.0553609389135864,-0.0673969862290509,0.0120360473154644,-0.0680549631885828,-0.0544545146346256,-0.0136004485539571,-0.0555729387699566,-0.0676523598618873,0.0120794210919306,0.0045,0.0277,0.0258,-0.0082,-0.0038,-0.0247,-0.0551,-0.0113,0.0236,0.0205,0.0226,0.0371,-0.0367,0.0323,0.047,-0.0264,0.0212,0.0233,-0.009,-0.0397,0.0046,-0.0158,0.035,0.0003,-0.002,0.0026,0.0022,0.012,-0.0033,-0.0203,0.023,-0.0158,0.010933333333333328,0.013282381814519094,0.015600000000000001,0.014199999999999996,0.03299822722511016,0.002024999999999999,-0.008466666666666666,0.02110274073827063,-0.0012083333333333356,0.011100000000000004,0.014119737957908435,0.004291666666666667,-0.003866666666666669,0.017293197121026126,0.002108333333333333,-0.013055244863357662,0.005515514440383919,0.08075669672218934,0.08344216423168217,-0.01927005434411866,0.2642762284196547,-0.21314741035856577,0.17709491001356045,0.02002951582022261,-0.0033763650514128662,0.000308121761341633,-0.003584826734455824,0.005747363349204601,0.058346441064020205,0.028833551769331667,5.5,6.865454545454545,5.298181818181818,1.5672727272727274,5.4,0.7081818181818189,0.055685360434726494,19.459999084472656,0.42251452122483,33.099998474121094,-0.0676736545930916
1996-08-01,0.0426891219303826,0.0790509113687653,0.1528041449891224,0.4521912350597609,0.0404458297123775,0.0448202495374874,-0.0043744198251098,0.0364245635554089,0.0498118389868595,-0.0133872754314505,0.0507108714968172,0.0352615760355357,0.0154492954612814,0.040631222845701,0.0452173979487056,-0.0045861751030045,0.0041,0.0501,-0.0141,-0.0274,0.013,-0.0213,0.0318,-0.0596,-0.0113,0.0236,0.0133,0.0055,-0.0378,-0.0367,0.0323,0.0177,0.017,0.0519,0.0233,-0.009,-0.0105,0.0268,0.029,0.035,0.0003,0.0016,-0.0117,0.0268,0.012,-0.0033,-0.0189,0.0149,-0.015766666666666672,0.031249026651508166,0.007541666666666669,-0.01406666666666667,0.03561666744657621,-0.0028916666666666674,0.02206666666666667,0.03147530248729418,0.004433333333333332,0.021433333333333335,0.01586313336009,0.006525,0.01183333333333333,0.018458819030479703,0.005658333333333334,-0.007309036926598196,0.009725920369192384,0.08038754768528611,0.08410848827581842,-0.015154131175169616,0.2934926958831341,0.3446215139442231,0.17257722619603597,-0.17077291371197523,-0.0013060980413338332,0.006413647800464967,-0.00456030064199859,0.006561902538307834,0.058346441064020205,0.028122956180510084,5.1,6.635454545454545,5.1890909090909085,1.4463636363636363,5.22,0.7118181818181828,0.047206454365575024,17.010000228881836,-0.12589922769039086,33.099998474121094,-0.0676736545930916
1996-09-01,0.0529093558877585,0.0798008438261102,0.1727878332606902,0.49800796812749,0.0396447270052948,0.065510753326099,-0.0258660263208041,0.0448293563841313,0.0620962046384579,-0.0172668482543265,0.0624976534431543,0.0440313025957253,0.0184663508474289,0.0506699544762896,0.0556606204789916,-0.004990666002702,0.0044,0.0087,-0.0379,0.0488,0.0138,0.0297,0.0545,0.0277,-0.0596,-0.0113,0.0074,0.0336,0.0258,-0.0378,-0.0367,0.0156,-0.0186,-0.0082,0.0519,0.0233,0.0042,-0.0011,-0.0038,0.029,0.035,0.0144,0.0099,-0.0247,0.0268,0.012,-0.0095,0.004,-0.014400000000000005,0.033068499613176705,0.009391666666666668,-0.016233333333333336,0.036280242557072316,-0.002158333333333334,0.02233333333333333,0.0312860831680797,0.0015166666666666644,0.020066666666666667,0.01676994335112675,0.007183333333333334,0.004699999999999997,0.019623421380245247,0.0023583333333333334,0.011535095331371004,0.015519369977761417,0.07970634921415587,0.08353572023465783,0.009486702232268218,0.3525896414342629,0.0458167330677291,0.16995498556154442,0.13077975255835095,-0.01087170619029463,-0.0062060254567708655,0.006771732584917743,0.0008341933287413674,0.058346441064020205,0.030045721750489918,5.2,6.832000000000001,5.2375,1.594500000000001,5.3,0.6890000000000001,0.04952801645891314,16.950000762939453,-0.0035273054165224638,33.099998474121094,-0.0676736545930916
1996-10-01,0.0146453884389697,0.086155448418854,0.2061655401360406,0.3565737051792829,0.0184171382553102,0.0110622261134463,0.0073549121418639,0.0252768713391272,0.0025575380182427,0.0227193333208844,0.0135933901766459,0.0156194609040844,-0.0020260707274384,0.0184742040339474,0.0099414149937115,0.0085327890402359,0.0042,0.0625,-0.0382,0.014,0.0206,-0.0069,0.0129,0.0501,0.0277,-0.0596,0.0205,-0.0151,-0.0141,0.0258,-0.0378,0.047,-0.0407,-0.0274,-0.0082,0.0519,-0.0397,-0.0049,0.013,-0.0038,0.029,-0.002,0.0193,-0.0213,-0.0247,0.0268,-0.0203,-0.001,0.00606666666666666,0.038732053908875026,0.010766666666666667,-0.008700000000000001,0.03700566172898414,-0.001783333333333334,0.005433333333333334,0.033757335005397966,-0.0006750000000000023,0.012733333333333338,0.016742092660915094,0.007441666666666667,-0.006400000000000002,0.02093271761302546,0.0002500000000000002,0.036747955419036936,0.011846355277839634,0.08166906787124328,0.08121288229671621,0.07963079446366228,0.4355909694555113,-0.1414342629482071,0.17725250612861773,0.19317162699177115,-0.007628511334683333,-0.0026449301216308653,0.010629858527090643,-0.00034801735515686594,0.06267991116470117,0.030618892508143203,5.2,6.533636363636364,5.123181818181818,1.410454545454546,5.24,0.6763636363636385,0.051687226016922994,18.110000610351562,0.06843656608844562,33.099998474121094,-0.0676736545930916
1996-11-01,0.0688681581277749,0.0940608488506077,0.1917503874076458,0.5099601593625498,0.0546185071664103,0.0824053265410712,-0.0277868193746608,0.060213006701803,0.0787089467353867,-0.0184959400335837,0.0815188067959678,0.0571545945461148,0.024364212249853,0.0646504660858542,0.0740498940649918,-0.0093994279791376,0.0041,-0.017,0.0319,0.0128,0.0023,0.0149,0.0666,0.0087,0.0501,0.0277,0.0236,0.0396,-0.0379,-0.0141,0.0258,0.0323,-0.0106,0.0488,-0.0274,-0.0082,-0.009,0.0052,0.0138,0.013,-0.0038,0.0003,-0.0057,0.0297,-0.0213,-0.0247,-0.0033,0.01,0.028833333333333325,0.038298024318059384,0.012750000000000003,-0.008733333333333336,0.032680636468710354,-0.001550000000000001,0.004400000000000001,0.033064220339615855,0.003799999999999998,0.007666666666666669,0.015295456841820723,0.006983333333333334,-0.005433333333333335,0.023484292622942677,0.0028083333333333333,0.0454743008181677,0.01908263194578475,0.08667238036519075,0.08352996402523834,0.09175740567585167,0.45484727755644094,0.1533864541832669,0.1902345869347922,-0.06992028211350354,-0.015432644517867,-0.004347818322341933,0.013601497456614509,-0.0019524349805345655,0.06267991116470117,0.03253090435914108,5.4,6.203684210526316,5.169473684210526,1.03421052631579,5.31,0.6836842105263159,0.05855898562613082,17.139999389648438,-0.05356163379413026,33.099998474121094,-0.0676736545930916
1996-12-01,0.0042256452583114,0.0870895217361847,0.1729350931953527,0.2868525896414343,0.0168335874984396,-0.0078306995088111,0.0246642870072508,0.0006896144492282,0.0082702832385641,-0.0075806687893358,0.0044578403408047,0.0040119688020292,0.0004458715387755,-0.0019275288084932,0.0117316448291653,-0.0136591736376585,0.0046,0.0497,-0.0182,-0.0144,0.0122,-0.0007,-0.0124,0.0625,0.0087,0.0501,-0.0113,0.0104,-0.0382,-0.0379,-0.0141,-0.0367,0.0065,0.014,0.0488,-0.0274,0.0233,0.0024,0.0206,0.0138,0.013,0.035,-0.0144,-0.0069,0.0297,-0.0213,0.012,0.0302,0.04043333333333333,0.04454770102560477,0.014658333333333334,-0.03006666666666667,0.02576934225004591,-0.003850000000000001,0.0118,0.03125480229767366,0.004533333333333331,0.015800000000000005,0.013671966452075104,0.009175,0.0004999999999999982,0.023728295345430944,0.0014000000000000002,0.02924639727501867,0.020390746303194835,0.08910193966854892,0.0844041444413523,-0.0741150776291124,0.38446215139442236,-0.2231075697211155,0.1902836735796797,-0.09812389151680467,0.0014107932581513005,-0.0011190918340117002,0.007594671020396709,-0.004841937525520066,0.06267991116470117,0.03378817413905133,5.4,6.302380952380952,5.04047619047619,1.2619047619047619,5.29,0.6890476190476198,0.06165643121709419,20.920000076293945,0.2205368040402853,33.099998474121094,-0.0676736545930916
1997-01-01,0.042392051195374,0.1056870591603609,0.2284872705246298,0.398406374501992,0.0326095229858008,0.0518077345970883,-0.0191982116112874,0.0356008637404448,0.0502065682667994,-0.0146057045263546,0.0473969069935019,0.0378144391848912,0.0095824678086106,0.044813989072483,0.0394584363019744,0.0053555527705085,0.0045,-0.0048,-0.0254,0.0561,0.0072,0.0347,0.0542,-0.017,0.0625,0.0087,-0.0596,0.0226,0.0319,-0.0382,-0.0379,-0.0378,-0.0264,0.0128,0.014,0.0488,0.0519,0.0046,0.0023,0.0206,0.0138,0.029,0.0026,0.0149,-0.0069,0.0297,0.0268,0.023,0.01806666666666666,0.04522559747163843,0.012374999999999999,-0.014733333333333334,0.03281118203702311,-0.0017333333333333343,0.0252,0.031129691078882665,0.005399999999999998,0.012233333333333337,0.011912416491487655,0.010566666666666667,0.012566666666666665,0.02398619741990519,0.0001250000000000004,0.03849528486048678,0.037621620139761856,0.09561247658238455,0.08864077222681382,0.21354506321107913,0.39840637450199207,0.11155378486055773,0.19772425037587613,0.32123137243476485,-0.007440247992899132,-0.0135607711164247,0.011464183865746375,-0.005901016282095866,0.06280599984647584,0.030381383322559907,5.3,6.579047619047619,5.1657142857142855,1.413333333333333,5.25,0.6772727272727277,0.06946049233947327,19.469999313354492,-0.06931169969652917,33.099998474121094,-0.0676736545930916
1997-02-01,0.003867158181953,0.0820631902223417,0.2012292758523803,0.3426294820717131,-0.001263519772499,0.0088054357131132,-0.0100689554856122,0.0094722009222895,-0.0025824800398039,0.0120546809620935,-0.0023160342840183,0.0095225171447318,-0.0118385514287501,0.0046774734865518,0.0028856495031433,0.0017918239834084,0.0039,-0.0502,-0.0041,0.0339,0.0039,0.0153,-0.0009,0.0497,-0.017,0.0625,0.0277,0.0133,-0.0182,0.0319,-0.0382,0.0258,0.0177,-0.0144,0.0128,0.014,-0.0082,-0.0105,0.0122,0.0023,0.0206,-0.0038,0.0016,-0.0007,0.0149,-0.0069,-0.0247,-0.0189,0.03173333333333333,0.030052781346601987,0.014633333333333333,-0.00816666666666667,0.0305958657337883,-0.0010500000000000012,0.0041333333333333335,0.02704593623202323,0.003816666666666665,0.011700000000000002,0.008829137368206872,0.011366666666666666,0.002433333333333331,0.02098799656946798,-0.0018499999999999994,0.016828284878546138,0.03115129284835692,0.0916132570396292,0.08914281870240988,-0.2235265994313862,0.3426294820717131,-0.05577689243027889,0.20088387985745426,-0.11929765106678547,-0.0015342933632162663,-0.0033772307845323,-0.0006034040271213244,-0.0021705989612471996,0.06280599984647584,0.030322580645161246,5.2,6.419473684210526,5.1421052631578945,1.277368421052632,5.19,0.6363157894736844,0.06661807501031536,21.100000381469727,0.08371859915769053,33.099998474121094,-0.0676736545930916
1997-03-01,-0.0330293118794758,0.0839636327134689,0.1851399361136642,0.1832669322709163,-0.0284987831007006,-0.0374182616339142,0.0089194785332136,-0.0343726084102022,-0.0314744001418541,-0.0028982082683481,-0.0298729996897974,-0.0358986865973652,0.0060256869075677,-0.0328462148584833,-0.0332523807853328,0.0004061659268495,0.0043,0.0404,-0.057,0.0,0.0336,-0.0102,-0.0459,-0.0048,0.0497,-0.017,0.0501,0.0074,-0.0254,-0.0182,0.0319,-0.0141,0.0156,0.0561,-0.0144,0.0128,-0.0274,0.0042,0.0072,0.0122,0.0023,0.013,0.0144,0.0347,-0.0007,0.0149,-0.0213,-0.0095,0.009299999999999996,0.03335857710794434,0.013125,-0.003900000000000003,0.025914738406294355,-0.004641666666666668,0.018166666666666668,0.03316506696309638,0.009366666666666664,0.0072333333333333355,0.006228456202516558,0.011833333333333335,0.0163,0.021847745879151923,0.0026166666666666677,0.00440996583261707,0.016828181553817868,0.09057129403205727,0.08983661685030299,0.023158281879831266,0.30810092961487384,-0.1593625498007968,0.20495216083022474,-0.07995526332122305,-0.006782562854562,-0.0018164106108697331,0.0012565344291427425,0.0025178475602554676,0.06280599984647584,0.027652733118971096,5.2,6.6945,5.2844999999999995,1.4100000000000001,5.39,0.6230000000000011,0.07470272474009643,22.139999389648438,0.0492890516292146,33.099998474121094,-0.0676736545930916
1997-04-01,0.0333804529795847,0.0915925566677607,0.2086688840565113,0.4063745019920319,0.0215542442757917,0.0448370926613842,-0.0232828483855925,0.0269904188903136,0.0407771362747,-0.0137867173843863,0.0436068463548476,0.0240837317293458,0.0195231146255017,0.0317247604958995,0.0353975994561872,-0.0036728389602877,0.0043,0.0673,0.0468,-0.0411,-0.0104,-0.0276,0.0447,-0.0502,-0.0048,0.0497,0.0087,0.0205,-0.0041,-0.0254,-0.0182,-0.0379,0.047,0.0339,0.0561,-0.0144,0.0488,-0.0397,0.0039,0.0072,0.0122,0.0138,-0.002,0.0153,0.0347,-0.0007,0.0297,-0.0203,-0.001766666666666671,0.04215584182530342,0.008325,-0.0159,0.02645323546688888,-0.006283333333333335,0.0252,0.026209998092331103,0.011841666666666665,0.007766666666666669,0.006869934497504347,0.010958333333333332,0.01643333333333333,0.01630263782337079,0.004683333333333334,0.0014060997606873034,0.019950692310587034,0.08587312653452388,0.09074280155845411,0.0908598604865749,0.3107569721115538,0.2231075697211156,0.19834603200751857,0.1270873720535466,-0.008144108445997033,-0.0015434148968802997,0.004570083368106443,-0.0004916163500099328,0.060499773430069625,0.02434336963484962,5.1,6.885454545454545,5.304545454545455,1.5809090909090902,5.51,0.6109090909090904,0.06536171976339267,20.059999465942383,-0.09394760528668122,33.099998474121094,-0.0676736545930916
1997-05-01,0.0788662432311767,0.0898587967829241,0.1938257871822892,0.5358565737051793,0.0847771840518459,0.0731755859193523,0.0116015981324936,0.0705898465104244,0.0883812843591165,-0.0177914378486921,0.0885037417629842,0.0701576602205074,0.0183460815424768,0.0802716133788715,0.0771660401853641,0.0031055731935074,0.0049,0.041,0.0117,0.0144,0.0056,0.0045,0.0722,0.0404,-0.0502,-0.0048,0.0625,0.0236,-0.057,-0.0041,-0.0254,-0.0382,0.0323,0.0,0.0339,0.0561,0.014,-0.009,0.0336,0.0039,0.0072,0.0206,0.0003,-0.0102,0.0153,0.0347,-0.0069,-0.0033,-0.004866666666666672,0.04417658504985043,0.009983333333333335,-0.028833333333333336,0.03054688200127799,-0.01495,0.03,0.02496394733744379,0.015149999999999997,0.014900000000000002,0.011942863978125193,0.013925,0.013266666666666664,0.016985847049823564,0.005525000000000001,0.026405794777095204,0.021617039827820667,0.08847166205471801,0.0900424595471735,-0.01892904781690463,0.37516600265604255,0.12948207171314735,0.19587820245082158,-0.07113229622775141,-0.0009205905732951001,-0.011492121167142164,0.014631627691848744,-5.369994664359938e-05,0.060499773430069625,0.02237851662404089,4.9,6.7109523809523814,5.196666666666666,1.5142857142857151,5.5,0.6171428571428565,0.06331688761977006,19.190000534057617,-0.04336983823762508,33.099998474121094,-0.0676736545930916
1997-06-01,0.048747464356401,0.0804609404506007,0.1841664228924759,0.4760956175298805,0.049844316129552,0.0476844660330387,0.0021598500965132,0.0470094194523284,0.0507556108334039,-0.0037461913810755,0.0490449410575218,0.0484800894643222,0.0005648515931995,0.0507962223177827,0.0462889548027431,0.0045072675150395,0.0037,0.0731,-0.0274,0.0013,0.0018,-0.0256,0.0447,0.0673,0.0404,-0.0502,-0.017,-0.0113,0.0468,-0.057,-0.0041,0.0319,-0.0367,-0.0411,0.0,0.0339,0.0128,0.0233,-0.0104,0.0336,0.0039,0.0023,0.035,-0.0276,-0.0102,0.0153,0.0149,0.012,0.01916666666666666,0.045272714372640264,0.013625,-0.004766666666666669,0.03830768417258694,-0.013741666666666668,-0.0023999999999999994,0.03459464794829783,0.012474999999999998,0.009033333333333336,0.01456978608856928,0.013033333333333333,-0.007500000000000002,0.021955955911779377,0.003500000000000001,0.05366472018905414,0.029037343010835603,0.08730409796709528,0.08893769599957618,-0.10458471144484849,0.47277556440903057,-0.05976095617529875,0.1955536980437588,-0.04983528987672259,-0.0031738000521952334,-0.011774782204717964,0.012811349253726007,0.0013133339160864008,0.060499773430069625,0.02233567326100827,5.0,6.493809523809524,5.070952380952381,1.4228571428571435,5.56,0.6100000000000012,0.06012329789391524,21.530000686645508,0.1219385141983167,33.099998474121094,-0.0676736545930916
1997-07-01,0.0767557800289318,0.0967252246188785,0.2116986601894331,0.5139442231075697,0.0651904193456011,0.0881069673662749,-0.0229165480206737,0.0700627974926637,0.0844819075204627,-0.0144191100277989,0.0853344809792919,0.0690400253280162,0.0162944556512757,0.0715719182539009,0.082969312978455,-0.011397394724554,0.0043,-0.0409,0.075,0.0113,-0.0102,-0.0017,0.0774,0.041,0.0673,0.0404,0.0497,-0.0596,0.0117,0.0468,-0.057,-0.0182,-0.0378,0.0144,-0.0411,0.0,-0.0144,0.0519,0.0056,-0.0104,0.0336,0.0122,0.029,0.0045,-0.0276,-0.0102,-0.0007,0.0268,0.04956666666666667,0.043424324980360966,0.017983333333333334,0.0004999999999999975,0.035252233971764135,-0.009708333333333336,-0.0089,0.03464625520889668,0.011733333333333332,0.009600000000000003,0.014366407576936793,0.010583333333333333,-0.011100000000000004,0.021363769954450138,0.0028750000000000004,0.0681231625388365,0.0347646311497619,0.08901498728413455,0.08744405690932912,0.20213887728870517,0.5086321381142098,0.03784860557768921,0.1965636234213994,0.149496508997363,-0.0030516999305556336,-0.011985579752522166,0.011735129595650677,-0.0012615180053356992,0.06535338037397698,0.021656050955414008,4.9,6.220454545454545,5.194545454545454,1.0259090909090904,5.52,0.6068181818181815,0.06901473595485519,21.479999542236328,-0.0023223939997454313,33.099998474121094,-0.0676736545930916
1997-08-01,-0.0107592745987167,0.0832481494935873,0.1852374733850676,0.2290836653386454,0.0071485648870109,-0.0283354874273014,0.0354840523143123,-0.010268576635901,-0.0113257178846517,0.0010571412487507,-0.013969000283994,-0.0078724207279348,-0.0060965795560591,-0.0149610676653395,-0.0057228787996826,-0.0092381888656568,0.0041,0.0534,0.0248,0.0024,-0.0158,-0.0093,-0.0368,0.0731,0.041,0.0673,-0.0048,0.0277,-0.0274,0.0117,0.0468,-0.0254,0.0258,0.0013,0.0144,-0.0411,0.0561,-0.0082,0.0018,0.0056,-0.0104,0.0072,-0.0038,-0.0256,0.0045,-0.0276,0.0347,-0.0247,0.06046666666666667,0.04710010615699291,0.02904166666666667,0.010366666666666665,0.035992591830356815,-0.008841666666666668,-0.008466666666666666,0.03316369500925171,0.007516666666666665,-0.0009999999999999976,0.0144841637659894,0.008316666666666667,-0.016233333333333336,0.024357291858223204,-0.0014916666666666663,0.03824798992887204,0.03232689235298362,0.08681143818768894,0.0876415501212034,-0.13933361414661205,0.4063745019920319,-0.28486055776892427,0.19370085215565888,-0.12499458797087981,0.004909118130050599,-0.005702720053374567,0.0035875758961387096,-0.005376105358390432,0.06535338037397698,0.022900763358778775,4.8,6.298571428571429,5.27952380952381,1.019047619047619,5.54,0.5952380952380958,0.07421174007233544,24.760000228881836,0.15270022144069473,33.099998474121094,-0.0676736545930916
1997-09-01,0.0692336876734627,0.1018887179426289,0.2131120690278894,0.5278884462151394,0.075130476412826,0.0634460987255691,0.0116843776872568,0.0717043034911178,0.0663817016289211,0.0053226018621966,0.0709029533520584,0.0677323362938973,0.0031706170581611,0.0763404806015713,0.0607152714925106,0.0156252091090607,0.0044,-0.0381,-0.0056,0.0233,0.0075,0.0201,0.0578,-0.0409,0.0731,0.041,-0.0502,0.0501,0.075,-0.0274,0.0117,-0.0041,-0.0141,0.0113,0.0013,0.0144,0.0339,-0.0274,-0.0102,0.0018,0.0056,0.0039,0.013,-0.0017,-0.0256,0.0045,0.0153,-0.0213,0.024399999999999995,0.05391071940409132,0.023325000000000002,0.019766666666666665,0.04823111029200967,-0.004741666666666668,0.009,0.024939206081990666,0.009141666666666664,-0.0009333333333333312,0.016078277270901886,0.007783333333333333,-0.007600000000000003,0.01694918877114771,0.0004250000000000003,0.04507673103455926,0.0493707256118067,0.09395403068503168,0.09062906432606338,0.22391570938736005,0.4236387782204516,0.298804780876494,0.20334940086746336,0.1504803274058737,0.008083960660298466,-0.0026797889722838665,0.004456164384459243,-0.0016701248270500322,0.06535338037397698,0.0221940393151554,4.9,6.208571428571428,5.084761904761905,1.1238095238095234,5.54,0.5647619047619035,0.07730771347479815,22.90999984741211,-0.07471730066107807,33.099998474121094,-0.0676736545930916
1997-10-01,-0.0364195471812529,0.0925572949695431,0.2186732469109554,0.1852589641434263,-0.0268206751308825,-0.045782864089283,0.0189621889584005,-0.0287518953625563,-0.0452117879333585,0.0164598925708022,-0.0413314022217273,-0.03202777090977,-0.0093036313119573,-0.0335500507261937,-0.0398356143896568,0.006285563663463,0.0042,0.0299,-0.0501,0.0122,0.0308,0.0173,-0.0339,0.0534,-0.0409,0.0731,0.0404,0.0087,0.0248,0.075,-0.0274,-0.057,-0.0379,0.0024,0.0113,0.0013,0.0,0.0488,-0.0158,-0.0102,0.0018,0.0336,0.0138,-0.0093,-0.0017,-0.0256,-0.0102,0.0297,0.02853333333333333,0.04137877475228093,0.0236,0.02413333333333333,0.048284010465853684,-0.0015000000000000015,0.005,0.020044425659020523,0.011624999999999998,-0.008066666666666665,0.018010404400419965,0.005383333333333333,-0.012200000000000003,0.012778536692438598,0.0014250000000000003,0.007351621964497702,0.037737392251667105,0.09256472080191987,0.09078985404302713,-0.09158445764662682,0.3140770252324037,-0.3426294820717131,0.2056742631079708,0.026095086535611545,0.022043539653323202,0.007613211893916501,-0.004076531269951757,0.004224194635622301,0.06127724364271092,0.020859671302149163,4.7,6.029545454545455,5.112727272727273,0.916818181818182,5.5,0.5740909090909101,0.08653836077256005,35.09000015258789,0.5316455864818184,33.099998474121094,-0.0676736545930916
1997-11-01,0.0288761584264496,0.082496858468744,0.1909895320395608,0.450199203187251,0.0223969087690032,0.0352361580902007,-0.0128392493211974,0.0328155677213992,0.0243888842626659,0.0084266834587332,0.0211994867155264,0.0357851629662806,-0.0145856762507541,0.0301087678136894,0.0274003812009108,0.0027083866127785,0.0039,0.0136,-0.0209,0.0374,0.0064,0.0195,0.0338,-0.0381,0.0534,-0.0409,0.0673,0.0625,-0.0056,0.0248,0.075,0.0468,-0.0382,0.0233,0.0024,0.0113,-0.0411,0.014,0.0075,-0.0158,-0.0102,-0.0104,0.0206,0.0201,-0.0093,-0.0017,-0.0276,-0.0069,-0.008533333333333335,0.05193124942331609,0.019700000000000006,0.0314,0.03669498149157004,0.0011916666666666653,0.012333333333333335,0.022592801213365883,0.009499999999999996,-0.006166666666666665,0.009753443836238914,0.004858333333333333,0.003033333333333331,0.018272383533628,0.0006250000000000002,0.02056343297288647,0.02940571145087925,0.09231429046030544,0.08956286432399711,-0.10869414997607252,0.3877822045152723,0.2649402390438247,0.20759161599280188,-0.12659854491787714,0.0059357724414866335,0.010069725963910666,-0.006906230168183424,0.0082063864617674,0.06127724364271092,0.018903591682419618,4.6,5.875,5.2811111111111115,0.5938888888888885,5.52,0.5483333333333329,0.08512624010737335,27.43000030517578,-0.21829580547457428,33.099998474121094,-0.0676736545930916
1997-12-01,0.0250335777189186,0.1359788612883075,0.2166337530325992,0.3904382470119522,0.0350310955579574,0.0151579808291365,0.0198731147288208,0.0378771080652665,0.0103311153487573,0.0275459927165092,0.0203908014468942,0.0291396168496686,-0.0087488154027743,0.0351941241468028,0.0131118699102013,0.0220822542366014,0.0048,0.0014,-0.0128,-0.0168,0.0091,-0.0062,0.0184,0.0299,-0.0381,0.0534,0.041,-0.017,-0.0501,-0.0056,0.0248,0.0117,0.0319,0.0122,0.0233,0.0024,0.0144,0.0128,0.0308,0.0075,-0.0158,0.0056,0.0023,0.0173,0.0201,-0.0093,0.0045,0.0149,0.015066666666666664,0.04807946200475488,0.016983333333333336,-0.010300000000000004,0.043668371467993496,0.00019999999999999822,0.012633333333333335,0.008151421143988745,0.009349999999999997,0.007500000000000002,0.016300235172127638,0.005708333333333333,0.009366666666666664,0.017109110633421784,0.002641666666666667,0.005830062988038434,0.02545339701129885,0.10367767157553165,0.09881585113028157,0.6482913872390244,0.34196547144754313,-0.05976095617529881,0.20876551066103846,0.13427029596431805,0.0086653514553413,0.0174775229153482,-0.010879374321828556,0.0103587348376143,0.06127724364271092,0.016970458830924073,4.7,5.808636363636364,5.304545454545455,0.5040909090909089,5.5,0.5595454545454537,0.08280957988374027,24.010000228881836,-0.12468100759184553,33.099998474121094,-0.0676736545930916
1998-01-01,0.0023071607264225,0.0914072621369821,0.2027632765626442,0.2788844621513944,0.0002614902268654,0.0043156372168967,-0.0040541469900313,-0.0099454261132233,0.01624147517151,-0.0261869012847333,0.0102163686805868,-0.0047334058917352,0.0149497745723221,-0.0021324426550982,0.007545892716617,-0.0096783353717152,0.0043,0.0704,0.0005,-0.0093,-0.0037,-0.0258,0.0057,0.0136,0.0299,-0.0381,0.0731,0.0497,-0.0209,-0.0501,-0.0056,-0.0274,-0.0182,0.0374,0.0122,0.0233,0.0013,-0.0144,0.0064,0.0308,0.0075,0.0018,0.0122,0.0195,0.0173,0.0201,-0.0256,-0.0007,0.0017999999999999967,0.04694335593741321,0.019533333333333337,-0.02553333333333334,0.044645358101374905,-0.0042000000000000015,0.024300000000000002,0.013695948305977214,0.011399999999999999,0.014900000000000004,0.016326226344953905,0.00605,0.018966666666666663,0.018759575332791153,0.003025,0.018738965623930234,0.013045293794213967,0.1032943272980113,0.09792952404996551,-0.327783294616823,0.3731739707835325,-0.11155378486055778,0.2034621872116014,-0.06402731003726725,0.0009932394725307003,0.0032619249635030337,-0.002794905693735424,0.005037435159221566,0.06024701485353612,0.016311166875784044,4.6,5.5445,5.179,0.36549999999999994,5.56,0.5830000000000002,0.0858347433946034,21.469999313354492,-0.10578929159992068,33.099998474121094,-0.0676736545930916
1998-02-01,0.0752019280106971,0.0857687406315841,0.2042790481546412,0.5537848605577689,0.0669571851346324,0.083396702748119,-0.0164395176134865,0.0579194559019368,0.0948411008615611,-0.0369216449596243,0.0852125941354065,0.0663925418209529,0.0188200523144535,0.0713911200622075,0.0796941387049432,-0.0083030186427357,0.0039,0.0476,-0.0073,0.0138,-0.0055,-0.0023,0.0743,0.0014,0.0136,0.0299,-0.0409,-0.0048,-0.0128,-0.0209,-0.0501,0.075,-0.0254,-0.0168,0.0374,0.0122,0.0113,0.0561,0.0091,0.0064,0.0308,-0.0102,0.0072,-0.0062,0.0195,0.0173,-0.0017,0.0347,0.014966666666666663,0.03740274945330447,0.015508333333333338,-0.027933333333333334,0.04327593634650403,-0.0037500000000000016,0.010933333333333337,0.01840746225492984,0.011199999999999996,0.015433333333333335,0.016453165855441525,0.005791666666666666,0.010199999999999999,0.013774529635042582,0.0025666666666666667,0.0341808888186794,0.027372160895782937,0.10438495468562468,0.09834962257296496,-0.06168570607604629,0.4077025232403719,0.2749003984063745,0.20789202591662823,0.007475572587369861,-0.0002068499582323323,-0.0118541845092828,0.008340337161333776,0.0013669667407168334,0.06024701485353612,0.01440200375704448,4.6,5.574736842105263,5.23,0.344736842105263,5.51,0.5784210526315796,0.07476143150007708,18.549999237060547,-0.13600373403261756,33.099998474121094,-0.0676736545930916
1998-03-01,0.0546243421040829,0.0900842529334204,0.1935642047195832,0.50199203187251,0.0531068973740691,0.0561145273479289,-0.0030076299738597,0.0574930490392429,0.051406241375538,0.0060868076637049,0.0449344250432663,0.0631580758792339,-0.0182236508359675,0.0534338383337795,0.0560093726342399,-0.0025755343004604,0.0039,0.0074,0.0001,0.0103,-0.0168,-0.0036,0.0515,0.0704,0.0014,0.0136,0.0534,-0.0502,0.0005,-0.0128,-0.0209,0.0248,-0.0041,-0.0093,-0.0168,0.0374,0.0024,0.0339,-0.0037,0.0091,0.0064,-0.0158,0.0039,-0.0258,-0.0062,0.0195,-0.0093,0.0153,0.028466666666666664,0.03872346403237536,0.021775000000000003,-0.01106666666666667,0.02478914412936978,-0.0015916666666666683,0.003766666666666668,0.020305368748190715,0.005749999999999998,0.0039333333333333356,0.015465499237550235,0.004883333333333333,-0.004166666666666669,0.019149725846601556,-0.002475,0.0440444769470675,0.024937269967552966,0.0890867519006623,0.0963822117380969,0.050315677600693665,0.44488711819389115,-0.05179282868525892,0.2002021764789562,-0.052451994131805346,-0.007833764859125831,-0.019007246193550903,0.005182058683602709,-0.006852296104970433,0.06024701485353612,0.013767209011263937,4.7,5.647272727272727,5.161818181818182,0.48545454545454536,5.49,0.6049999999999995,0.06835942439493192,24.219999313354492,0.3056603940428204,33.099998474121094,-0.0676736545930916
1998-04-01,0.0153596512580863,0.0866794770904885,0.1870701340481518,0.348605577689243,0.0103850341033219,0.020215825147261,-0.009830791043939,0.0087837476489476,0.0226894801217759,-0.0139057324728282,0.0174955078824318,0.0134892683384616,0.0040062395439702,0.0013680330000187,0.0317289301351718,-0.030360897135153,0.0043,-0.0305,-0.03,0.0341,0.0103,0.0247,0.0117,0.0476,0.0704,0.0014,-0.0381,0.0404,-0.0073,0.0005,-0.0128,-0.0056,-0.057,0.0138,-0.0093,-0.0168,0.0233,0.0,-0.0055,-0.0037,0.0091,0.0075,0.0336,-0.0023,-0.0258,-0.0062,0.0201,-0.0102,0.039799999999999995,0.03783812891779932,0.029924999999999997,-0.006533333333333338,0.01818325236767802,-0.001858333333333335,-0.0040999999999999995,0.020187124609512868,0.004074999999999998,-3.3333333333331106e-05,0.012969759699650064,0.0040999999999999995,-0.011433333333333337,0.01848130587016692,-0.003941666666666666,0.04839530712428877,0.0335671363741095,0.08751082355183111,0.0954025754249211,-0.037795460716628315,0.46812749003984067,-0.15338645418326696,0.19497112897412539,-0.033549956619507104,-0.009759312877095066,-0.0149135232562492,0.0015342136741520755,-0.013746483359449701,0.05292678274292517,0.014383989993745905,4.3,5.637619047619047,5.082857142857143,0.5547619047619046,5.45,0.6347619047619038,0.07077008185695677,21.18000030517578,-0.12551606500263224,33.099998474121094,-0.0676736545930916
1998-05-01,-0.0296686705271896,0.0729848302681996,0.1646174281621168,0.2011952191235059,-0.029695196388332,-0.0296427762341696,-5.242015416240947e-05,-0.020646246397568,-0.0397255127098889,0.0190792663123209,-0.0360226329926234,-0.0241044661083069,-0.0119181668843164,-0.0270339869328701,-0.0327510781310013,0.0057170911981311,0.004,0.0321,-0.0361,-0.0203,-0.0026,-0.0303,-0.0265,0.0074,0.0476,0.0704,0.0299,0.0673,0.0001,-0.0073,0.0005,-0.0501,0.0468,0.0103,0.0138,-0.0093,0.0122,-0.0411,-0.0168,-0.0055,-0.0037,0.0308,-0.0104,-0.0036,-0.0023,-0.0258,0.0173,-0.0276,0.0418,0.02654779965772433,0.027175,-0.002233333333333338,0.01896928218638408,0.0028999999999999985,0.004933333333333334,0.019158462012037053,0.004933333333333331,-0.008666666666666665,0.016308944376220887,-9.999999999999998e-05,-0.010566666666666669,0.016743167760811164,-0.0033916666666666665,0.0134384409449932,0.023809664881836296,0.0832495200973696,0.09381723739149705,-0.1579918024654493,0.35059760956175295,-0.1474103585657371,0.18175058897661725,-0.1200229315079,-0.0042969470573203696,0.0037534471677325328,-0.008711859392104558,-0.0090731134124941,0.05292678274292517,0.016885553470919357,4.4,5.6525,5.14,0.5125000000000002,5.49,0.6004999999999994,0.07188999827918208,21.31999969482422,0.006609980530275283,33.099998474121094,-0.0676736545930916
1998-06-01,0.0218960398615413,0.1165864879622567,0.2150180102727689,0.396414342629482,0.0144212240983501,0.0291928838208469,-0.0147716597224967,0.0083494457521341,0.03699574667139,-0.0286463009192559,0.0316286401229987,0.0133731413274966,0.0182554987955021,0.023457815400088,0.0200688645582741,0.0033889508418139,0.0041,-0.0242,-0.052,-0.0183,0.0164,0.0076,0.0362,-0.0305,0.0074,0.0476,0.0136,0.041,-0.03,0.0001,-0.0073,-0.0209,0.0117,0.0341,0.0103,0.0138,0.0374,0.0144,0.0103,-0.0168,-0.0055,0.0064,0.0056,0.0247,-0.0036,-0.0023,0.0195,0.0045,0.008166666666666664,0.035723516997443965,0.019025000000000004,-0.012400000000000003,0.012067918903716099,-0.0035000000000000014,0.0194,0.022008127286679044,0.011199999999999996,-0.0039999999999999975,0.010545457157784429,0.001625,0.006266666666666664,0.018471897574423683,0.0009666666666666669,0.0025290068641460003,0.023286741905606746,0.09208359844031504,0.09058517517048859,0.5974071260265008,0.3154050464807437,0.1952191235059761,0.18890185749434582,0.3061679596951128,-0.008218290306866037,-0.0078242556932544,0.003447857151718642,-0.007084951698402667,0.05292678274292517,0.01622971285892638,4.5,5.496363636363636,5.124090909090909,0.3722727272727271,5.56,0.6036363636363635,0.06058575229559682,19.709999084472656,-0.07551597717622938,33.099998474121094,-0.0676736545930916
1998-07-01,-0.0353889344097863,0.1021816168885025,0.2519154906906748,0.2131474103585657,-0.0426595996166224,-0.0283748809161326,-0.0142847187004898,-0.0471792826471261,-0.0220966309829763,-0.0250826516641498,-0.0324337179074693,-0.0379479207665412,0.0055142028590718,-0.0437867841321882,-0.0256907724723027,-0.0180960116598855,0.004,-0.1605,-0.0497,0.0357,0.0335,0.0578,-0.0202,0.0321,-0.0305,0.0074,0.0014,0.0731,-0.0361,-0.03,0.0001,-0.0128,-0.0274,-0.0203,0.0341,0.0103,-0.0168,0.0013,-0.0026,0.0103,-0.0168,0.0091,0.0018,-0.0303,0.0247,-0.0036,-0.0062,-0.0256,0.0029999999999999944,0.03603204129660158,0.018283333333333335,-0.022000000000000002,0.015487887740640052,-0.007483333333333335,0.008033333333333332,0.021056843701435093,0.008308333333333333,-0.0030333333333333306,0.010077036601435305,0.0009416666666666666,-0.003066666666666669,0.019673001804503543,-0.0019333333333333331,-0.0143871883584782,0.017004059382905282,0.09725097837298637,0.09238090096240865,-0.12355523633594301,0.2702523240371845,-0.1832669322709163,0.21051697637518685,0.17160181312764577,-0.009702932859049636,-0.011549895423694933,0.0039505115900858425,-0.0029966565399801664,0.052901230926685194,0.0174563591022443,4.5,5.461363636363637,5.094545454545455,0.36681818181818215,5.54,0.5977272727272736,0.047558713849327416,24.799999237060547,0.25824456565285914,33.099998474121094,-0.0676736545930916
1998-08-01,-0.1556420479079408,0.1166774283044513,0.2996044911151533,0.0657370517928286,-0.1469594246145415,-0.1640200177524488,0.0170605931379073,-0.1342362379113056,-0.1797574541066817,0.045521216195376,-0.1736021319205913,-0.1400766417636436,-0.0335254901569476,-0.1488721193395912,-0.1634535039483441,0.0145813846087528,0.0043,0.0619,-0.0089,-0.0351,-0.0184,-0.0284,-0.1562,-0.0242,0.0321,-0.0305,0.0704,-0.0409,-0.052,-0.0361,-0.03,0.0005,0.075,-0.0183,-0.0203,0.0341,-0.0093,0.0113,0.0164,-0.0026,0.0103,-0.0037,-0.0102,0.0076,-0.0303,0.0247,-0.0258,-0.0017,-0.007533333333333339,0.040153887317004165,0.010175000000000002,-0.03936666666666667,0.021748195327428933,-0.009533333333333335,-0.0015000000000000013,0.021331330635163546,0.006674999999999998,0.008033333333333337,0.011894438476307608,0.0021583333333333333,0.0006666666666666644,0.02060492659535577,0.0008333333333333335,-0.05637831415206194,-0.021469936603534367,0.1118151777184036,0.09753234890788652,0.14186320257357243,0.22509960159362544,-0.1474103585657371,0.25551266402619904,0.18930554962590795,-0.0039985950950264006,-0.0027359121293432306,-0.003251929500791224,-4.189206977293277e-05,0.052901230926685194,0.016169154228855787,4.5,5.341904761904762,5.040952380952381,0.3009523809523813,5.55,0.6199999999999992,0.05865515150473688,44.279998779296875,0.7854838766739101,33.099998474121094,-0.0676736545930916
1998-09-01,0.0808347905707122,0.1390911739864757,0.3228087165735959,0.4900398406374502,0.065509468018113,0.0955364081357057,-0.0300269401175927,0.0751613811586492,0.0871861545666067,-0.0120247734079574,0.0923573408049358,0.0709037527997792,0.0214535880051565,0.0572759004925379,0.1081691438024401,-0.0508932433099022,0.0046,0.0698,-0.0336,-0.0233,0.0088,0.0018,0.0665,-0.1605,-0.0242,0.0321,0.0476,0.0534,-0.0497,-0.052,-0.0361,-0.0073,0.0248,0.0357,-0.0183,-0.0203,0.0138,0.0024,0.0335,0.0164,-0.0026,-0.0055,-0.0158,0.0578,0.0076,-0.0303,-0.0023,-0.0093,-0.05086666666666667,0.07468886797910382,0.00020833333333333584,-0.04593333333333333,0.02157050455289974,-0.019925000000000002,-0.0009666666666666666,0.024376744382026628,0.008708333333333332,0.01576666666666667,0.017938050804551395,0.0058,0.011699999999999997,0.029869142382510188,0.005791666666666667,-0.03673206391567164,-0.01710152852576282,0.1193167397264766,0.10570016908339575,0.19210010031708324,0.25630810092961487,0.4243027888446216,0.291442899459808,0.07744952477873235,-0.0090836885600584,0.0028045970410896016,-0.0021858997642397577,-0.018135956787011635,0.052901230926685194,0.014267990074441794,4.6,4.806666666666667,4.739047619047619,0.06761904761904791,5.51,0.6852380952380948,0.04848836473856544,40.95000076293945,-0.0752032093079994,33.099998474121094,-0.0676736545930916
1998-10-01,0.0973876771439043,0.1399465036527853,0.3003895140401,0.5258964143426295,0.0872115160516524,0.107208855872473,-0.0199973398208205,0.0763901235318382,0.1207474555373278,-0.0443573320054895,0.1127165081267396,0.0840913983355887,0.0286251097911509,0.0982231079102053,0.0964245372158758,0.0017985706943294,0.0032,0.0607,0.0076,-0.0324,-0.0092,-0.0092,0.073,0.0619,-0.1605,-0.0242,0.0074,-0.0381,-0.0089,-0.0497,-0.052,0.0001,-0.0056,-0.0351,0.0357,-0.0183,0.0103,0.0233,-0.0184,0.0335,0.0164,-0.0168,0.0075,-0.0284,0.0578,0.0076,-0.0036,0.0201,-0.040933333333333335,0.07750421063830447,0.0009166666666666681,-0.03686666666666667,0.021253674192164246,-0.022733333333333338,-0.0059,0.030051799724253897,0.005583333333333332,0.010500000000000002,0.020205114863981025,0.005583333333333333,0.012333333333333328,0.03351863163475899,0.0042,0.007526806602225225,-0.003430190878126488,0.13190503531457087,0.11457800684377854,0.006149417262038215,0.36055776892430275,0.03585657370517925,0.3076009072429497,-0.06945042491869835,-0.010987895600168635,-0.0036202964060236312,0.00551773587978661,-0.01150442933560667,0.06024293892235,0.014860681114551078,4.5,4.529999999999999,4.070476190476191,0.4595238095238088,5.07,0.8066666666666675,0.046377943832389246,28.049999237060547,-0.3150183464112083,33.099998474121094,-0.0676736545930916
1998-11-01,0.0548028533520505,0.1251350613045186,0.2393336111776825,0.4780876494023904,0.0581343617036652,0.0515875604080503,0.0065468012956149,0.0278226157174268,0.0848183677205694,-0.0569957520031426,0.0683832294617463,0.043023190096679,0.0253600393650672,0.0480444795617681,0.062594354345943,-0.0145498747841748,0.0031,0.0615,-0.015,-0.0425,-0.0069,-0.0326,0.0638,0.0698,0.0619,-0.1605,-0.0305,0.0299,-0.0336,-0.0089,-0.0497,-0.03,-0.0501,-0.0233,-0.0351,0.0357,0.0341,0.0122,0.0088,-0.0184,0.0335,0.0103,0.0308,0.0018,-0.0284,0.0578,0.0247,0.0173,-0.009600000000000006,0.08552177890260859,0.009908333333333335,-0.030733333333333335,0.015584960699340946,-0.025066666666666668,-0.007566666666666667,0.031099431934790492,0.0016999999999999984,0.00796666666666667,0.0175274641634208,0.005691666666666667,0.010399999999999998,0.03332528569519947,0.002675,0.07767510702222231,0.010648396435080197,0.13472424631459332,0.12326971201649838,-0.10583645865862201,0.49800796812749004,-0.04780876494023906,0.28751061393045946,-0.20325577295040642,-0.014492492880932767,-0.037792619138863164,0.025146245720458208,-0.021214849133249197,0.06024293892235,0.014842300556586308,4.4,4.827368421052632,4.531052631578947,0.29631578947368453,4.83,0.9289473684210527,0.03741486019967022,26.010000228881836,-0.07272723934635261,33.099998474121094,-0.0676736545930916
1998-12-01,0.0661064778153975,0.1377655562894388,0.3055096833200175,0.4641434262948207,0.0512408972394683,0.0804534916270501,-0.0292125943875817,0.035208987024592,0.1004799363201686,-0.0652709492955766,0.0773759117596582,0.0563313334549062,0.0210445783047519,0.052652013116119,0.0816176759718906,-0.0289656628557715,0.0038,0.0347,-0.0082,-0.0446,-0.028,-0.0641,0.0653,0.0607,0.0698,0.0619,0.0321,0.0136,0.0076,-0.0336,-0.0089,-0.0361,-0.0209,-0.0324,-0.0233,-0.0351,-0.0203,0.0374,-0.0092,0.0088,-0.0184,-0.0026,0.0064,-0.0092,0.0018,-0.0284,-0.0303,0.0195,0.06413333333333333,0.08888243170990918,0.012475000000000002,-0.011633333333333336,0.023547179590487445,-0.020258333333333333,-0.030266666666666667,0.02601095282119951,-0.0020166666666666683,-0.0062666666666666634,0.018778897731230135,0.002358333333333334,-0.011933333333333336,0.032283272242241284,0.00046666666666666645,0.07276566943711743,0.018016802760722896,0.13428237374891436,0.12679955673769538,0.1009349006844984,0.4893758300132802,-0.013944223107569709,0.2817442695126,0.27650137319494794,-0.014221044304262432,-0.05554134443473624,0.025009909153656678,-0.013905655648538967,0.06024293892235,0.01606922126081578,4.4,4.645,4.496818181818182,0.14818181818181753,4.68,1.009545454545453,0.037695732652959,24.420000076293945,-0.06113033981531202,33.099998474121094,-0.0676736545930916
1999-01-01,0.0154418902187269,0.1540988605352468,0.2964520229941048,0.3147410358565737,0.0048817654406736,0.0256336385510341,-0.0207518731103605,-0.0115793511049243,0.045503021191289,-0.0570823722962134,0.0323092784208058,0.0008110617782496,0.0314982166425562,0.0086955497732154,0.0232195183756542,-0.0145239686024388,0.0035,-0.0408,-0.0515,0.0195,-0.0123,0.0408,0.0382,0.0615,0.0607,0.0698,-0.0242,0.0014,-0.015,0.0076,-0.0336,-0.052,-0.0128,-0.0425,-0.0324,-0.0233,-0.0183,-0.0168,-0.0069,-0.0092,0.0088,0.0164,0.0091,-0.0326,-0.0092,0.0018,0.0076,-0.0062,0.064,0.09134349821780785,0.016466666666666668,-0.013666666666666669,0.023810053898861056,-0.01976666666666667,-0.032733333333333337,0.028289532811035727,-0.008675000000000002,-0.0024333333333333308,0.01919298482953256,0.0012500000000000005,-0.013333333333333334,0.03272399731084208,-0.003875,0.045450407128724966,0.026488606865475096,0.13899982604306818,0.13545243067881943,0.11855869264950747,0.41899070385126164,-0.149402390438247,0.28043177249726825,-0.029647702905786222,-0.014472555400775767,-0.0597830245316442,0.025967611437458443,-0.019346502080795032,0.061490241899829545,0.016666666666666607,4.3,4.722105263157895,4.446315789473684,0.2757894736842106,4.63,1.0494736842105263,0.03763083805136991,26.25,0.07493857158020867,33.099998474121094,-0.0676736545930916
1999-02-01,-0.0274778947686298,0.1041179099433031,0.255013607770907,0.2390438247011952,-0.0366263480403587,-0.0186996101263928,-0.0179267379139658,-0.0292552464169563,-0.025512872449362,-0.0037423739675942,-0.0241241118998268,-0.0304055063336623,0.0062813944338355,-0.0328579921004782,-0.0213146187112591,-0.0115433733892191,0.0035,0.0348,-0.0437,-0.0261,-0.0405,-0.0107,-0.0373,0.0347,0.0615,0.0607,-0.1605,0.0704,-0.0082,-0.015,0.0076,-0.0497,0.0005,-0.0446,-0.0425,-0.0324,0.0357,-0.0093,-0.028,-0.0069,-0.0092,0.0335,-0.0037,-0.0641,-0.0326,-0.0092,0.0578,-0.0258,0.05229999999999999,0.08988859215718088,0.019241666666666667,-0.005200000000000005,0.02045215555061785,-0.019383333333333336,-0.03983333333333333,0.030081289865961536,-0.010991666666666669,-0.014699999999999998,0.02184716610150312,-0.0018416666666666661,-0.035300000000000005,0.041174834547329994,-0.008700000000000001,0.018023491088498197,0.04784929905536026,0.131994108922663,0.13335917761862806,-0.32434341447003523,0.3393094289508632,-0.0756972111553785,0.28565843802834306,-0.13978118551756968,-0.02263040180396933,-0.04203189851979474,0.019608063127047874,-0.018344334949143132,0.061490241899829545,0.016666666666666607,4.4,4.998947368421053,4.5552631578947365,0.44368421052631657,4.76,0.9936842105263146,0.04225398806274816,27.8799991607666,0.06209520612444197,33.099998474121094,-0.0676736545930916
1999-03-01,0.0210631214456607,0.1291162932814835,0.2880534786494603,0.3466135458167331,0.0067681595233592,0.0347796745040541,-0.0280115149806948,0.0120647414785373,0.0310116409124184,-0.0189468994338811,0.0303298616814066,0.0129739227868329,0.0173559388945736,0.0170999701955859,0.0256031871182148,-0.0085032169226289,0.0043,0.0434,0.0452,0.024,-0.0247,0.0084,0.0391,-0.0408,0.0347,0.0615,0.0619,0.0476,-0.0515,-0.0082,-0.015,-0.0089,-0.0073,0.0195,-0.0446,-0.0425,-0.0351,0.0138,-0.0123,-0.028,-0.0069,-0.0184,-0.0055,0.0408,-0.0641,-0.0326,-0.0284,-0.0023,0.01846666666666666,0.041964222857095786,0.009975000000000001,-0.024900000000000005,0.021016152518162516,-0.023716666666666667,-0.022533333333333336,0.023742619905983423,-0.00859166666666667,-0.015733333333333332,0.01230885859858664,-0.002558333333333333,-0.018633333333333335,0.0355785562757494,-0.00315,0.0030090389652525987,0.03788735420118501,0.12911102125334456,0.13169669750112936,0.2400968608743026,0.300132802124834,0.10756972111553789,0.27983970313815737,0.12956120721304765,-0.022230042001673698,-0.026590548565896235,0.018378516656988444,-0.0115235196380956,0.061490241899829545,0.01728395061728394,4.2,5.232608695652174,4.566521739130435,0.6660869565217391,4.81,0.910869565217391,0.04425125461604007,23.260000228881836,-0.1657101531906119,33.099998474121094,-0.0676736545930916
1999-04-01,0.0850374705518142,0.1633730221603712,0.3643201692359535,0.5099601593625498,0.0874687984940132,0.0827179278023601,0.0047508706916531,0.0944262108152076,0.0747214472994438,0.0197047635157638,0.0796867630139189,0.0896825902825147,-0.0099958272685958,0.097547283873747,0.0707967396633247,0.0267505442104222,0.0037,-0.0246,0.0375,0.0249,0.0095,0.0318,0.0471,0.0348,-0.0408,0.0347,0.0698,0.0074,-0.0437,-0.0515,-0.0082,-0.0336,0.0001,-0.0261,0.0195,-0.0446,-0.0233,0.0103,-0.0405,-0.0123,-0.028,0.0088,-0.0168,-0.0107,0.0408,-0.0641,0.0018,-0.0036,0.00956666666666666,0.04074424703766983,0.008908333333333334,-0.03446666666666667,0.02265247595002958,-0.02675,-0.017066666666666667,0.023364331790145427,-0.011916666666666671,-0.026933333333333326,0.01727210660766853,-0.005475000000000001,-0.011333333333333334,0.03500260942653657,-0.0038500000000000006,0.02620756574294836,0.03582898643583666,0.13220240846171938,0.13560111725239368,0.2653168551253666,0.36520584329349276,0.1633466135458167,0.3024624185521069,0.26476573358554756,-0.013729127401002498,-0.0009948366285705001,0.004547168686604443,0.0022346512995247334,0.062043442037464036,0.02281134401972884,4.3,5.184545454545455,4.409090909090909,0.7754545454545454,4.74,0.8418181818181809,0.04307254602909483,25.06999969482422,0.07781596939517277,33.099998474121094,-0.0676736545930916
1999-05-01,0.0012083600545776,0.0921674031782802,0.2080699097788739,0.3127490039840637,0.0195556696278972,-0.0162953950556006,0.0358510646834979,0.0094077330446245,-0.00780082755177,0.0172085605963946,-0.0018457988173207,0.0038597727016104,-0.0057055715189311,0.0078257937448186,-0.0063246933915456,0.0141504871363642,0.0034,0.0477,0.0234,-0.0322,0.0093,-0.0291,-0.0212,0.0434,0.0348,-0.0408,0.0607,-0.0305,0.0452,-0.0437,-0.0515,0.0076,-0.03,0.024,-0.0261,0.0195,-0.0324,0.0341,-0.0247,-0.0405,-0.0123,-0.0092,0.0103,0.0084,-0.0107,0.0408,-0.0092,0.0247,0.01246666666666666,0.03778356344585125,0.011908333333333333,-0.016666666666666673,0.03532068327009924,-0.02299166666666667,0.0058,0.03080658479394733,-0.010775000000000002,-0.02583333333333333,0.01306486382120636,-0.0061333333333333335,0.012833333333333335,0.03563361708649104,-0.0028499999999999997,0.035769650684017495,0.02689657088625785,0.12821890620671172,0.13010650756468728,-0.4358468616207253,0.38977423638778225,-0.1972111553784861,0.28681451922142925,-0.42888171627929683,0.004196806798152067,0.005988808226092434,0.0005515133690155765,0.010799271474719168,0.062043442037464036,0.02091020910209096,4.2,5.539499999999999,4.631,0.9084999999999992,4.74,0.7889999999999997,0.0427940147673862,25.389999389648438,0.012764248054230487,33.099998474121094,-0.0676736545930916
1999-06-01,0.0446454182719852,0.1168087778234257,0.2417532097988807,0.4362549800796813,0.0389632572733094,0.050035353847872,-0.0110720965745625,0.0234142554195201,0.068104542658351,-0.0446902872388308,0.0600209946400068,0.03137033047883,0.0286506641611768,0.0456507844129929,0.0435080978249702,0.0021426865880227,0.004,-0.0349,0.0254,-0.0018,0.0029,0.0327,0.0517,-0.0246,0.0434,0.0348,0.0615,0.0321,0.0375,0.0452,-0.0437,-0.015,-0.0361,0.0249,0.024,-0.0261,-0.0425,-0.0203,0.0095,-0.0247,-0.0405,-0.0069,-0.0026,0.0318,0.0084,-0.0107,-0.0326,-0.0303,0.017866666666666666,0.04091594636161636,0.012400000000000001,0.012999999999999992,0.040226993424813666,-0.01736666666666667,0.007599999999999999,0.033818259367783356,-0.01154166666666667,-0.018566666666666662,0.017656471901260462,-0.006200000000000001,0.009833333333333333,0.03979030032558186,-0.002258333333333333,0.04363041629279233,0.02331972762902246,0.12411640105402581,0.1266137111536851,0.26735455047465617,0.4196547144754316,0.12350597609561759,0.271381096271236,0.1618845322507405,0.009843279600196167,-0.0025923210422241307,0.0043164217912166425,0.0143479059782697,0.062043442037464036,0.019656019656019597,4.3,5.899545454545454,4.715454545454545,1.1840909090909095,4.76,0.7818181818181822,0.048264186888740124,21.09000015258789,-0.1693579889889114,33.099998474121094,-0.0676736545930916
1999-07-01,-0.0258497281043743,0.1119085542810445,0.2316555767013726,0.2450199203187251,-0.0197852943835509,-0.0316715844763648,0.0118862900928138,-0.0349543884439488,-0.0159123244410583,-0.0190420640028904,-0.009191532240494,-0.0402445821389231,0.031053049898429,-0.0219854455327296,-0.030167229002323,0.0081817834695934,0.0038,-0.0137,-0.0167,-0.0193,-0.0024,0.0072,-0.0311,0.0477,-0.0246,0.0434,0.0347,-0.0242,0.0234,0.0375,0.0452,-0.0082,-0.052,-0.0322,0.0249,0.024,-0.0446,-0.0183,0.0093,0.0095,-0.0247,-0.028,0.0164,-0.0291,0.0318,0.0084,-0.0641,0.0076,0.022166666666666657,0.0382969276400427,0.013700000000000002,0.035366666666666664,0.041532673884545436,-0.012408333333333335,0.005566666666666667,0.031890735331754266,-0.012533333333333336,-0.0019666666666666647,0.020540472243840945,-0.005208333333333333,0.0036999999999999997,0.0393170404108278,-0.0021583333333333337,0.006668016740729494,0.016437791241838928,0.10696157842758358,0.11958199344465138,-0.04195081597196948,0.33134130146082336,-0.19123505976095617,0.22715956542637575,-0.04176835172492033,0.012221752733916402,-0.015507930215108864,0.017999380846891577,0.0081583190646601,0.06200230081973701,0.021446078431372584,4.3,5.791904761904762,4.685714285714286,1.1061904761904762,4.99,0.7576190476190474,0.058399784138435606,24.639999389648438,0.16832618356453333,33.099998474121094,-0.0676736545930916
1999-08-01,-0.018223202387449,0.1044064164085275,0.2268047010879196,0.2729083665338645,-0.02720459995678,-0.0095497384490665,-0.0176548615077135,-0.0234521531459733,-0.0125505830797166,-0.0109015700662566,-0.0137485668402505,-0.0221141898197956,0.008365622979545,-0.0214989808091856,-0.0145430068766092,-0.0069559739325764,0.0039,-0.0277,0.0248,-0.029,-0.0096,-0.0099,-0.0098,-0.0349,0.0477,-0.0246,-0.0408,-0.1605,0.0254,0.0234,0.0375,-0.0515,-0.0497,-0.0018,-0.0322,0.0249,0.0195,0.0357,0.0029,0.0093,0.0095,-0.0123,0.0335,0.0327,-0.0291,0.0318,0.0408,0.0578,-0.00393333333333334,0.041829351736151335,0.012808333333333333,0.028766666666666663,0.04238946803157598,-0.005958333333333336,-0.0030333333333333336,0.02563617886243319,-0.011158333333333334,0.007233333333333335,0.02033637135774227,-0.006333333333333333,0.0118,0.027809452829328844,-6.666666666666685e-05,0.00019082926005395984,0.017980239972035728,0.11104124950433268,0.11963007785552211,-0.06703810911251973,0.31806108897742363,0.027888446215139417,0.2334044958627243,-0.02094003383180476,-0.005613555996487399,-0.024877973769325934,0.022689779013050276,0.0011228320416799,0.06200230081973701,0.022643818849449104,4.2,5.9390909090909085,4.873636363636364,1.0654545454545445,5.07,0.7577272727272728,0.04109544569149426,24.450000762939453,-0.0077109834178326064,33.099998474121094,-0.0676736545930916
1999-09-01,-0.0275500997074143,0.1071121128341872,0.2476058423585141,0.2151394422310757,-0.0273529841276225,-0.0277404570387562,0.0003874729111336,-0.0383602008413358,-0.0158227778712207,-0.0225374229701151,-0.0179689880366484,-0.0358815011602542,0.0179125131236058,-0.0315839873838958,-0.0230182012066759,-0.0085657861772198,0.0039,0.0609,-0.0713,-0.0288,-0.0175,-0.0087,-0.0238,-0.0137,-0.0349,0.0477,0.0348,0.0619,-0.0167,0.0254,0.0234,-0.0437,-0.0089,-0.0193,-0.0018,-0.0322,-0.0261,-0.0351,-0.0024,0.0029,0.0093,-0.0405,-0.0184,0.0072,0.0327,-0.0291,-0.0107,-0.0284,-0.00030000000000000626,0.037196420078640186,0.02504166666666667,0.010699999999999996,0.034606516727344896,-0.003208333333333335,-0.017766666666666667,0.025038962971071034,-0.01574166666666667,0.003266666666666668,0.02044561077590983,-0.009325,0.0035999999999999973,0.024056385153772914,-0.0042833333333333334,-0.02387434339974587,0.009878036446523228,0.10780902784125318,0.1159627144476394,0.02591503969519171,0.24435590969455512,-0.05776892430278882,0.23535537338260212,0.09171388939831115,-0.0017936995012553655,-0.017493685679754033,0.019110395333859942,-0.0024466588800676,0.06200230081973701,0.02629969418960254,4.2,5.915238095238095,4.822380952380952,1.0928571428571434,5.22,0.8066666666666666,0.0374445634155085,25.40999984741211,0.03926376501091133,33.099998474121094,-0.0676736545930916
1999-10-01,0.0320823371183329,0.1409662205850014,0.3093817527034244,0.3844621513944223,0.0269686934154242,0.0370206558942846,-0.0100519624788603,0.0329978603819068,0.0310891330930011,0.0019087272889057,0.0366691993476166,0.0280937612667818,0.0085754380808348,0.027255337140397,0.0375052630194707,-0.0102499258790737,0.0039,0.0341,0.0569,-0.0565,-0.0418,-0.0184,0.0648,-0.0277,-0.0137,-0.0349,0.0434,0.0698,0.0248,-0.0167,0.0254,0.0452,-0.0336,-0.029,-0.0193,-0.0018,0.024,-0.0233,-0.0096,-0.0024,0.0029,-0.0247,0.0088,-0.0099,0.0072,0.0327,0.0084,0.0018,-0.02543333333333334,0.03720482047620532,0.017575000000000004,0.011166666666666663,0.021391181983861217,-0.0004000000000000022,-0.0167,0.025548594220948174,-0.015233333333333337,-0.003033333333333331,0.01308174300313227,-0.008591666666666666,0.009999999999999997,0.023942493604468172,-0.0027416666666666666,-0.004563654992176809,0.001052180874276348,0.11749491660923882,0.1122282475184111,0.31606236545087474,0.2908366533864542,0.1693227091633466,0.2612640987166194,0.249492943124757,-0.009106450358480065,-0.010510088582488667,0.011617858061328543,-0.008590561996289965,0.06522257230505168,0.0256253813300793,4.1,6.112,5.0185,1.0934999999999997,5.2,0.8239999999999998,0.0429950432876991,22.200000762939453,-0.1263281819657146,33.099998474121094,-0.0676736545930916
1999-11-01,0.0220959260889227,0.1405641706194304,0.2941606603399123,0.3306772908366533,0.0203687833162609,0.0237740023055429,-0.0034052189892819,-0.0028391549378032,0.0492841770879431,-0.0521233320257463,0.0284403517588977,0.016667540488944,0.0117728112699536,0.0078803242184593,0.0381429858690776,-0.0302626616506183,0.0036,0.0766,0.051,-0.0766,-0.08,-0.0587,0.0377,0.0609,-0.0277,-0.0137,-0.0246,0.0607,-0.0713,0.0248,-0.0167,0.0375,0.0076,-0.0288,-0.029,-0.0193,0.0249,-0.0324,-0.0175,-0.0096,-0.0024,0.0095,-0.0092,-0.0087,-0.0099,0.0072,0.0318,-0.0092,0.006499999999999996,0.04183866234318046,0.016833333333333336,-0.021066666666666668,0.041201104354131116,-0.003541666666666669,-0.0257,0.02220186178379342,-0.01569166666666667,-0.009833333333333331,0.010762713412518242,-0.010783333333333334,-0.003800000000000003,0.024726018684778174,-0.003616666666666667,0.008876054499947094,0.004533441880000531,0.12954750134620643,0.12029437542526948,-0.0028521014743994044,0.3100929614873838,-0.05378486055776899,0.28371608513395025,-0.04919841661800639,-0.004356569519002865,-0.024250675902318566,0.012753587491464742,-0.016359457902303934,0.06522257230505168,0.026203534430225606,4.1,6.034,5.2275,0.8064999999999998,5.42,0.7914285714285709,0.04884601547870515,24.18000030517578,0.08918916550407174,33.099998474121094,-0.0676736545930916
1999-12-01,0.0586113313137254,0.1882572602371784,0.3872224478862702,0.3804780876494024,0.0540566187144519,0.0630125142748211,-0.0089558955603692,0.0229043446745079,0.0972939001728776,-0.0743895554983697,0.0720377680114345,0.0470417422444228,0.0249960257670117,0.0491531139209815,0.0693383339664714,-0.0201852200454898,0.0044,-0.0474,0.0421,-0.0112,-0.0615,0.0456,0.081,0.0341,0.0609,-0.0277,0.0477,0.0615,0.0569,-0.0713,0.0248,0.0234,-0.015,-0.0565,-0.0288,-0.029,-0.0322,-0.0425,-0.0418,-0.0175,-0.0096,0.0093,-0.0069,-0.0184,-0.0087,-0.0099,-0.0291,-0.0326,0.022433333333333333,0.04143687568659909,0.014616666666666668,0.0034666666666666643,0.04495977832092446,0.0005666666666666638,-0.0381,0.01785291759535866,-0.017700000000000004,-0.022966666666666663,0.018243766058574636,-0.0135,-0.012333333333333335,0.02175221061562861,-0.004383333333333333,0.03759653150699366,0.0068610940536238995,0.15659588381387018,0.1322024558275616,0.33929762760721105,0.36520584329349265,0.04980079681274907,0.3302549536432023,0.3163638109828213,-0.007471025676170463,-0.041534720078403434,0.015114758372600042,-0.020232602525060598,0.06522257230505168,0.02676399026763998,4.0,6.275454545454545,5.3568181818181815,0.9186363636363639,5.3,0.6409090909090907,0.052169171875089626,24.639999389648438,0.019023948662820755,33.099998474121094,-0.0676736545930916
2000-01-01,-0.0314741181364241,0.1377278836201408,0.3057374137202567,0.2549800796812749,-0.0309941415294669,-0.0319379157566299,0.0009437742271629,-0.0240882478964351,-0.0394754775630787,0.0153872296666435,-0.0451843792288796,-0.0196599569822868,-0.0255244222465928,-0.0362273085190727,-0.026083304653664,-0.0101440038654086,0.0041,0.0245,0.1846,-0.0977,-0.1895,-0.0113,-0.0433,0.0766,0.0341,0.0609,-0.0349,0.0347,0.051,0.0569,-0.0713,0.0254,-0.0082,-0.0766,-0.0565,-0.0288,-0.0018,-0.0446,-0.08,-0.0418,-0.0175,0.0029,-0.028,-0.0587,-0.0184,-0.0087,0.0327,-0.0641,0.0572,0.04774617960284013,0.015875000000000004,0.012199999999999997,0.048254302053461186,0.006066666666666664,-0.05396666666666666,0.02688982459345295,-0.02054166666666667,-0.04643333333333333,0.031271051575965055,-0.01959166666666667,-0.028600000000000004,0.03019980132384979,-0.0065583333333333335,0.016411046422074662,0.005923695714948934,0.15551643815891666,0.13650567738407762,-0.2684059916381313,0.32204515272244355,-0.1254980079681275,0.3290401739821464,-0.21043468582675295,-0.0038057801074960645,-0.03704188595249083,0.0037481382634575087,-0.020197295187172233,0.06274085758528591,0.02792956891317555,4.0,6.661,5.4990000000000006,1.161999999999999,5.45,0.5519999999999987,0.04620955049951481,24.950000762939453,0.01258122487702873,33.099998474121094,-0.0676736545930916
2000-02-01,0.0077638558505827,0.2921929444063355,0.434294462278182,0.2390438247011952,-0.001053098938781,0.0163331433705823,-0.0173862423093633,-0.0346949088547537,0.0540135816903242,-0.0887084905450779,0.0269064268401121,-0.0088331604860837,0.0357395873261959,-0.0156200111376322,0.03442716759934,-0.0500471787369722,0.0043,0.0521,-0.1554,0.085,0.1165,-0.012,0.0288,-0.0474,0.0766,0.0341,-0.0137,-0.0408,0.0421,0.051,0.0569,-0.0167,-0.0515,-0.0112,-0.0766,-0.0565,-0.0193,0.0195,-0.0615,-0.08,-0.0418,-0.0024,-0.0123,0.0456,-0.0587,-0.0184,0.0072,0.0408,0.021099999999999997,0.050593043000001496,0.009033333333333336,0.049999999999999996,0.04966474269204129,0.01025833333333333,-0.048100000000000004,0.024732650484733748,-0.017758333333333338,-0.06110000000000001,0.030939790992614454,-0.022383333333333335,-0.010500000000000002,0.034007102199393575,0.0025833333333333333,0.011633689675961326,0.010254872087954217,0.2060593627545517,0.16780343205037895,1.1215235196107107,0.2915006640106242,-0.015936254980079695,0.375751441294903,0.4204818997898383,-0.008466121214189864,-0.04923693879226804,0.011737063615538274,-0.02679213421595687,0.06274085758528591,0.032179720704310855,4.1,6.519499999999999,5.727,0.7924999999999986,5.73,0.6100000000000012,0.04313335681097841,23.3700008392334,-0.06332664831229085,33.099998474121094,-0.0676736545930916
2000-03-01,0.105968834111346,0.1871574199708325,0.3776204103697319,0.5697211155378487,0.091059714890393,0.1204591578485643,-0.0293994429581713,0.1233909644135188,0.0869911564607649,0.0363998079527538,0.0968571287672741,0.1138688765107274,-0.0170117477434533,0.1041484785567128,0.1080444834327875,-0.0038960048760746,0.0047,-0.0635,-0.0475,0.0645,0.0807,0.0563,0.0568,0.0245,-0.0474,0.0766,-0.0277,0.0348,0.1846,0.0421,0.051,0.0248,-0.0437,-0.0977,-0.0112,-0.0766,-0.029,-0.0261,-0.1895,-0.0615,-0.08,-0.0096,-0.0405,-0.0113,0.0456,-0.0587,-0.0099,-0.0107,0.0179,0.048812525714888665,0.014475000000000002,0.09256666666666664,0.08191862832510484,0.02993333333333333,-0.06183333333333333,0.032927111423060894,-0.027525000000000004,-0.11033333333333334,0.06570359959697794,-0.03715,-0.008133333333333334,0.03327663845202316,-0.0017583333333333333,0.02741952394183486,0.032508027724414267,0.2056927493324364,0.1811443165731532,-0.35947317156788117,0.35458167330677287,0.3306772908366534,0.37255076212272353,-0.1304968329809103,-0.01528063701345723,-0.012307150975226869,-0.0022655275546167226,-0.021362395826151803,0.06274085758528591,0.03762135922330101,4.0,6.256521739130435,5.863913043478261,0.39260869565217416,5.85,0.6856521739130415,0.04447293166354416,24.110000610351562,0.0316645162406608,33.099998474121094,-0.0676736545930916
2000-04-01,0.0144887287297254,0.1358143915299206,0.3133063236723944,0.3924302788844621,0.0149343782705202,0.0140580171623651,0.0008763611081551,0.030079110691374,-0.0023931641636573,0.0324722748550313,0.0039360237882039,0.0235897388115667,-0.0196537150233627,0.0207332492144118,0.0074116055137476,0.0133216437006642,0.0046,-0.0439,-0.0386,0.0459,0.0405,0.0147,-0.0589,0.0521,0.0245,-0.0474,0.0609,0.0434,-0.1554,0.1846,0.0421,-0.0713,0.0452,0.085,-0.0977,-0.0112,-0.0288,0.024,0.1165,-0.1895,-0.0615,-0.0175,-0.0247,-0.012,-0.0113,0.0456,-0.0087,0.0084,0.009733333333333332,0.0437732642907365,0.01591666666666667,0.023766666666666658,0.11745690982937815,0.020624999999999994,-0.007966666666666664,0.06485579902111042,-0.018266666666666667,-0.044833333333333336,0.0992207975510511,-0.024066666666666667,0.007433333333333331,0.033283474377935156,-0.0018666666666666669,0.042740472897218024,0.029575759659646348,0.20505491863569633,0.1802856783973064,-0.2743307128774988,0.400398406374502,-0.17729083665338657,0.3750737321067694,-0.17031411685180597,-0.015303108053126499,-0.006612135912430937,-0.00030862514687335596,-0.013540513304127534,0.0757394598691401,0.03013863773357439,3.8,5.990526315789474,5.821578947368421,0.16894736842105296,6.02,0.7594736842105272,0.048280268462447484,26.200000762939453,0.08668602653168556,33.099998474121094,-0.0676736545930916
2000-05-01,0.0096584764552009,0.1369950530541461,0.2943059294521308,0.3705179282868526,0.007033603992469,0.0121812705443821,-0.005147666551913,0.0334732793961025,-0.0162700663916977,0.0497433457878002,-0.0021882049204907,0.0198216820564522,-0.022009886976943,0.0176557466151456,0.0005464353032639,0.0171093113118816,0.005,0.0468,0.0995,-0.0804,-0.0831,-0.0317,-0.0389,-0.0635,0.0521,0.0245,0.0341,-0.0246,-0.0475,-0.1554,0.1846,0.0569,0.0375,0.0645,0.085,-0.0977,-0.0565,0.0249,0.0807,0.1165,-0.1895,-0.0418,0.0095,0.0563,-0.012,-0.0113,-0.0184,0.0318,0.004366666666666667,0.055948571623113556,0.007008333333333336,-0.006100000000000008,0.1141952494633643,0.012899999999999995,0.01726666666666667,0.07574925522186121,-0.01489166666666667,0.0025666666666666568,0.1120582467588471,-0.015283333333333335,0.010999999999999998,0.043138416753515645,0.002125,0.04337201309875743,0.02750285138735938,0.15332228818496652,0.17969082546975898,0.008693198938092062,0.4442231075697211,-0.021912350597609487,0.32841088783141903,-0.06064478366587711,-0.011223582800643067,0.03953847619852843,-0.019558449914586325,0.008844983378823732,0.0757394598691401,0.031325301204819134,4.0,6.440454545454545,5.994545454545454,0.44590909090909125,6.27,0.9118181818181821,0.044514690645768074,23.649999618530273,-0.09732828512036606,33.099998474121094,-0.0676736545930916
2000-06-01,0.0106950751394137,0.1619565062604049,0.3440397678122187,0.3167330677290836,0.0214173060818466,0.0003302518950618,0.0210870541867847,-0.0183492441751403,0.0424891524955823,-0.0608383966707227,0.0170306675167655,0.0052882607021973,0.0117424068145682,0.0144556885100585,0.0063874634603114,0.0080682250497471,0.004,-0.0248,-0.0094,0.0806,0.0572,0.0298,0.0508,-0.0439,-0.0635,0.0521,0.0766,0.0477,-0.0386,-0.0475,-0.1554,0.051,0.0234,0.0459,0.0645,0.085,-0.0766,-0.0322,0.0405,0.0807,0.1165,-0.08,0.0093,0.0147,0.0563,-0.012,-0.0587,-0.0291,-0.018433333333333336,0.058971202011377274,0.005400000000000002,-0.0805,0.11500220287745218,0.006558333333333328,0.06513333333333333,0.07617613143235878,-0.01314166666666667,0.07923333333333334,0.11520996050689368,-0.012700000000000003,0.019666666666666662,0.04238630281903183,0.0007,0.011614093441446663,0.019516808691640766,0.144921983614824,0.17530736647363007,0.1822069676953444,0.35989375830013276,-0.05378486055776899,0.31721734031224796,0.16898687176527694,0.005605249581008934,0.007125741324036264,-0.009973731728579157,0.0128330600207643,0.0757394598691401,0.03734939759036138,4.0,6.097272727272728,5.861818181818182,0.23545454545454536,6.53,0.8136363636363635,0.04574285752844154,19.540000915527344,-0.17378430314149595,33.099998474121094,-0.0676736545930916
2000-07-01,0.0319615062236635,0.138003371458221,0.29553098112103,0.4282868525896414,0.0422382868567844,0.0220253923518616,0.0202128945049228,0.0579694383163682,0.0035057687575278,0.0544636695588404,0.0130870044978815,0.048083476447769,-0.0349964719498874,0.0289131257150413,0.0354506164443758,-0.0065374907293344,0.0048,0.0703,-0.0095,-0.0137,-0.0306,0.0121,-0.02,0.0468,-0.0439,-0.0635,-0.0474,-0.0349,0.0995,-0.0386,-0.0475,0.0421,0.0254,-0.0804,0.0459,0.0645,-0.0112,-0.0018,-0.0831,0.0405,0.0807,-0.0615,0.0029,-0.0317,0.0147,0.0563,0.0456,0.0327,-0.020200000000000003,0.05205150013848465,0.0053250000000000025,0.004466666666666665,0.12037400743792935,0.012899999999999995,0.01,0.07696849788495724,-0.017158333333333334,0.012699999999999994,0.11556320637065531,-0.0204,0.013099999999999999,0.03495509500297011,0.0004833333333333333,0.017438352606092694,0.03008941275165537,0.14565164359092414,0.17535328111331014,-0.14789856459159711,0.3718459495351925,0.11155378486055778,0.31129222612845986,-0.14099761489684937,0.012050760713264835,0.014456206225305962,-0.015087984037420723,0.006213348544098098,0.06519700461233868,0.03599280143971195,4.0,6.054,6.1425,-0.0884999999999998,6.54,0.7010000000000005,0.037698485910728996,20.739999771118164,0.06141242576080175,33.099998474121094,-0.0676736545930916
2000-08-01,0.0717796517309327,0.1393490222671484,0.3128474256247905,0.4760956175298805,0.059065940911661,0.0840719135727699,-0.0250059726611088,0.0703109119694811,0.0733866258228739,-0.0030757138533928,0.0738949053828247,0.0699728725699416,0.0039220328128831,0.0462260346170973,0.1010277677045996,-0.0548017330875023,0.005,-0.0544,0.0027,0.0724,0.027,0.0554,0.0753,-0.0248,0.0468,-0.0439,0.0245,-0.0137,-0.0094,0.0995,-0.0386,0.1846,-0.0167,0.0806,-0.0804,0.0459,-0.0977,-0.0193,0.0572,-0.0831,0.0405,-0.1895,-0.0024,0.0298,-0.0317,0.0147,-0.0113,0.0072,-0.007300000000000002,0.04912533630079968,0.006166666666666668,0.017166666666666667,0.11981438422270789,0.009999999999999993,0.015366666666666667,0.08294633003736011,-0.01029166666666667,0.004866666666666662,0.11638711984866139,-0.015875,0.004266666666666664,0.03225149092160959,0.00024166666666666664,0.038145411031336625,0.04075871206504703,0.14643629999525823,0.14987929409011227,0.009750854596583425,0.4070385126162018,0.04780876494023911,0.3174727248526797,0.058594345804539705,0.0054313253435329,-0.0031501469884250375,-0.006444010774145358,-0.01775699958902987,0.06519700461233868,0.033512866546977715,4.1,5.826086956521739,6.277391304347826,-0.4513043478260865,6.5,0.7082608695652173,0.030734226950164922,16.84000015258789,-0.18804241376903408,33.099998474121094,-0.0676736545930916
2000-09-01,-0.0059041448126362,0.1508736288907441,0.3498485770592443,0.3705179282868526,-0.0011443217693358,-0.0104808977388866,0.0093365759695508,0.0304184021265055,-0.045412880079773,0.0758312822062785,-0.0163227461069065,0.0029489671679872,-0.0192717132748937,-0.0044280990193859,-0.0076024866590868,0.0031743876397008,0.0051,-0.0278,-0.0258,0.0558,0.0954,0.0371,-0.0493,0.0703,-0.0248,0.0468,0.0521,-0.0277,-0.0095,-0.0094,0.0995,-0.1554,0.0248,-0.0137,0.0806,-0.0804,0.085,-0.029,-0.0306,0.0572,-0.0831,0.1165,-0.0096,0.0121,0.0298,-0.0317,-0.012,-0.0099,0.030766666666666664,0.0569088276690591,0.013166666666666669,0.026866666666666667,0.08204806924399059,0.010599999999999993,-0.0045000000000000005,0.06500102819699598,-0.009825000000000002,-0.018833333333333337,0.07398183560847894,-0.018225,0.003399999999999997,0.030890171036539536,0.00065,0.03261233771398666,0.022113215577716668,0.1427420075387046,0.1438319955767642,0.08270317535132521,0.4249667994687915,-0.1055776892430279,0.31940899460168826,0.11827219405931966,0.0015144992711215999,0.04240641263724202,-0.01678205080396599,-0.019388278725711968,0.06519700461233868,0.0345649582836709,3.9,5.799,6.175,-0.37599999999999945,6.52,0.7225000000000001,0.03968806853188922,20.56999969482422,0.2214964078645285,30.860000610351562,-0.0676736545930916
2000-10-01,0.0201366676012491,0.1310956968622937,0.3109210750516668,0.3884462151394422,0.0219660673681849,0.0183776293638107,0.0035884380043741,0.0270166381641366,0.0126531908486346,0.0143634473155019,0.0239675491723701,0.0168814107221618,0.0070861384502082,0.0307760500915693,0.0078949684708204,0.0228810816207488,0.0056,-0.107,-0.0035,0.1224,0.1305,0.0835,-0.0222,-0.0544,0.0703,-0.0248,-0.0635,0.0609,0.0027,-0.0095,-0.0094,-0.0475,-0.0713,0.0724,-0.0137,0.0806,0.0645,-0.0288,0.027,-0.0306,0.0572,0.0807,-0.0175,0.0554,0.0121,0.0298,0.0563,-0.0087,-0.0029666666666666682,0.05632255025002567,0.010941666666666669,-0.005400000000000002,0.05259477794103397,0.008758333333333328,0.04643333333333333,0.06305544914332675,-0.0013750000000000012,0.01786666666666666,0.06098207660179071,-0.015175000000000001,0.032433333333333335,0.03281570762099556,0.006091666666666666,0.028670724839848533,0.023054538722970617,0.1404394493400622,0.14304554646549306,-0.13108939033190947,0.4116865869853918,0.017928286852589626,0.32453902591190054,-0.11126957363895595,-0.0040269862290613,0.02903967188946253,-0.0027545140039341247,-0.009582087942350903,0.054097561364861546,0.03450327186198687,3.9,5.738571428571428,6.294761904761905,-0.5561904761904763,6.51,0.7928571428571418,0.023142184859096693,23.6299991607666,0.1487603068225778,30.860000610351562,0.0
2000-11-01,-0.0316555579726194,0.1404937655253639,0.3434484143319361,0.348605577689243,-0.0269275467819586,-0.0362277006624892,0.0093001538805305,-0.0068632723838013,-0.0584658202954111,0.0516025479116098,-0.0390513159227331,-0.0253327597251128,-0.0137185561976203,-0.0265437495931232,-0.0375019974964743,0.0109582479033511,0.0051,0.0118,0.0326,0.0755,0.0192,0.0482,-0.1019,-0.0278,-0.0544,0.0703,-0.0439,0.0341,-0.0258,0.0027,-0.0095,-0.0386,0.0569,0.0558,0.0724,-0.0137,0.0459,-0.0565,0.0954,0.027,-0.0306,0.0405,-0.0418,0.0371,0.0554,0.0121,0.0147,-0.0184,-0.003966666666666668,0.051412786995714076,0.0035500000000000024,-0.010866666666666669,0.04936033832947265,0.012549999999999997,0.03816666666666667,0.062147716504041134,0.005674999999999999,0.030599999999999992,0.0643387804257018,-0.005766666666666667,0.034866666666666664,0.029677848080119723,0.009908333333333333,-0.0058076783946688386,0.0161688663183339,0.14082103042613403,0.14362866521069603,0.07168861288362649,0.36918990703851257,-0.03984063745019922,0.3347393554809491,0.10461606462303719,0.007408389284818466,0.0472657591444634,-0.00863471034076859,0.012337905721266898,0.054097561364861546,0.03444180522565321,3.9,5.717142857142857,6.356190476190475,-0.6390476190476182,6.51,0.8252380952380953,0.018491278756576968,29.649999618530273,0.25476092558474606,33.79999923706055,0.0952689101931774
2000-12-01,0.0712236880229525,0.1464695584380583,0.331148158630551,0.5278884462151394,0.0851429829962253,0.0577632709059415,0.0273797120902837,0.0959038456621421,0.0445346803433639,0.0513691653187781,0.0580670606439364,0.0824715818962047,-0.0244045212522683,0.0826090862403854,0.0582020649119964,0.024407021328389,0.005,0.0325,0.0523,-0.0505,-0.052,-0.0521,0.0168,-0.107,-0.0278,-0.0544,0.0468,0.0766,-0.0035,-0.0258,0.0027,0.0995,0.051,0.1224,0.0558,0.0724,-0.0804,-0.0766,0.1305,0.0954,0.027,-0.0831,-0.08,0.0835,0.0371,0.0554,-0.0317,-0.0587,-0.06306666666666667,0.06536609977656614,-0.008208333333333331,-0.008866666666666669,0.04533881339426526,0.007516666666666662,0.08353333333333333,0.07364233610272468,0.020583333333333332,0.0843,0.07942970896753097,0.008591666666666666,0.058666666666666666,0.03918865482083643,0.0184,0.01990159921719406,0.026256968465590363,0.13935300694190544,0.1410475072403049,0.042534221289809215,0.42164674634794147,0.17928286852589642,0.32850588267138464,-0.03581398308479933,0.013422767991729432,0.039111720181963266,-0.01034564633322679,0.019415450284162965,0.054097561364861546,0.03436018957345954,3.9,5.2405,5.936999999999999,-0.6964999999999995,6.4,0.810999999999999,0.007397718173229428,26.850000381469727,-0.09443505136879127,26.799999237060547,-0.2071005963906869
2001-01-01,0.0311906748543995,0.1876264103288675,0.3624599292373847,0.3426294820717131,0.0236271336913283,0.0384649002352768,-0.0148377665439484,-0.0151038733075655,0.0809640040921192,-0.0960678773996847,0.0501263204981075,0.0149040573577387,0.0352222631403688,0.018256654872874,0.0458954237619672,-0.0276387688890932,0.0054,-0.1003,0.0287,0.1223,0.0912,0.0901,0.0379,0.0118,-0.107,-0.0278,-0.0248,-0.0474,0.0326,-0.0035,-0.0258,-0.0094,0.0421,0.0755,0.1224,0.0558,0.0806,-0.0112,0.0192,0.1305,0.0954,0.0572,-0.0615,0.0482,0.0835,0.0371,0.0298,0.0456,-0.041,0.059963269312693974,-0.013608333333333332,0.0010999999999999968,0.01948750881975443,0.005983333333333329,0.08456666666666666,0.04467652627499144,0.033258333333333334,0.0817,0.05756208532242965,0.016858333333333333,0.056266666666666666,0.024388419382977637,0.027308333333333334,0.023586268301577524,0.02612849657071303,0.15819657809743004,0.149318013718746,0.28099253066441343,0.4063745019920319,-0.1852589641434263,0.34568550073329063,0.0945551705204164,0.007280699808955268,0.0023012786102343994,-0.0009669381031732575,0.00257550011421563,0.04679500336876585,0.037212049616065945,4.2,5.160952380952381,5.285238095238095,-0.12428571428571455,5.98,0.777619047619047,0.003976490637767949,22.020000457763672,-0.17988826275918546,28.700000762939453,0.07089558134208751
2001-02-01,-0.0382015167174924,0.1333516447140644,0.3142750161290084,0.3107569721115538,-0.0323854277006536,-0.043858696198352,0.0114732684976983,-0.0162405735226039,-0.0620665879350591,0.0458260144124552,-0.0458402426884478,-0.031698806403756,-0.0141414362846917,-0.0316422446902192,-0.0457368708916812,0.014094626201462,0.0038,-0.0725,0.0233,0.0647,0.0334,0.0372,-0.0965,0.0325,0.0118,-0.107,0.0703,0.0245,0.0523,0.0326,-0.0035,-0.0095,0.1846,-0.0505,0.0755,0.1224,-0.0137,-0.0977,-0.052,0.0192,0.1305,-0.0306,-0.1895,-0.0521,0.0482,0.0835,0.0121,-0.0113,-0.020900000000000002,0.06386118278474544,-0.006949999999999998,0.02713333333333333,0.028901810785254844,0.0068333333333333275,0.04913333333333333,0.06378622892129618,0.02998333333333333,0.03256666666666666,0.07054696071884792,0.01765,0.026533333333333336,0.04679089655050435,0.019166666666666665,0.021404282053286528,0.007798301829308849,0.15581587116033022,0.148318450793232,-0.2892703938623111,0.39375830013280205,-0.031872509960159334,0.33596103466564803,-0.13293859326672963,0.0080050713480112,0.0003757674438495326,-0.0011078981321970577,0.003620959546919265,0.04679500336876585,0.03529411764705892,4.2,5.098947368421053,5.005263157894737,0.09368421052631604,5.49,0.7726315789473688,-0.0056684588652845536,28.350000381469727,0.2874659306137417,27.420000076293945,-0.04459932587522375
2001-03-01,-0.0406505603417283,0.123465008130431,0.2534351166028169,0.2390438247011952,-0.0387712459347364,-0.0424785273605509,0.0037072814258144,-0.029804490601611,-0.052437040752954,0.0226325501513429,-0.0505887144585868,-0.0321903881191717,-0.018398326339415,-0.040375643154967,-0.0409663878241385,0.0005907446691715,0.0042,0.0794,-0.0088,-0.0464,-0.0318,-0.0319,-0.0683,-0.1003,0.0325,0.0118,-0.0544,0.0521,0.0287,0.0523,0.0326,0.0027,-0.1554,0.1223,-0.0505,0.0755,0.0724,0.085,0.0912,-0.052,0.0192,0.027,0.1165,0.0901,-0.0521,0.0482,0.0554,-0.012,-0.018666666666666668,0.05729969168038051,-0.017349999999999997,0.037866666666666667,0.02844440190969053,-0.006158333333333338,0.0491,0.06349417033607627,0.04831666666666667,0.01946666666666666,0.06648188976455671,0.041041666666666664,0.02873333333333333,0.05121589596990371,0.027616666666666668,-0.015887134068273735,0.002007232574460166,0.14814768772445444,0.14375034733317985,-0.07413959238997436,0.29747675962815406,-0.07171314741035859,0.31005668732306996,-0.19358808815148376,0.00011426112652143285,-0.009203104278628868,0.0008941668387540414,-0.004317799339486569,0.04679500336876585,0.029824561403508643,4.3,4.885454545454546,4.535454545454545,0.35000000000000053,5.31,0.8659090909090903,-0.011222957252491561,28.639999389648438,0.01022924177342377,26.399999618530273,-0.037199141317491025
2001-04-01,0.0940323437893796,0.1486207448773358,0.2997291018293401,0.5597609561752988,0.0851809614300903,0.1026418851006009,-0.0174609236705106,0.0713230174281639,0.118710686887117,-0.0473876694589531,0.0976596085780293,0.0909445183795548,0.0067150901984745,0.0767572740460357,0.1138781084350068,-0.0371208343889711,0.0039,0.0068,0.0355,0.0338,0.0029,0.0195,0.0833,-0.0725,-0.1003,0.0325,-0.0278,-0.0635,0.0233,0.0287,0.0523,-0.0258,-0.0475,0.0647,0.1223,-0.0505,0.0558,0.0645,0.0334,0.0912,-0.052,0.0954,0.0807,0.0372,0.0901,-0.0521,0.0371,0.0563,-0.04676666666666667,0.05861601885719182,-0.027733333333333332,0.03476666666666666,0.02797460753373803,0.00873333333333333,0.045500000000000006,0.06342440119281118,0.046625,0.024199999999999996,0.06605275921564521,0.03411666666666666,0.025066666666666664,0.05092247702799488,0.031716666666666664,0.0050600889100529635,0.014323178605815246,0.13514579924061051,0.14667118866902018,0.20374790499612438,0.36985391766268255,0.3207171314741035,0.2891464115203885,0.18266602453153724,-0.0007601245823326344,0.007023631701614998,-0.00860822414187739,-0.0074784878394458685,0.03427884446491514,0.03218256290228205,4.4,5.141,3.966,1.1749999999999998,4.8,0.867,-0.020602186217959284,25.479999542236328,-0.11033519255430746,26.399999618530273,0.0
2001-05-01,0.0355054393197717,0.1023192378998587,0.2001009223176587,0.4880478087649402,0.0509280958692908,0.0205041668289826,0.0304239290403081,0.0296891075277165,0.0418260773365715,-0.0121369698088549,0.0349340620190641,0.035991842560374,-0.0010577805413098,0.0364537904054205,0.0344159645606632,0.0020378258447572,0.0032,-0.0194,0.0669,-0.0126,0.0157,-0.0167,0.01,0.0794,-0.0725,-0.1003,-0.107,-0.0439,-0.0088,0.0233,0.0287,-0.0035,-0.0386,-0.0464,0.0647,0.1223,0.1224,0.0459,-0.0318,0.0334,0.0912,0.1305,0.0405,-0.0319,0.0372,0.0901,0.0835,0.0147,-0.031133333333333336,0.07772256857996053,-0.015824999999999995,0.014399999999999998,0.023094559243827813,0.01195833333333333,0.04686666666666667,0.07836402235720166,0.03738333333333333,0.030933333333333323,0.06999822140597577,0.024741666666666665,0.031799999999999995,0.05903421606718146,0.024366666666666665,0.029629074255807658,0.0255166781545471,0.12480166363587529,0.14030876739810264,-0.31154134650376075,0.42895086321381143,-0.07171314741035856,0.25108838024993857,-0.33239408153435746,0.005556762265203966,-0.012297363038821701,-0.0042470055607500895,-0.0114974212916808,0.03427884446491514,0.035630841121495394,4.3,5.391363636363637,3.703181818181818,1.6881818181818184,4.21,0.7831818181818191,-0.02791181055600911,22.639999389648438,-0.11145997659380769,28.3700008392334,0.07462125943821496
2001-06-01,-0.0027903067051593,0.1335590290188458,0.2556679881219377,0.348605577689243,0.0051397702372238,-0.010503714878625,0.0156434851158489,-0.0146232236272746,0.0100685856726305,-0.0246918092999052,-0.0006869415930804,-0.004580863672365,0.0038939220792846,-0.0128420891079742,0.0087572766504552,-0.0215993657584294,0.0028,-0.0213,-0.0286,0.0495,0.0729,0.029,-0.0166,0.0068,0.0794,-0.0725,0.0118,0.0468,0.0355,-0.0088,0.0233,0.0326,0.0995,0.0338,-0.0464,0.0647,0.0755,-0.0804,0.0029,-0.0318,0.0334,0.0192,-0.0831,0.0195,-0.0319,0.0372,0.0482,-0.0317,0.004566666666666663,0.06717769719185081,-0.0116,0.016666666666666663,0.020206401625887587,0.01813333333333333,0.017366666666666666,0.06937226150751226,0.036375,0.0014999999999999898,0.050726498663584786,0.02160833333333333,0.00826666666666666,0.05269508515981352,0.02476666666666667,0.04224915880133066,0.013181012366528466,0.1281663372653469,0.13815701249490053,0.30531688624930875,0.46547144754316067,-0.1394422310756972,0.25183267075631216,0.2776952008050553,0.009535496828548798,-0.02807214952257107,0.0031837439121497764,-0.01889412476754777,0.03427884446491514,0.03193960511033689,4.5,5.284285714285714,3.5652380952380955,1.7190476190476183,3.97,0.7971428571428572,-0.033422163718917375,19.059999465942383,-0.15812720937364155,26.25,-0.07472685148114655
2001-07-01,0.0017207520593291,0.1092317214129899,0.2318596782893378,0.3864541832669322,0.008573379043692,-0.0049466687903212,0.0135200478340132,0.0075989256825315,-0.0046612650172906,0.0122601906998222,0.0047193209812789,-0.0008083439505983,0.0055276649318772,0.0105815660056942,-0.0085556948843843,0.0191372608900786,0.003,-0.064,0.0254,0.0286,0.0381,0.0653,-0.0183,-0.0194,0.0068,0.0794,0.0325,-0.0248,0.0669,0.0355,-0.0088,0.0523,-0.0094,-0.0126,0.0338,-0.0464,-0.0505,0.0806,0.0157,0.0029,-0.0318,-0.052,0.0572,-0.0167,0.0195,-0.0319,-0.0521,0.0298,0.02226666666666666,0.06663208686511327,-0.017116666666666665,0.031200000000000002,0.026029861057383155,0.015416666666666662,-0.0084,0.067945824007072,0.042025,-0.004400000000000011,0.05062623825646146,0.029841666666666666,-0.009700000000000005,0.0520361573011177,0.02601666666666667,0.011478628224647161,0.008269358567350067,0.11503666277723161,0.12509123100892097,-0.18214648447633752,0.40770252324037176,0.03784860557768921,0.22920952957631138,-0.0931219821749637,0.019862487330056734,-0.00818952946964597,0.002787935489950677,-0.0001414263411978698,0.02712255522178597,0.027214823393167498,4.6,5.236190476190477,3.593333333333333,1.6428571428571441,3.77,0.8357142857142863,-0.03773511714911293,21.6200008392334,0.1343127725614781,26.25,0.0
2001-08-01,-0.019259298512563,0.1344232344936793,0.1826126987681183,0.2948207171314741,-0.0157784957434694,-0.0226465313147456,0.0068680355712762,-0.0199538025747526,-0.0185056037632551,-0.0014481988114975,-0.0214955135381119,-0.0173714385914967,-0.0041240749466152,-0.0153176429607622,-0.0238269817108264,0.0085093387500641,0.0031,-0.0924,-0.0574,0.0152,0.0503,0.0335,-0.0609,-0.0213,-0.0194,0.0068,-0.1003,0.0703,-0.0286,0.0669,0.0355,0.0287,-0.0095,0.0495,-0.0126,0.0338,0.1223,-0.0137,0.0729,0.0157,0.0029,0.0912,-0.0306,0.029,-0.0167,0.0195,0.0901,0.0121,-0.011300000000000004,0.06292234632200762,-0.016824999999999996,0.0246,0.03381224630219066,0.013816666666666663,0.023566666666666666,0.05934055667641371,0.03943333333333333,0.03049999999999999,0.04550267757689288,0.031149999999999997,0.010599999999999993,0.04318092171318254,0.02595,-0.006776284386131071,0.011426394934838298,0.1257379949751718,0.12526982930552344,0.23062451781240179,0.3432934926958831,-0.09163346613545809,0.2233801217264646,-0.21239993035686078,0.012010522840379434,-0.004626605803860171,0.0017658373548488763,0.0020157446272377633,0.02712255522178597,0.027214823393167498,4.9,4.971304347826087,3.4378260869565223,1.5334782608695647,3.65,0.8282608695652174,-0.036215277665228585,24.920000076293945,0.15263640652002675,27.200000762939453,0.03619050525483636
2001-09-01,-0.1027255875924577,0.1392631872219815,0.3089233661118669,0.147410358565737,-0.1029686348162347,-0.1024877671906973,-0.0004808676255374,-0.0823254406461417,-0.1249802933520751,0.0426548527059333,-0.1027483474083061,-0.102706469347145,-4.187806116115467e-05,-0.1009280012314004,-0.1047964911780031,0.0038684899466027,0.0028,0.0248,0.0534,-0.0731,-0.0298,-0.0436,-0.0896,-0.064,-0.0213,-0.0194,-0.0725,-0.0544,0.0254,-0.0286,0.0669,0.0233,0.0027,0.0286,0.0495,-0.0126,0.0647,0.0724,0.0381,0.0729,0.0157,0.0334,0.027,0.0653,0.029,-0.0167,0.0372,0.0554,-0.03490000000000001,0.05505040114900768,-0.028016666666666665,0.021233333333333337,0.03365915922895291,0.016724999999999997,0.021833333333333333,0.041481321097573555,0.04295833333333333,0.042233333333333324,0.03543674176143554,0.036875,0.02586666666666666,0.03582751270555445,0.030383333333333335,-0.0400880446818972,0.001080557059716732,0.1276393810428837,0.12790285915411517,0.03600532859168615,0.27622841965471445,-0.14741035856573712,0.24113191438977433,0.6916861105269461,0.006635738593250667,0.017822281531419328,0.00045390397470029153,0.010505029862248464,0.02712255522178597,0.025921658986175045,5.0,4.731764705882353,2.69235294117647,2.0394117647058825,3.07,0.854117647058823,-0.045501574545704804,31.93000030517578,0.2813001688370922,23.43000030517578,-0.13860295411830914
2001-10-01,0.0609719721832789,0.1548273565316808,0.2739327217647987,0.4800796812749004,0.061736356482889,0.0602240262557034,0.0015123302271856,0.0405840874889841,0.0832133009406913,-0.0426292134517072,0.0747549120126992,0.0493943027265658,0.0253606092861333,0.0516120306334631,0.0717550627406691,-0.020143032107206,0.0022,0.0753,-0.0036,0.0217,-0.0349,-0.0168,0.027,-0.0924,-0.064,-0.0213,0.0794,-0.0278,-0.0574,0.0254,-0.0286,-0.0088,-0.0258,0.0152,0.0286,0.0495,-0.0464,0.0558,0.0503,0.0381,0.0729,-0.0318,0.0954,0.0335,0.0653,0.029,-0.0319,0.0371,-0.05923333333333334,0.059606389478533806,-0.03118333333333333,-0.0202,0.045584383290771927,0.011716666666666662,0.031100000000000003,0.03515814272682789,0.03819166666666666,0.053766666666666664,0.03716624364482735,0.038816666666666666,0.04259999999999999,0.03544143055803474,0.028558333333333335,-0.020337637973913938,-0.004429504874633384,0.1428379260824473,0.12893729442983934,0.11176082940634169,0.30743691899070386,0.3326693227091634,0.255156262214928,-0.11326642198504788,0.002633166057641467,-0.0004741865190904711,0.007064885426118992,-0.0025884011368464016,0.021533778521205527,0.02127659574468077,5.3,4.566818181818181,2.1977272727272728,2.3690909090909087,2.49,0.878636363636363,-0.04440502321905382,33.560001373291016,0.05104920302337157,21.18000030517578,-0.09603072858274642
2001-11-01,0.0892997488751771,0.1542519726195406,0.2536235795580167,0.5776892430278885,0.0833254442455422,0.0951462608924132,-0.011820816646871,0.061092637200125,0.1203916787897231,-0.0592990415895981,0.0966936977644666,0.08315032603656,0.0135433717279066,0.0971614741944669,0.0803473795809568,0.0168140946135101,0.0017,0.0161,0.0511,0.0083,0.0026,-0.0028,0.077,0.0248,-0.0924,-0.064,0.0068,-0.107,0.0534,-0.0574,0.0254,0.0355,-0.0035,-0.0731,0.0152,0.0286,0.0338,0.1224,-0.0298,0.0503,0.0381,0.0029,0.1305,-0.0436,0.0335,0.0653,0.0195,0.0835,-0.04386666666666667,0.043726532753771655,-0.026799999999999994,0.007133333333333336,0.04865139943173961,0.018316666666666665,-0.009766666666666665,0.04440360345737721,0.027449999999999992,0.019533333333333323,0.03656240783464171,0.02838333333333333,0.01839999999999999,0.0387967524414093,0.021833333333333333,0.01584871115533276,0.0045362133846008484,0.14944750545773444,0.137592750216453,-0.003716293586802144,0.401726427622842,0.09760956175298807,0.27882655581156074,-0.07413916116315478,-0.0035964513484076,-0.01975780077845734,0.01295403431762626,0.00017985081763559804,0.021533778521205527,0.01894374282433997,5.5,4.6515,1.9065,2.745,2.09,0.8444999999999991,-0.05044913960783126,23.84000015258789,-0.28963053703683284,19.440000534057617,-0.08215296251402593
2001-12-01,0.0455256981094276,0.093450671722794,0.1902306536800304,0.5358565737051793,0.0487320051989738,0.0423879751287487,0.0063440300702251,0.0406378593980652,0.0509134294162702,-0.0102755700182049,0.0419002735071165,0.0485409027291715,-0.006640629222055,0.0473551323615882,0.0434424695101466,0.0039126628514415,0.0015,-0.0144,0.0128,0.0342,0.0473,0.0283,0.0176,0.0753,0.0248,-0.0924,-0.0194,0.0118,-0.0036,0.0534,-0.0574,0.0669,0.0326,0.0217,-0.0731,0.0152,-0.0126,0.0755,-0.0349,-0.0298,0.0503,0.0157,0.0192,-0.0168,-0.0436,0.0335,-0.0167,0.0482,0.0025666666666666663,0.06030053620546559,-0.01160833333333333,-0.0025333333333333297,0.048111277264275644,0.018308333333333333,-0.012066666666666665,0.0431958987250719,0.01905833333333333,-0.00480000000000001,0.04369615162307396,0.014599999999999997,-0.008966666666666675,0.040647300033335526,0.013474999999999999,0.06526580638929454,0.012588880853698664,0.13417666695800526,0.13090802400044438,-0.394168708926088,0.5312084993359893,-0.04183266932270924,0.2392623183342819,-0.24994886511916403,-0.0013214854498201,-0.037401275019836734,0.01075445059732831,0.00019457511924853127,0.021533778521205527,0.01603665521191311,5.7,5.0875,1.72,3.3675000000000006,1.82,1.278421052631579,-0.04774776238202749,23.799999237060547,-0.0016778907412465793,19.84000015258789,0.02057611149904548
2002-01-01,0.007210003355915,0.1039653754423046,0.226303664603869,0.3844621513944223,0.0117989727736562,0.0027186715853598,0.0090803011882964,0.0081957310873779,0.0061122611095132,0.0020834699778646,0.0134606032490917,0.0020624505027108,0.0113981527463809,0.0131271574799983,0.000476690042303,0.0126504674376952,0.0014,-0.0228,-0.0038,0.0234,0.0803,0.051,-0.013,0.0161,0.0753,0.0248,-0.0213,0.0325,0.0511,-0.0036,0.0534,-0.0286,0.0523,0.0083,0.0217,-0.0731,0.0495,-0.0505,0.0026,-0.0349,-0.0298,0.0729,-0.052,-0.0028,-0.0168,-0.0436,0.029,-0.0521,0.038733333333333335,0.06164643542006301,-0.011249999999999996,0.03363333333333334,0.044638387814376464,0.019849999999999996,-0.014366666666666665,0.04233824118532403,0.013458333333333329,-0.020700000000000014,0.04420138761019465,0.013216666666666666,-0.021066666666666675,0.03930102628006889,0.009225,0.04734515011350656,0.013503756069796315,0.11722267326154652,0.1300302996719968,0.11251608496406229,0.49933598937583,-0.15139442231075695,0.22338596594730534,0.1896277504492716,0.0012011715372168329,-0.02249704720997947,0.006100298417410843,0.011125741634215598,0.029919970247074712,0.011958997722095743,5.7,5.035714285714286,1.684761904761905,3.3509523809523807,1.73,1.322857142857143,-0.03682618441383212,21.09000015258789,-0.11386551140105661,19.479999542236328,-0.01814519191445696
2002-02-01,-0.0033701059197995,0.0999257639202629,0.1992868703974369,0.4243027888446215,-0.0024052390245609,-0.0043144437321606,0.0019092047075997,0.0066843467506305,-0.0145671100300512,0.0212514567806818,0.004900032746986,-0.0101808083512699,0.015080841098256,0.0057873914502176,-0.0137907063753362,0.0195780978255538,0.0013,0.0424,0.0415,0.0108,-0.0183,0.0066,-0.0215,-0.0144,0.0161,0.0753,-0.064,-0.1003,0.0128,0.0511,-0.0036,0.0254,0.0287,0.0342,0.0083,0.0217,0.0286,0.1223,0.0473,0.0026,-0.0349,0.0381,0.0912,0.0283,-0.0028,-0.0168,0.0653,0.0901,0.02566666666666666,0.06146315969749684,-0.01515833333333333,0.020100000000000003,0.041150961916663294,0.01655833333333333,0.021400000000000002,0.03974676926074204,0.020516666666666666,0.0049999999999999906,0.038546007142980045,0.021491666666666662,0.0028999999999999916,0.03923706156174285,0.015924999999999998,0.016455198515181034,0.016151954835256898,0.09911393702845396,0.1242807212430941,-0.03885535453371658,0.448207171314741,0.03984063745019922,0.20527372956044543,-0.1193829284811776,0.005777845322040399,0.004353118913447161,0.00661278820752731,0.012047076038230166,0.029919970247074712,0.011363636363636465,5.7,4.911578947368421,1.756842105263158,3.1547368421052626,1.74,1.3821052631578947,-0.030399744149724905,21.59000015258789,0.02370791827323182,21.850000381469727,0.12166329029396472
2002-03-01,0.0656619074746573,0.0976981419324918,0.2065081033907406,0.603585657370518,0.0709492780541821,0.0604870341415055,0.0104622439126766,0.070421832892662,0.0603610814409704,0.0100607514516915,0.0561168709233129,0.0735225258110587,-0.0174056548877457,0.0565141034564556,0.0760714775643352,-0.0195573741078796,0.0013,-0.0521,0.0663,0.0401,0.0459,0.0535,0.0437,-0.0228,-0.0144,0.0161,-0.0924,-0.0725,-0.0038,0.0128,0.0511,-0.0574,0.0233,0.0234,0.0342,0.0083,0.0152,0.0647,0.0803,0.0473,0.0026,0.0503,0.0334,0.051,0.0283,-0.0028,0.0335,0.0372,-0.0070333333333333385,0.0561771721134721,-0.008699999999999998,0.020033333333333337,0.0412053273254807,0.013849999999999996,0.021966666666666673,0.0392036095276953,0.012274999999999996,0.043399999999999994,0.04710273877387601,0.020583333333333332,0.02549999999999999,0.03551099360292056,0.012666666666666666,0.023167268303590935,0.04421653734644273,0.10052976043168656,0.1173532136948458,-0.02229276915559697,0.4707835325365206,0.17928286852589642,0.21069954613068217,0.03623536753275536,0.007150583269524234,0.01113189273674596,0.003024446318963743,0.004223730385123133,0.029919970247074712,0.013628620102214661,5.7,5.284000000000001,1.825,3.4590000000000005,1.73,1.2954999999999997,-0.021374903694403535,17.399999618530273,-0.19407135268386655,26.229999542236328,0.20045762399533573
2002-04-01,-0.0220545523456693,0.1079985053979162,0.2238679720904745,0.350597609561753,-0.0128741326040038,-0.0310396440077249,0.018165511403721,-0.0067113528215952,-0.0391412972702063,0.032429944448611,-0.0232796372152557,-0.021045658923657,-0.0022339782915986,-0.0217957680984107,-0.0223490309718601,0.0005532628734494,0.0015,-0.0136,-0.0307,0.0152,0.0231,0.0253,-0.0506,0.0424,-0.0228,-0.0144,0.0248,0.0794,0.0415,-0.0038,0.0128,0.0534,-0.0088,0.0108,0.0234,0.0342,-0.0731,-0.0464,-0.0183,0.0803,0.0473,-0.0298,-0.0318,0.0066,0.051,0.0283,-0.0436,-0.0319,0.0017333333333333298,0.03636749464379786,0.000875000000000003,0.016833333333333336,0.026668083295705233,0.015366666666666662,0.022800000000000004,0.039014223901888245,0.0077833333333333305,0.036433333333333325,0.04639347655292356,0.016274999999999994,0.02863333333333332,0.03331848836106861,0.010116666666666666,0.013412416403062835,0.030378783258284702,0.10187413708355708,0.1095484051725517,0.10543049500922774,0.45949535192563085,-0.25298804780876494,0.20988764862621734,0.08406386197294502,0.010178986674665767,0.02124738422699476,-0.0015195973603627563,0.00019132886370786605,0.02721577507312012,0.01643990929705219,5.9,5.210909090909091,1.745,3.465909090909091,1.75,1.2713636363636365,-0.013053329089064758,21.90999984741211,0.2591954211354621,27.290000915527344,0.04041179534083361
2002-05-01,-0.0133956688490706,0.0874602964282296,0.18884204536351,0.3386454183266932,-0.0096696661853035,-0.0170423948604172,0.0073727286751136,-0.0059007546038644,-0.0217422778948684,0.015841523291004,-0.0151025731927095,-0.0119899829190151,-0.0031125902736944,-0.0066849713930712,-0.0210319797472769,0.0143470083542056,0.0014,-0.0723,0.0376,0.0037,0.0392,0.0266,-0.0122,-0.0521,0.0424,-0.0228,0.0753,0.0068,0.0663,0.0415,-0.0038,-0.0036,0.0355,0.0401,0.0108,0.0234,0.0217,0.0338,0.0459,-0.0183,0.0803,-0.0349,0.0029,0.0535,0.0066,0.051,-0.0168,0.0195,-0.010833333333333339,0.04655884090768011,-0.010083333333333331,0.03466666666666667,0.029736537570246344,0.021624999999999995,0.02476666666666667,0.012526678197617595,0.014991666666666665,0.035966666666666654,0.04434962983686188,0.022749999999999996,0.03703333333333333,0.029002666544072547,0.017233333333333333,0.0100705620933058,0.013262880304243418,0.09771898125287933,0.09841645914066653,-0.19017123333340946,0.43094289508632144,-0.011952191235059806,0.20640604028157505,-0.15645796225289887,0.012000161330503736,0.019444073063768826,-0.0075840744843462225,-0.001552367626741535,0.02721577507312012,0.012408347433727984,5.8,5.164545454545455,1.7604545454545453,3.4040909090909097,1.75,1.334545454545455,-0.00433288510383989,19.979999542236328,-0.08808764576069783,25.350000381469727,-0.07108832792137443
2002-06-01,-0.059780678024149,0.100417881243562,0.2135215360219942,0.1752988047808765,-0.0485526908239841,-0.0707116285258968,0.0221589377019126,-0.0497391475162522,-0.0709001129368482,0.0211609654205959,-0.0579752231920827,-0.0612763734487529,0.0033011502566702,-0.060015916560707,-0.0595145224227862,-0.0005013941379208,0.0013,-0.0819,-0.0633,-0.0351,0.0384,-0.011,-0.071,-0.0136,-0.0521,0.0424,0.0161,-0.0194,-0.0307,0.0663,0.0415,0.0511,0.0669,0.0152,0.0401,0.0108,0.0083,-0.0126,0.0231,0.0459,-0.0183,0.0026,0.0157,0.0253,0.0535,0.0066,-0.0028,-0.0167,-0.007766666666666672,0.03272607523061695,-0.011783333333333331,0.0257,0.036640451234484984,0.016108333333333332,0.022033333333333335,0.012944342393493822,0.013441666666666663,0.016899999999999988,0.035251425503091405,0.02443333333333333,0.028466666666666657,0.02274655285239206,0.01771666666666667,-0.03174363307296297,-0.004288182384686017,0.09862556102323605,0.0995776607274612,0.1481539091965629,0.28818061088977426,-0.1633466135458167,0.20874385115865957,0.13068853713683093,0.015899059260249065,0.023144144386736964,-0.0006818061028742564,0.004799625696578065,0.02721577507312012,0.010692177827799743,5.8,4.9265,1.732,3.1944999999999997,1.75,1.322,0.00920910919642548,25.399999618530273,0.27127128130490896,26.860000610351562,0.059566083083202326
2002-07-01,-0.0897934328508245,0.1291194561821831,0.2460652574628708,0.1334661354581673,-0.0908133576917823,-0.0888004901485164,-0.0020128675432658,-0.093374744313001,-0.0858276868249116,-0.0075470574880894,-0.0833789837902024,-0.0951073636902615,0.011728379900059,-0.0922809916285434,-0.0869789377766054,-0.005302053851938,0.0015,0.005,-0.0128,0.0301,0.0137,-0.014,-0.0804,-0.0723,-0.0136,-0.0521,-0.0144,-0.0213,0.0376,-0.0307,0.0663,0.0128,-0.0286,0.0037,0.0152,0.0401,0.0342,0.0495,0.0392,0.0231,0.0459,0.0473,0.0729,0.0266,0.0253,0.0535,0.0283,0.029,-0.046000000000000006,0.039274198485349986,-0.016191666666666663,0.024400000000000005,0.03493476301145712,0.013666666666666666,0.01966666666666667,0.014010377106511733,0.014799999999999995,0.03606666666666666,0.03259740787240611,0.026391666666666664,0.03513333333333333,0.0176412490109591,0.021325,-0.0543232599080147,-0.020455421752475934,0.10566587795132504,0.10377000751744096,0.2858213555512674,0.2158034528552457,-0.04183266932270921,0.21614294628279165,0.15241423440080726,0.009172932944586801,0.009818477074503494,0.003972313294344943,0.002847853454782265,0.03642378482018338,0.01465614430665152,5.8,4.653181818181818,1.7136363636363638,2.9395454545454545,1.73,1.3640909090909084,0.015386975548359105,32.029998779296875,0.26102359292674016,27.020000457763672,0.005956807288770127
2002-08-01,0.0133622548295496,0.0995284745096316,0.208981257691236,0.4322709163346613,0.0165673255248328,0.0102583968930649,0.0063089286317679,0.022583097829712,0.003208967031618,0.0193741307980939,0.0008323655242435,0.0236917733300215,-0.022859407805778,0.0119617437533196,0.014954835996234,-0.0029930922429144,0.0014,-0.1034,0.0305,0.0126,0.0329,-0.0229,0.0064,-0.0819,-0.0723,-0.0136,-0.0228,-0.064,-0.0633,0.0376,-0.0307,-0.0038,0.0254,-0.0351,0.0037,0.0152,0.0234,0.0286,0.0384,0.0392,0.0231,0.0803,0.0381,-0.011,0.0266,0.0253,0.051,0.0653,-0.055933333333333335,0.0457497285966449,-0.021241666666666662,-0.018799999999999994,0.04922985544023741,0.010774999999999998,-0.005399999999999998,0.02524420065414368,0.007749999999999997,0.033566666666666654,0.032194016007119554,0.02351666666666666,0.013633333333333324,0.0249991733196653,0.017991666666666666,-0.0454039520151413,-0.017666694960917752,0.10968860397845903,0.10370379261566907,-0.22917523468190293,0.24701195219123506,0.298804780876494,0.2228560170587003,-0.15070798760459092,0.008818332930138235,0.010996012910200128,-0.00260995921634959,-0.0029321800775910685,0.03642378482018338,0.01747463359639223,5.7,4.257272727272727,1.6472727272727274,2.6099999999999994,1.74,1.2168181818181818,0.015424836015125454,32.63999938964844,0.01904466542614558,28.979999542236328,0.07253882499137743
2002-09-01,-0.0754915099022987,0.1029547701851295,0.2524807036612098,0.1693227091633466,-0.0649690669849055,-0.0856816651486163,0.0207125981637108,-0.0697001258384714,-0.081868539545614,0.0121684137071425,-0.0772569694881202,-0.0740360822437433,-0.0032208872443768,-0.0748093614198677,-0.0762672101766059,0.0014578487567382,0.0014,0.0784,-0.0429,-0.0376,-0.0316,0.0073,-0.102,0.005,-0.0819,-0.0723,0.0424,-0.0924,-0.0128,-0.0633,0.0376,0.0415,-0.0574,0.0301,-0.0351,0.0037,0.0108,0.0152,0.0137,0.0384,0.0392,-0.0183,0.0503,-0.014,-0.011,0.0266,0.0066,0.0335,-0.049733333333333345,0.04836869855598764,-0.015491666666666666,-0.012833333333333327,0.04979275717076404,0.007591666666666664,-0.0004333333333333307,0.026105784799542064,0.007874999999999997,0.030433333333333323,0.023721438967032958,0.02148333333333333,0.0005333333333333237,0.025725318268196382,0.011383333333333334,-0.050640895974524536,-0.04119226452374375,0.1105342336256482,0.10457989732444202,0.03442528072874573,0.24501992031872508,-0.26294820717131473,0.2358424062717722,0.20814998651335048,0.008336219750737636,0.00799849567238233,-0.00478397171669859,-0.0022790991127047354,0.03642378482018338,0.01516002245929271,5.7,3.87,1.659,2.2110000000000003,1.75,1.2414999999999985,0.021460644405257412,39.689998626708984,0.21599262772340633,28.979999542236328,0.0
2002-10-01,0.0518189684493769,0.144890868000015,0.3218798845006338,0.5039840637450199,0.0325711929967531,0.0704589194140231,-0.0378877264172699,0.0306049434133756,0.0751782319721648,-0.0445732885587892,0.0661959786031699,0.0399667015421036,0.0262292770610662,0.0538617354502736,0.0494960505455,0.0043656849047735,0.0014,0.0596,0.0294,-0.0116,-0.0925,0.0516,0.0798,-0.1034,0.005,-0.0819,-0.0521,0.0248,0.0305,-0.0128,-0.0633,0.0663,0.0534,0.0126,0.0301,-0.0351,0.0401,-0.0731,0.0329,0.0137,0.0384,0.0459,-0.0298,-0.0229,-0.014,-0.011,0.0535,-0.0436,-0.06010000000000001,0.04162935262528114,-0.01640833333333333,-0.015199999999999991,0.048427182449529385,0.014916666666666663,0.0025333333333333354,0.02611612528687978,0.0076583333333333295,0.02833333333333332,0.011837905220097159,0.02003333333333333,-0.015966666666666674,0.030000894431110963,0.006683333333333333,-0.0034367622077907368,-0.02888001105790272,0.11579137089825882,0.11072862442479181,0.4073254472762897,0.3685258964143426,0.33466135458167334,0.2611139486176932,0.27486924677042657,-0.003622066540597065,-0.004343581351184271,4.966067030380897e-05,0.0009434804728657648,0.037612618211307014,0.020270270270270174,5.7,3.940909090909091,1.61,2.330909090909091,1.75,1.411818181818182,0.022135422551443185,31.139999389648438,-0.21541948936493316,27.219999313354492,-0.060731547849638745
2002-11-01,0.0997046861103672,0.1914796356769961,0.3139513876548699,0.5517928286852589,0.1002837947955696,0.099140817127407,0.0011429776681625,0.0776324376059808,0.1238731816794161,-0.0462407440734352,0.1062293401449315,0.0943519359557975,0.0118774041891339,0.0910777851646341,0.1094589661569632,-0.018381180992329,0.0012,-0.0576,0.0055,0.0211,0.0632,-0.0179,0.0608,0.0784,-0.1034,0.005,-0.0136,0.0753,-0.0429,0.0305,-0.0128,-0.0307,-0.0036,-0.0376,0.0126,0.0301,0.0152,0.0217,-0.0316,0.0329,0.0137,0.0231,-0.0349,0.0073,-0.0229,-0.014,0.0253,-0.0168,-0.006666666666666672,0.06797770222653897,-0.011941666666666663,-0.008399999999999993,0.04046697418883709,0.006891666666666664,0.0017000000000000001,0.028052575639324135,0.010616666666666663,0.004999999999999988,0.02676710045310604,0.01988333333333333,-0.009866666666666678,0.02107637698150858,0.010924999999999999,0.025344048219148468,-0.010029951897996417,0.14644175795404699,0.12806518096625288,0.32154385103812255,0.40836653386454186,0.047808764940239,0.2961039919389045,-0.024631849418189744,-0.005344050195132198,-0.026215206308360637,0.011628598001941111,-0.004185882443605769,0.037612618211307014,0.022535211267605604,5.9,4.048421052631579,1.2547368421052632,2.793684210526316,1.34,1.3110526315789475,0.034115039217915255,27.5,-0.11689144062277812,26.889999389648438,-0.012123436151012412
2002-12-01,-0.0442396586633002,0.0991452057216162,0.2137831697039704,0.249003984063745,-0.0354946413523634,-0.0527545439397386,0.0172599025873752,-0.021407092863994,-0.0692406804323729,0.0478335875683789,-0.0537004461204693,-0.0364781388562051,-0.0172223072642641,-0.0401056130971827,-0.0489139488204444,0.0088083357232617,0.0011,-0.0257,0.0071,-0.0079,-0.0093,0.0069,-0.0565,0.0596,0.0784,-0.1034,-0.0723,0.0161,0.0294,-0.0429,0.0305,0.0376,0.0511,-0.0116,-0.0376,0.0126,0.0037,0.0083,-0.0925,-0.0316,0.0329,0.0392,0.0026,0.0516,0.0073,-0.0229,0.0266,-0.0028,0.011533333333333326,0.07766765092366319,-0.013249999999999998,0.005666666666666674,0.04276088945130437,0.009641666666666665,-0.012199999999999997,0.026904974756848752,0.007841666666666663,-0.03040000000000001,0.05260438828336157,0.01508333333333333,0.01199999999999999,0.028387297628810405,0.016625,0.03576133196548129,-0.007439782004521619,0.1451719031328759,0.12785306837926194,-0.48221540441583755,0.4349269588313413,-0.3027888446215139,0.28320481395315805,-0.3190564587056882,-0.006494948720577398,-0.014326815021281837,0.0069614579953120115,-0.0017357201214312692,0.037612618211307014,0.024802705749718212,6.0,4.032380952380952,1.210952380952381,2.8214285714285707,1.24,1.234285714285714,0.02880394484854265,28.6200008392334,0.04072730324485074,26.889999389648438,0.0
2003-01-01,-0.0237963209932058,0.0925912743733947,0.1924151520086759,0.249003984063745,-0.0260162037499033,-0.0216573714620129,-0.0043588322878903,-0.0282356290206978,-0.0189377449853395,-0.0092978840353582,-0.0168308092701599,-0.0294557992681806,0.0126249899980206,-0.0366405014039902,-0.0092831227889296,-0.0273573786150605,0.001,-0.0188,-0.0087,-0.0136,0.0079,-0.0068,-0.0247,-0.0576,0.0596,0.0784,-0.0819,-0.0144,0.0055,0.0294,-0.0429,-0.0633,0.0128,0.0211,-0.0116,-0.0376,-0.0351,0.0342,0.0632,-0.0925,-0.0316,0.0384,0.0473,-0.0179,0.0516,0.0073,-0.011,0.0283,0.026799999999999994,0.07586476784384172,-0.019391666666666665,-0.0026666666666666605,0.03835928396968163,0.005841666666666664,-0.009366666666666664,0.029052601719410064,0.00890833333333333,-0.02030000000000001,0.05691556611917928,0.02013333333333333,0.013666666666666655,0.02781990294735045,0.015366666666666667,0.010556235484620402,0.0035597366384148305,0.1277387052573358,0.1217650380777972,-0.06610436985348422,0.34993359893758297,0.0,0.2400499031225054,-0.09995182373281863,0.004681349322549136,-0.0025683468468048376,0.0024266956409634776,-0.012310074628042603,0.036224695136087615,0.02757456387169399,5.8,4.048571428571428,1.189047619047619,2.859523809523809,1.24,1.1742857142857153,0.03071140654513904,31.170000076293945,0.08909850322453194,33.5099983215332,0.24618813990874244
2003-02-01,-0.0132542673092978,0.0853811867456757,0.1894136991492953,0.300796812749004,-0.0163829592986741,-0.0102396422153675,-0.0061433170833066,-0.016835711946937,-0.0093345751225483,-0.0075011368243886,-0.0140811136581006,-0.0125824546508956,-0.0014986590072049,-0.0181072312211479,-0.0077706922676593,-0.0103365389534886,0.0009,0.0109,0.0077,-0.0211,0.0168,-0.0081,-0.0179,-0.0257,-0.0576,0.0596,0.005,-0.0228,0.0071,0.0055,0.0294,-0.0128,-0.0038,-0.0079,0.0211,-0.0116,0.0301,0.0234,-0.0093,0.0632,-0.0925,0.0137,0.0803,0.0069,-0.0179,0.0516,-0.014,0.051,-0.007900000000000004,0.0693905589159409,-0.02033333333333333,0.014000000000000007,0.02768566416035575,0.0053666666666666646,0.000533333333333337,0.024952868906533945,0.005399999999999996,-0.012866666666666674,0.05442942831471472,0.015416666666666664,0.013533333333333323,0.027510410150825903,0.013583333333333334,-0.027096748988601264,-0.0008763503847264027,0.09237255561356233,0.11940715678380455,-0.07787005499722077,0.2662682602921647,0.051792828685259,0.19853734028731385,-0.015598838386933656,0.00225258440539277,0.010344855569544028,-0.0020319920911494563,-0.009628527281762469,0.036224695136087615,0.03146067415730336,5.9,3.9026315789473687,1.1852631578947368,2.717368421052632,1.26,1.1057894736842107,0.031817124112425654,29.6299991607666,-0.04940650984144779,36.599998474121094,0.09221128938709278
2003-03-01,0.0215871193461592,0.1091383611037183,0.1862918898201342,0.4521912350597609,0.0228657107724825,0.020355143232254,0.0025105675402285,0.0132171560065757,0.03074757922337,-0.0175304232167942,0.0243038514716724,0.0193797744941797,0.0049240769774926,0.0122594859957884,0.0321268180471432,-0.0198673320513547,0.001,0.0818,0.0114,0.0122,-0.0468,0.0098,0.0119,-0.0188,-0.0257,-0.0576,-0.1034,0.0424,-0.0087,0.0071,0.0055,0.0305,0.0415,-0.0136,-0.0079,0.0211,0.0126,0.0108,0.0079,-0.0093,0.0632,0.0329,-0.0183,-0.0068,0.0069,-0.0179,-0.0229,0.0066,-0.03403333333333334,0.06922802178309012,-0.02,0.0013000000000000077,0.027271114144212617,0.004958333333333331,-0.00013333333333332963,0.02083983365256711,0.0023166666666666635,0.020599999999999993,0.054104158805030896,0.00938333333333333,-0.0059333333333333425,0.026830256552382515,0.008766666666666666,-0.005154489652114798,0.015303421156683247,0.09570360740759637,0.12043775527023602,0.2782483502929973,0.3339973439575033,0.1513944223107569,0.18937358032603513,-0.016481433725131445,-0.0026638606103227976,-0.011443148025513673,0.005350135989436111,-0.019187083206634602,0.036224695136087615,0.03025210084033625,5.9,3.8071428571428574,1.150952380952381,2.6561904761904764,1.25,1.0628571428571432,0.021709435832793167,29.149999618530273,-0.01619978251203935,31.040000915527344,-0.15191250793425792
2003-04-01,0.0938461453982952,0.1129380399318903,0.2172526442377016,0.6593625498007968,0.0967605318279745,0.0910380126405314,0.0057225191874431,0.0823263853157306,0.106453882821991,-0.0241274975062603,0.0963463701863007,0.0918147127580408,0.0045316574282598,0.090388974235005,0.0977525534924085,-0.0073635792574034,0.001,0.0605,0.0478,0.007,-0.0694,0.0307,0.0828,0.0109,-0.0188,-0.0257,0.0784,-0.0521,0.0077,-0.0087,0.0071,-0.0429,0.0663,-0.0211,-0.0136,-0.0079,-0.0376,0.0401,0.0168,0.0079,-0.0093,-0.0316,0.0459,-0.0081,-0.0068,0.0069,0.0073,0.0535,-0.011200000000000007,0.052505580655774084,-0.022624999999999996,0.0020333333333333414,0.024165298811863956,0.0021416666666666637,-0.014199999999999997,0.01925112117947079,-0.0003416666666666701,0.005133333333333324,0.052220969606726654,0.01230833333333333,-0.002666666666666676,0.024552881704598305,0.007541666666666666,0.03405966581171887,0.022307950648169633,0.10248586259376156,0.11511228392554856,0.03481524543474701,0.4707835325365206,0.2071713147410359,0.197652744402377,0.16619485930096145,0.0006965898814550028,-0.01638635251581437,0.002652358466182511,-0.012522483420748902,0.039063840418242624,0.02175125488008911,6.0,3.958571428571428,1.1523809523809523,2.806190476190476,1.26,1.1080952380952374,0.010688138922369639,21.209999084472656,-0.27238424143958695,25.799999237060547,-0.16881448208481065
2003-05-01,0.1065502863045444,0.1594179403501304,0.2262790590966609,0.6454183266932271,0.1062452346453598,0.1068442162886546,-0.0005989816432947,0.0996782701812217,0.1140713261728476,-0.0143930559916258,0.0842364784937505,0.1246802551508145,-0.0404437766570639,0.108104201405164,0.1047944500326578,0.0033097513725062,0.0009,0.0142,0.0165,0.0014,0.0044,-0.004,0.0614,0.0818,0.0109,-0.0188,0.0596,-0.0136,0.0114,0.0077,-0.0087,0.0294,-0.0307,0.0122,-0.0211,-0.0136,-0.0116,0.0152,-0.0468,0.0168,0.0079,-0.0925,0.0231,0.0098,-0.0081,-0.0068,0.0516,0.0253,0.024633333333333327,0.053430128828842106,-0.011466666666666665,0.0034666666666666747,0.012266485505908907,-0.002433333333333336,-0.007499999999999997,0.016421865505071846,-0.0026666666666666696,-0.007366666666666677,0.053958851606262605,0.004583333333333331,-0.0017000000000000094,0.02461068196264916,0.0038999999999999994,0.07399451701633293,0.02344888401386583,0.12716478046191312,0.10976866803773762,0.41155221434930866,0.5856573705179283,-0.013944223107569709,0.20994119771816555,0.041548009188248525,0.0025447016947923026,-0.01868365890489344,-0.010329347417103821,-0.007973719978750635,0.039063840418242624,0.018941504178273005,6.1,3.5690476190476192,1.0880952380952382,2.480952380952381,1.26,1.1604761904761896,0.0063692143524076705,19.469999313354492,-0.08203676785596736,29.559999465942383,0.14573644728953195
2003-06-01,0.0153022027596868,0.0757279837529625,0.1625593976988271,0.4601593625498008,0.0135582054748225,0.0169826168102071,-0.0034244113353845,0.0189255438450307,0.0113366572385048,0.0075888866065258,0.0023821412821359,0.0257997527101969,-0.0234176114280609,0.021683049930984,0.0080922059559611,0.0135908439750228,0.001,0.0233,0.044,-0.0153,-0.0389,0.0152,0.0152,0.0605,0.0818,0.0109,-0.0576,-0.0723,0.0478,0.0114,0.0077,0.0055,0.0376,0.007,0.0122,-0.0211,0.0211,0.0037,-0.0694,-0.0468,0.0168,0.0632,0.0392,0.0307,0.0098,-0.0081,-0.0179,0.0266,0.051066666666666656,0.0536037094487561,-0.005291666666666666,0.02230000000000001,0.018947295321496593,0.004108333333333331,-0.0006333333333333304,0.01633859439078737,-0.0033500000000000027,-0.03313333333333334,0.04732093264789557,-0.0031250000000000028,0.01079999999999999,0.017221343346750413,0.00435,0.07189954482084214,0.03337252758436366,0.11602798801166118,0.10586579770962867,-0.5249720101348647,0.5883134130146083,-0.1852589641434263,0.20203036701106317,-0.28159769468819607,0.0005663754029213028,-0.01031055563045344,-0.019776576885621653,0.003179005363375198,0.039063840418242624,0.01948775055679297,6.3,3.334285714285714,0.9361904761904762,2.398095238095238,1.22,1.2247619047619045,-0.0005887145406980876,19.520000457763672,0.0025681122841583193,29.559999465942383,0.0
2003-07-01,0.0458562934924379,0.1178071417052071,0.2140465171250574,0.4860557768924303,0.0423758341431474,0.0492098610946187,-0.0068340269514712,0.0274268296729732,0.0660263177837408,-0.0385994881107676,0.0452253227592082,0.046368957213187,-0.0011436344539788,0.0473174706139694,0.044205245897487,0.0031122247164824,0.0007,0.0233,0.0237,0.0164,-0.0229,0.0215,0.024,0.0142,0.0605,0.0818,-0.0257,-0.0819,0.0165,0.0478,0.0114,0.0071,-0.0633,0.0014,0.007,0.0122,-0.0079,-0.0351,0.0044,-0.0694,-0.0468,-0.0093,0.0384,-0.004,0.0307,0.0098,0.0069,-0.011,0.05216666666666666,0.04282164950894189,0.001916666666666668,0.02523333333333334,0.01874691085663644,0.002349999999999998,0.006866666666666669,0.012741376168478369,-0.00354166666666667,-0.03726666666666668,0.034375204241817496,-0.006025000000000003,0.012166666666666657,0.014687511702122935,0.0018000000000000002,0.0559029275188897,0.04498129666530428,0.11765102193610012,0.11006844226493075,0.5556619345566356,0.5305444887118195,0.025896414342629515,0.20096165797351515,0.3167280400584418,-0.003619139976716797,-0.01513455249862254,-0.021668340846367855,0.006670940021337131,0.05304323363716801,0.020555555555555438,6.2,3.975454545454546,0.9204545454545454,3.0550000000000006,1.01,1.124090909090909,0.004870038565500057,19.489999771118164,-0.001536920386370988,30.540000915527344,0.03315295897464643
2003-08-01,0.0423973959897224,0.0865502008480664,0.1531169985074595,0.5418326693227091,0.0387906328964877,0.0458914477362935,-0.0071008148398057,0.0281472123986686,0.0580725979398816,-0.0299253855412129,0.0525368418856669,0.0341103488632293,0.0184264930224375,0.0379176899756834,0.0474307735335865,-0.0095130835579031,0.0007,-0.0124,0.0057,0.0014,0.009,0.0041,0.024,0.0233,0.0142,0.0605,-0.0188,0.005,0.044,0.0165,0.0478,-0.0087,-0.0128,-0.0153,0.0014,0.007,-0.0136,0.0301,-0.0389,0.0044,-0.0694,0.0079,0.0137,0.0152,-0.004,0.0307,-0.0068,-0.014,0.03266666666666666,0.036450884762924435,0.010683333333333336,0.0361,0.02195335205991725,0.011291666666666663,-0.002299999999999997,0.013564659966250607,-0.00189166666666667,-0.03463333333333334,0.035320872016415455,-0.012466666666666668,0.013966666666666657,0.01530825485372728,0.0039833333333333335,0.03451863074728237,0.05425657388180765,0.09336177543541213,0.11026327794866253,-0.26532297112645364,0.4960159362549801,0.055776892430278835,0.17657430444378133,-0.28465550122452876,-0.005786417708887131,-0.02031199568181824,-0.002044917619867389,0.0023966617112006973,0.05304323363716801,0.02216066481994461,6.1,4.4452380952380945,0.9690476190476189,3.4761904761904754,1.03,1.1323809523809523,0.0037923869625795525,18.6299991607666,-0.044125224240688765,31.56999969482422,0.033726219660104695
2003-09-01,-0.0095098498296413,0.0703152316538072,0.1663947016227143,0.3366533864541832,-0.0073052926890035,-0.0116455145596341,0.0043402218706306,0.0004137236245088,-0.0204257806292065,0.0208395042537153,-0.0219067978742153,0.0006222711683278,-0.0225290690425431,-0.0130567518979426,-0.0055245666068307,-0.0075321852911119,0.0008,0.0608,0.0263,0.0221,-0.0138,0.0165,-0.0116,0.0233,0.0233,0.0142,0.0109,-0.1034,0.0237,0.044,0.0165,0.0077,0.0305,0.0164,-0.0153,0.0014,-0.0211,0.0126,-0.0229,-0.0389,0.0044,0.0168,0.0329,0.0215,0.0152,-0.004,-0.0081,-0.0229,0.020266666666666665,0.02872299891492291,0.012208333333333335,0.028066666666666674,0.016963657231466124,0.014333333333333332,0.0008333333333333364,0.01515255753990071,-0.0030333333333333362,-0.01913333333333334,0.03239788058911673,-0.01551666666666667,0.010899999999999988,0.014880154569089603,0.006941666666666666,0.02624794655083967,0.04907374568584089,0.09155752473569369,0.10379275637367734,-0.18757864262797852,0.45484727755644094,-0.20517928286852594,0.17785273908507707,0.08671606186564551,-0.00319820664021543,-0.01589512313275507,-0.0017487368246947889,-0.004644348044177536,0.05304323363716801,0.02378318584070782,6.1,4.274285714285715,0.9552380952380952,3.3190476190476197,1.01,1.0738095238095235,0.009407289987876988,22.719999313354492,0.21953839703874634,29.200000762939453,-0.07507123708567276
2003-10-01,0.0828467889396186,0.1212909915296436,0.2006326967016089,0.6195219123505976,0.0841631849552202,0.0815715302995045,0.0025916546557156,0.0622249175583766,0.1055308474589847,-0.0433059299006081,0.0886794516029312,0.0780797088782572,0.0105997427246739,0.0743939134289478,0.0923444018729565,-0.0179504884440087,0.0007,0.0135,0.0231,0.0172,0.0021,0.0168,0.0615,-0.0124,0.0233,0.0233,0.0818,0.0784,0.0057,0.0237,0.044,0.0114,-0.0429,0.0014,0.0164,-0.0153,0.0122,-0.0376,0.009,-0.0229,-0.0389,-0.0468,-0.0316,0.0041,0.0215,0.0152,0.0098,0.0073,0.011399999999999995,0.03385731334094102,0.01979166666666667,0.024466666666666675,0.01739019838874779,0.012266666666666664,0.0008333333333333366,0.011098423311443917,-0.0039666666666666696,-0.017600000000000008,0.030427137010679572,-0.017508333333333334,0.013599999999999992,0.012399583326332578,0.009191666666666666,0.0385781116998999,0.0472405196093948,0.09271880801050586,0.1051849149733029,0.7249604200525497,0.49933598937583,0.2828685258964144,0.17338146561059423,0.2057637337306948,-5.6312771153163955e-05,-0.01746393706270191,0.002165722234856111,-0.011665252431007902,0.06425939568589345,0.02041942604856528,6.0,4.290454545454545,0.9418181818181818,3.348636363636363,1.01,1.035000000000001,0.012759729528664998,16.100000381469727,-0.2913732012304078,29.110000610351562,-0.003082196925902725
2003-11-01,0.0260971962944006,0.0824070049539756,0.1400083972909888,0.50199203187251,0.032378171380804,0.0199797882675389,0.0123983831132651,0.028193536976753,0.0237795752066887,0.0044139617700642,0.0222421759912049,0.0292328587419761,-0.0069906827507712,0.0342755907840814,0.0168620429661656,0.0174135478179157,0.0007,0.0429,-0.0251,0.0151,0.0057,0.0085,0.0142,0.0608,-0.0124,0.0233,0.0605,0.0596,0.0263,0.0057,0.0237,0.0478,0.0294,0.0221,0.0014,0.0164,0.007,-0.0116,-0.0138,0.009,-0.0229,-0.0694,-0.0925,0.0165,0.0041,0.0215,0.0307,0.0516,0.023899999999999994,0.028278572571236036,0.018325,0.018566666666666672,0.01610151131622969,0.018033333333333332,0.013300000000000005,0.013136818488507852,0.0010083333333333305,-0.009233333333333343,0.029183397106345706,-0.016025,0.014033333333333323,0.0123680232858771,0.009958333333333333,0.0331447118014593,0.03383167127437083,0.09133774271247559,0.09234975907394376,-0.3205842914241881,0.4860557768924303,-0.11752988047808766,0.16901193187177066,-0.30216560115714164,0.006443419879870436,-0.006017487958942874,-0.006306669689546789,-0.002689708639068302,0.06425939568589345,0.019283746556473913,5.8,4.300000000000001,0.9522222222222223,3.3477777777777784,1.0,1.0094444444444441,0.013870339041739621,16.31999969482422,0.013664553300737792,30.40999984741211,0.04465816591560867
2003-12-01,0.0408527326250952,0.0699458474885627,0.1637421790732419,0.5697211155378487,0.040805519364749,0.0408987163734533,-9.319700870435292e-05,0.0522926553643654,0.0282052624855687,0.0240873928787966,0.0408235053346452,0.0408765060192412,-5.3000684595960745e-05,0.0399553533218454,0.0418660654338211,-0.0019107121119757,0.0008,0.0215,0.0246,0.0242,-0.036,0.0333,0.0437,0.0135,0.0608,-0.0124,0.0142,-0.0576,0.0231,0.0263,0.0057,0.0165,0.0055,0.0172,0.0221,0.0014,0.0014,0.0211,0.0021,-0.0138,0.009,0.0044,0.0632,0.0168,0.0165,0.0041,-0.004,-0.0179,0.02063333333333333,0.02371014550777782,0.014483333333333336,0.018366666666666673,0.012598796238794915,0.01750833333333333,0.01356666666666667,0.014001285655253295,0.0034083333333333305,-0.0009000000000000094,0.018605527852406326,-0.008141666666666669,0.012466666666666655,0.00960820829638205,0.007058333333333333,0.04993223928637147,0.038090092918605566,0.0912146146573941,0.09138606969654378,-0.15121478413603884,0.5637450199203188,0.0677290836653387,0.16812775768861318,0.16951684499984387,0.0049656135867587855,-0.004934858417249107,0.0011853530964355912,-0.0008158842460229025,0.06425939568589345,0.020352035203520247,5.7,4.267727272727273,0.9145454545454546,3.353181818181818,0.98,0.9768181818181825,0.019841883950955763,18.309999465942383,0.12193626276532843,32.52000045776367,0.06938509111933211
2004-01-01,0.0288442225723038,0.082154828139011,0.1803276096015298,0.4840637450199203,0.0306596902531339,0.0270665771348244,0.0035931131183095,0.0318729476693952,0.0255142982942863,0.0063586493751088,0.0176466604400171,0.0380058643169021,-0.020359203876885,0.0179845311700227,0.0411681420288252,-0.0231836108588024,0.0007,0.014,-0.0092,0.0095,0.0213,-0.0117,0.0222,0.0429,0.0135,0.0608,0.0233,-0.0257,-0.0251,0.0231,0.0263,0.044,0.0071,0.0151,0.0172,0.0221,-0.0153,-0.0079,0.0057,0.0021,-0.0138,-0.0389,-0.0093,0.0085,0.0168,0.0165,0.0152,0.0069,0.039066666666666666,0.025053995024080754,0.022858333333333338,0.008100000000000008,0.02364152420354223,0.014958333333333332,0.018133333333333338,0.013983335319825107,0.0029083333333333305,-0.002000000000000009,0.01881339948015778,-0.012933333333333337,0.013933333333333324,0.006320021097011058,0.009258333333333332,0.03193138383059987,0.03525474776524989,0.07816922686051657,0.08544401743551111,0.17454904170608088,0.5185922974767597,-0.08565737051792838,0.16135939532192015,0.10128990967482632,0.005299433074290085,0.011620001341323195,-0.009134295770750709,-0.0025602583842874705,0.06705829152321385,0.020262869660460092,5.7,4.1505,0.9005000000000001,3.25,1.0,0.9060000000000006,0.012763588097255418,16.6299991607666,-0.09175315970383702,33.04999923706055,0.016297625210221822
2004-02-01,0.0247957588645975,0.0683623864269278,0.1506537934297591,0.5,0.03534156970419,0.0144696524174964,0.0208719172866935,0.0279346553760154,0.0213447068990053,0.00658994847701,0.0212126612530046,0.0277273841831735,-0.0065147229301689,0.029687655787606,0.0192442803339923,0.0104433754536137,0.0006,-0.0132,0.0211,0.0023,0.0165,-0.0098,0.0146,0.0215,0.0429,0.0135,0.0233,-0.0188,0.0246,-0.0251,0.0231,0.0237,-0.0087,0.0242,0.0151,0.0172,0.0164,-0.0136,-0.036,0.0057,0.0021,-0.0229,0.0079,0.0333,0.0085,0.0168,0.0215,-0.0068,0.025966666666666666,0.025092522126455585,0.02679166666666667,0.00753333333333334,0.02016350663947138,0.016416666666666663,0.018833333333333337,0.007999916666232728,0.00558333333333333,-0.009400000000000007,0.01793292130877364,-0.015158333333333336,0.019533333333333323,0.01024312777752308,0.011458333333333334,0.03149757135399883,0.03232114157772907,0.07348768735150062,0.082412715031988,-0.167883519745736,0.5179282868525896,0.015936254980079723,0.16490786070151028,-0.16455503534561888,0.008123944465432886,0.01234533024363846,-0.008975642497216609,-0.004883649172388136,0.06705829152321385,0.01688453159041381,5.6,4.084210526315789,0.9447368421052631,3.1394736842105258,1.01,0.7647368421052629,0.017663898756903773,14.550000190734863,-0.12507510974136782,33.04999923706055,0.0
2004-03-01,0.0075132592069642,0.0648308598748027,0.1438666411580286,0.4043824701195219,0.0066403489610637,0.0083725302302726,-0.0017321812692088,0.0017384441406839,0.0138942703299258,-0.0121558261892418,0.0114626396198375,0.0042630514030685,0.0071995882167689,0.0069649620697285,0.008132007931666,-0.0011670458619375,0.0009,-0.0182,-0.0206,-0.0323,0.0346,-0.0283,-0.0123,0.014,0.0215,0.0429,-0.0124,0.0109,-0.0092,0.0246,-0.0251,0.0057,0.0077,0.0095,0.0242,0.0151,0.0014,-0.0211,0.0213,-0.036,0.0057,0.009,0.0168,-0.0117,0.0333,0.0085,0.0041,-0.0081,0.02613333333333333,0.025497561974954844,0.029525,-0.0032333333333333263,0.021137991074524402,0.016374999999999997,0.01626666666666667,0.008426960701621206,0.0075083333333333295,-0.0030000000000000083,0.02017530668911879,-0.01404166666666667,0.010033333333333325,0.015032997039845323,0.011049999999999999,0.020384413547955168,0.035158326417163314,0.0717826914802473,0.08149865306882058,-0.05165891269609102,0.4628154050464808,-0.09561752988047811,0.15828268139643917,-0.04505132009765778,0.007577616378598069,0.0002642572209589928,-0.006558112863428322,-0.004635760422375404,0.06705829152321385,0.017400761283306032,5.8,3.826521739130435,0.9534782608695652,2.87304347826087,1.0,0.7886956521739137,0.01626375894029275,16.739999771118164,0.15051543310479443,35.7599983215332,0.08199694847296102
2004-04-01,-0.0212585053694759,0.0823168599752588,0.2031423406734724,0.3286852589641434,-0.0184394171518705,-0.0240335453336814,0.0055941281818109,-0.0240403086928372,-0.0181846895425575,-0.0058556191502797,-0.0132418864882021,-0.0278559142095674,0.0146140277213652,-0.0122120722799813,-0.0314673293028722,0.0192552570228909,0.0008,0.0118,-0.004,-0.0018,-0.0117,0.0001,-0.0174,-0.0132,0.014,0.0215,0.0608,0.0818,0.0211,-0.0092,0.0246,0.0263,0.0114,0.0023,0.0095,0.0242,0.0221,0.0122,0.0165,0.0213,-0.036,-0.0138,-0.0468,-0.0098,-0.0117,0.0333,0.0165,0.0098,0.007433333333333331,0.025723199645456173,0.027516666666666665,0.012166666666666673,0.021790884944551316,0.017491666666666662,0.012000000000000002,0.008141416748126101,0.00945833333333333,0.0005999999999999924,0.021195943008038155,-0.01406666666666667,0.003933333333333324,0.01726113167398548,0.010908333333333332,0.003683504234028598,0.017807444032314237,0.0718367020923299,0.07500296447642311,0.2697172324140691,0.4110225763612218,-0.07569721115537847,0.16588759175375337,0.41201837367102434,0.008244621399765202,-0.003807165620837174,0.005099631002655079,0.009510528871522364,0.07072090061793923,0.022925764192139875,5.6,4.347619047619047,0.9580952380952381,3.3895238095238094,1.0,0.7280952380952375,0.02615123170170186,17.190000534057617,0.026881766373488825,37.380001068115234,0.04530209235514793
2004-05-01,0.0253559966626739,0.0731448731641935,0.1344551977131674,0.49800796812749,0.023826131682511,0.0268619575025217,-0.0030358258200106,0.0209374078218085,0.0302384152713649,-0.0093010074495563,0.0296275774296634,0.0218406287587399,0.0077869486709235,0.0176992479913959,0.0339965733755127,-0.0162973253841167,0.0006,0.0186,0.0252,0.0121,0.0112,-0.0031,0.0124,-0.0182,-0.0132,0.014,0.0135,0.0605,-0.0206,0.0211,-0.0092,0.0231,0.0478,-0.0323,0.0023,0.0095,0.0172,0.007,0.0346,0.0165,0.0213,0.0021,-0.0694,-0.0283,-0.0098,-0.0117,0.0168,0.0307,-0.005800000000000002,0.022699552124803343,0.019183333333333333,-0.002899999999999993,0.023198225506850162,0.014824999999999998,-0.006833333333333333,0.020160952358457714,0.005749999999999997,0.024133333333333323,0.02420906166431629,-0.007283333333333336,-0.01660000000000001,0.022290326751007145,0.007733333333333334,0.003870250166720733,0.017683910760359783,0.07343086433808513,0.07345927584479277,-0.1114229431713264,0.4103585657370517,0.16932270916334657,0.16048805984822279,-0.3381232230198211,0.00027537369753050334,-0.009104150929692608,0.009866854869685878,0.0005969619256122292,0.07072090061793923,0.028977583378895444,5.6,4.7155000000000005,1.0394999999999999,3.6760000000000006,1.0,0.7095000000000002,0.0338458309862264,15.5,-0.09831300067206572,39.880001068115234,0.06688068294713001
2004-06-01,0.0341520205402734,0.0632444333294671,0.1450722394055539,0.5378486055776892,0.03428494974208,0.0340211683572451,0.0002637813848348,0.0279402685518671,0.0410158348921036,-0.0130755663402365,0.0378680147336835,0.0310938817782327,0.0067741329554508,0.0351465393688416,0.0330297143761909,0.0021168249926507,0.0008,-0.0404,-0.0292,0.0322,0.0521,-0.0168,0.0194,0.0118,-0.0182,-0.0132,0.0429,0.0142,-0.004,-0.0206,0.0211,-0.0251,0.0165,-0.0018,-0.0323,0.0023,0.0151,0.0014,-0.0117,0.0346,0.0165,0.0057,0.0044,0.0001,-0.0283,-0.0098,0.0085,-0.004,-0.0065333333333333354,0.022658949666743103,0.015125000000000001,-0.0011666666666666596,0.02086307743359083,0.01050833333333333,-0.0106,0.01953229803854806,0.005016666666666663,0.013133333333333323,0.02543404542471898,-0.002475000000000002,-0.012666666666666675,0.020997944343831964,0.005183333333333334,0.0127498372778238,0.016567125412889485,0.07290205548963992,0.0723423734849435,-0.1353538451355598,0.45484727755644094,0.03984063745019922,0.16088992593073123,0.07896341586612188,0.0009406945822117034,-0.009410730980024174,0.009725036449246511,0.001691585543808296,0.07072090061793923,0.03167667941015839,5.6,4.733809523809524,1.2880952380952382,3.4457142857142857,1.03,0.7690476190476199,0.024470313625517992,14.34000015258789,-0.07483869983303937,37.04999923706055,-0.07096293267949094
2004-07-01,-0.037384649210183,0.075513042750429,0.1757740821498387,0.2290836653386454,-0.0322767664400804,-0.0423608855171386,0.0100841190770582,-0.0197057535299852,-0.0567058466748799,0.0370000931448946,-0.0451735176463794,-0.0310354294422882,-0.0141380882040912,-0.0332842153024231,-0.0419608240685669,0.0086766087661437,0.001,0.0008,-0.0118,0.0108,0.0121,-0.0135,-0.0394,0.0186,0.0118,-0.0182,0.0215,0.0233,0.0252,-0.004,-0.0206,0.0246,0.044,0.0121,-0.0018,-0.0323,0.0242,-0.0153,0.0112,-0.0117,0.0346,-0.036,-0.0389,-0.0031,0.0001,-0.0283,0.0333,0.0152,0.004066666666666664,0.01703264512634481,0.015491666666666667,0.0002000000000000069,0.01990481516283619,0.011233333333333331,-0.0073333333333333315,0.019190900621561993,0.0059083333333333305,0.011366666666666657,0.02556023604481517,-0.0019083333333333354,-0.010433333333333345,0.020439936399118223,0.005258333333333334,0.007374455997588102,0.005528980115808349,0.07063411641469668,0.07123540925351317,0.19398718235088785,0.42164674634794147,-0.3087649402390438,0.15176717308952,0.21163141115135664,0.0024373582139608036,0.004874506451700593,0.00014099780742771127,-0.001834630541774104,0.0638591802013182,0.02939575394665228,5.5,4.498095238095239,1.3576190476190477,3.140476190476191,1.26,0.7995238095238095,0.026848554355043186,15.319999694824219,0.06834027418468835,43.79999923706055,0.1821862385694215
2004-08-01,0.0029743635222151,0.0697360720942535,0.1543799368546989,0.450199203187251,0.0064568492069356,-0.0004363183339544,0.0068931675408901,0.0142311309242335,-0.0092612532191091,0.0234923841433426,-0.0003342743230317,0.005658730075906,-0.0059930043989378,0.0012399912261676,0.0049195435006551,-0.0036795522744875,0.0011,0.016,0.0322,-0.0005,-0.0149,-0.0172,0.0019,-0.0404,0.0186,0.0118,0.014,0.0233,-0.0292,0.0252,-0.004,-0.0092,0.0237,0.0322,0.0121,-0.0018,0.0095,0.0164,0.0521,0.0112,-0.0117,0.0213,-0.0229,-0.0168,-0.0031,0.0001,-0.0117,0.0215,-0.003333333333333336,0.023210830805179394,0.010183333333333336,-0.0026666666666666596,0.021960912245775985,0.00513333333333333,0.01416666666666667,0.02118798401610376,0.009866666666666662,0.01719999999999999,0.021620237433170562,0.005674999999999997,-0.006600000000000011,0.010181551944571023,0.002591666666666667,-8.608838256483262e-05,0.0018920808920779503,0.06949784939138333,0.07146435686473411,-0.07650295161947607,0.4057104913678619,0.22111553784860558,0.15840875280336383,-0.12171387859617644,0.00574702266759437,0.015805636982666894,-0.004452319882526055,0.002371293828102297,0.0638591802013182,0.025474254742547275,5.4,4.281363636363636,1.5031818181818182,2.7781818181818183,1.43,0.8149999999999995,0.029784524146032165,15.289999961853027,-0.001958207152009672,43.79999923706055,0.0
2004-09-01,0.0382336419205242,0.0745815828586408,0.1538597330682266,0.5537848605577689,0.0363698594548497,0.0400498789151356,-0.0036800194602859,0.0296968238208626,0.0474589130927392,-0.0177620892718766,0.0409527987584917,0.0360123588697902,0.0049404398887014,0.0253986798234903,0.0525414685204964,-0.0271427886970061,0.0011,0.0142,0.0015,-0.0026,-0.0053,0.0041,0.0171,0.0008,-0.0404,0.0186,-0.0132,-0.0124,-0.0118,-0.0292,0.0252,0.0211,0.0057,0.0108,0.0322,0.0121,0.0023,0.0014,0.0121,0.0521,0.0112,0.0165,0.009,-0.0135,-0.0168,-0.0031,-0.0098,0.0041,-0.007000000000000003,0.021673732181298744,0.008308333333333336,-0.00526666666666666,0.022137788206292735,0.002174999999999997,0.01836666666666667,0.0212660684346371,0.009399999999999997,0.025133333333333324,0.02189088090202561,0.008591666666666664,-0.011133333333333344,0.01021156207443298,-0.0003249999999999996,0.001274452077518767,0.0070121446776712825,0.07327689923444124,0.07308947736204047,0.06948356308107284,0.4110225763612218,0.10358565737051789,0.16133791735758807,-0.0033696333673326473,0.00443242238588747,0.014243462672120193,-0.005063550904775856,-0.007381910735116636,0.0638591802013182,0.025391680172879516,5.4,4.1257142857142854,1.6814285714285715,2.444285714285714,1.61,0.8095238095238084,0.02448803847620762,13.34000015258789,-0.12753432401113052,49.63999938964844,0.13333333913956968
2004-10-01,0.0292260507942362,0.0909811668158379,0.1818195558168681,0.5179282868525896,0.0314001198862,0.0271074426484959,0.004292677237704,0.0182733103354688,0.0410620767738718,-0.022788766438403,0.032342443828239,0.0266802649354732,0.0056621788927658,0.0267204902867237,0.0320191346386762,-0.0052986443519524,0.0011,0.0453,0.0412,0.0157,-0.0052,-0.0018,0.0153,0.016,0.0008,-0.0404,-0.0182,0.0608,0.0322,-0.0118,-0.0292,-0.0206,0.0263,-0.0005,0.0108,0.0322,-0.0323,0.0221,-0.0149,0.0121,0.0521,0.0346,-0.0138,-0.0172,-0.0135,-0.0168,-0.0283,0.0165,-0.00786666666666667,0.02316713188981316,0.010675000000000002,-0.0029333333333333273,0.02487132217367371,0.00438333333333333,0.01416666666666667,0.02133836138663577,0.009241666666666664,0.016433333333333328,0.026011766568228362,0.006599999999999997,-0.015833333333333345,0.010353099374905304,-0.0021,0.0234780187456585,0.015426237371623302,0.07843294058957755,0.07453352850213699,0.21988785070813344,0.5073041168658698,-0.03585657370517925,0.16335307524659784,0.18172280811278396,0.0025019417727694033,-0.005686157188979007,0.001536538127509812,-0.012040328441148669,0.06413226240660852,0.03190914007571655,5.5,4.0969999999999995,1.7945,2.3024999999999993,1.76,0.7370000000000001,0.03195748461556924,16.270000457763672,0.21964020027446374,51.7599983215332,0.04270747296437016
2004-11-01,0.060159065684017,0.072274766733125,0.1588953919778726,0.649402390438247,0.0609861059429377,0.0593572144685151,0.0016288914744226,0.0593505532558271,0.0610371275683952,-0.001686574312568,0.0600403152053576,0.0602556198115251,-0.0002153046061674,0.0542961774548219,0.0666592243729071,-0.0123630469180852,0.0015,0.0341,-0.0004,-0.0023,-0.0107,0.0039,0.0468,0.0142,0.016,0.0008,0.0118,0.0135,0.0015,0.0322,-0.0118,-0.004,0.0231,-0.0026,-0.0005,0.0108,-0.0018,0.0172,-0.0053,-0.0149,0.0121,-0.0117,0.0021,0.0041,-0.0172,-0.0135,0.0001,0.0168,0.010333333333333332,0.022370248098758264,0.006791666666666668,0.007300000000000007,0.023020896304589734,0.0023166666666666635,0.0025666666666666667,0.01334266340228473,0.00718333333333333,-0.0027000000000000093,0.024730042458515962,0.007308333333333331,-0.008866666666666679,0.009251306214079429,-0.0031333333333333335,0.0425395861329258,0.021226748875180484,0.07927917213586803,0.07438851076362557,-0.20560738818153423,0.5737051792828685,0.13147410358565736,0.16485822695432242,-0.1260819483141027,0.0007471830839469034,-0.014079143340949209,0.0034624380584332786,-0.014934826655681237,0.06413226240660852,0.03621621621621607,5.4,4.194,2.1075,2.0865,1.93,0.6875,0.02763005391785356,13.239999771118164,-0.18623236640412388,49.130001068115234,-0.0508113859873105
2004-12-01,0.0469960400753582,0.0651336636287523,0.1359416520873149,0.6354581673306773,0.0460083857755634,0.0479537654569774,-0.0019453796814139,0.0381228843395149,0.0565299627277005,-0.0184070783881856,0.0477495712194928,0.0463763135269111,0.0013732576925816,0.0501029601138357,0.0435532367894778,0.0065497233243578,0.0016,-0.0275,-0.0111,0.0206,0.028,-0.0141,0.0357,0.0453,0.0142,0.016,0.0186,0.0429,0.0412,0.0015,0.0322,0.0252,-0.0251,0.0157,-0.0026,-0.0005,0.0121,0.0151,-0.0052,-0.0053,-0.0149,0.0112,0.0057,-0.0018,0.0041,-0.0172,-0.0031,0.0085,0.025166666666666667,0.028261098115017824,0.00944166666666667,0.024966666666666675,0.027500236362620712,0.003824999999999997,0.0042,0.012565892991215081,0.00705833333333333,-0.008466666666666676,0.02386098628864006,0.006699999999999998,-0.004966666666666679,0.008957399176100058,-0.004683333333333333,0.04546038551787047,0.023367418797694616,0.07612986572590519,0.0747033824801731,-0.09880492773835259,0.600929614873838,-0.013944223107569709,0.15888553329401853,-0.14445818475185357,0.0013253963435709032,-0.014294139713052207,0.002273377326393345,-0.0037039893152266026,0.06413226240660852,0.033423180592991875,5.4,4.2309090909090905,2.222727272727273,2.0081818181818174,2.16,0.6840909090909086,0.03551152067738861,13.289999961853027,0.003776449516557756,43.45000076293945,-0.11561164627903975
2005-01-01,-0.0284408742330985,0.0699708222502836,0.1460240509718357,0.2549800796812749,-0.0272988048304221,-0.0295427703402033,0.0022439655097812,-0.0186325889636112,-0.0389238034629209,0.0202912144993097,-0.0314485905665186,-0.0259531836208772,-0.0054954069456413,-0.0295776027887664,-0.0271880282443248,-0.0023895745444415,0.0016,0.0188,-0.003,0.0141,0.0132,-0.0021,-0.0259,0.0341,0.0453,0.0142,-0.0404,0.0215,-0.0004,0.0412,0.0015,-0.0292,0.0246,-0.0023,0.0157,-0.0026,0.0322,0.0242,-0.0107,-0.0052,-0.0053,0.0521,-0.036,0.0039,-0.0018,0.0041,-0.0168,0.0333,0.031199999999999995,0.029962220656464433,0.008708333333333334,0.014100000000000008,0.026614012599881914,0.005883333333333331,0.0035999999999999995,0.013702469363828854,0.005608333333333329,-0.007066666666666676,0.024983387814038926,0.005333333333333331,0.0020666666666666546,0.010112451071162949,-0.005066666666666666,0.026238077175425565,0.024858047960542033,0.06912641753738709,0.0737796790634822,0.07426510888596805,0.5132802124833998,-0.3804780876494024,0.14695369834567443,0.07416710573772423,0.0006424924342633035,6.585393285202708e-05,-0.001445817953075688,-0.0027342993793896355,0.07077139689554546,0.028448738593666034,5.3,4.221500000000001,2.371,1.8505000000000007,2.28,0.6600000000000001,0.037656681883018184,12.819999694824219,-0.035364956236107914,48.20000076293945,0.10932105676857651
2005-02-01,0.0263482318245559,0.0741720036573933,0.1531365229383983,0.5179282868525896,0.0202792996467089,0.0322036839760466,-0.0119243843293377,0.0286048499945082,0.0239363965318028,0.0046684534627054,0.0284654748377768,0.0245970541921256,0.0038684206456512,0.0254242138154216,0.0273666387701072,-0.0019424249546856,0.0016,-0.0193,-0.0141,0.0207,0.0044,0.0134,0.0204,-0.0275,0.0341,0.0453,0.0008,0.014,-0.0111,-0.0004,0.0412,-0.0118,-0.0092,0.0206,-0.0023,0.0157,0.0108,0.0095,0.028,-0.0107,-0.0052,0.0121,0.0213,-0.0141,0.0039,-0.0018,-0.0135,-0.0117,0.017299999999999996,0.02562822012287751,0.0046250000000000015,0.009900000000000008,0.022606990069445478,0.00290833333333333,0.011333333333333334,0.010099257398442802,0.005308333333333329,0.004033333333333324,0.016244219484686497,0.010666666666666665,-0.004000000000000011,0.009631545393479941,-0.009016666666666668,0.01496779922227187,0.028753692677598832,0.06975882984547653,0.07451900099067217,0.06004190421090372,0.46945551128818064,0.26294820717131473,0.1450340753325163,0.04870753769140679,-0.0038752661669901292,0.002184196524609827,-8.457620246948821e-05,0.0007392412750768979,0.07077139689554546,0.030530262453133394,5.4,4.165263157894737,2.579473684210526,1.5857894736842106,2.5,0.6163157894736839,0.03892187869790664,12.079999923706055,-0.05772229241291804,51.75,0.07365143528773777
2005-03-01,-0.0140333588820076,0.0653462081710214,0.1301782637904795,0.2908366533864542,-0.0140285529025048,-0.014037995806955,9.442904450178076e-06,-0.0149980835160797,-0.0130022775270733,-0.0019958059890063,-0.0117481218466031,-0.0159234848411973,0.0041753629945942,-0.0159045104737287,-0.0119710681491967,-0.0039334423245319,0.0021,-0.026,-0.0397,0.0005,0.0097,-0.0085,-0.0172,0.0188,-0.0275,0.0341,0.016,-0.0132,-0.003,-0.0111,-0.0004,0.0322,0.0211,0.0141,0.0206,-0.0023,-0.0005,0.0023,0.0132,0.028,-0.0107,-0.0149,0.0165,-0.0021,-0.0141,0.0039,-0.0172,-0.0098,0.008466666666666666,0.02484120904196621,0.0050250000000000026,-0.004833333333333326,0.021264399043158334,0.003424999999999997,0.010799999999999999,0.010435132965132819,0.005691666666666662,0.010166666666666657,0.0164044810951155,0.009991666666666664,-0.0041000000000000125,0.00906656862692081,-0.008216666666666666,-0.005375333763516732,0.020042525877176868,0.0698296780262329,0.07297977187606892,-0.11899092718512772,0.354581673306773,-0.22709163346613542,0.14311294590023782,-0.14992020654115368,-0.00322365863836877,0.007654620657669593,0.0008494588982013784,-0.0027551472745530018,0.07077139689554546,0.032068412613575736,5.2,4.497727272727273,2.795909090909091,1.7018181818181821,2.63,0.6590909090909092,0.04168552298887196,14.020000457763672,0.16059607171441437,55.400001525878906,0.07053143045176635
2005-04-01,-0.0219286648975672,0.0819146395526503,0.1727308492594608,0.3147410358565737,-0.0226147434482655,-0.0212667197632251,-0.0013480236850403,-0.0080143069963138,-0.0368000950354147,0.0287857880391008,-0.0329241614867165,-0.0128342588401867,-0.0200899026465298,-0.0201406452576443,-0.0238993317050091,0.0037586864473647,0.0021,0.0365,0.0276,-0.0058,-0.0102,0.0028,-0.0239,-0.0193,0.0188,-0.0275,0.0142,-0.0182,-0.0141,-0.003,-0.0111,0.0015,-0.0206,0.0207,0.0141,0.0206,-0.0026,-0.0323,0.0044,0.0132,0.028,-0.0053,0.0346,0.0134,-0.0021,-0.0141,0.0041,-0.0283,-0.009333333333333334,0.02891882892972439,0.004516666666666669,-0.009399999999999993,0.019988671791792638,0.0004916666666666634,0.018466666666666666,0.010768410591478591,0.007224999999999995,0.015199999999999991,0.014477522808362923,0.008983333333333331,-0.0009333333333333456,0.009122645815039885,-0.006283333333333333,-0.0032045973183396324,0.011516739928542968,0.07381095046035513,0.071468683998871,0.2535484742782119,0.37450199203187257,0.0239043824701195,0.15201521199611287,0.32687934398533103,-0.004420988369975936,0.010486145170933292,-0.004015373002094789,-0.0007057269439509352,0.06685819935332948,0.03361792956243326,5.2,4.3409523809523805,2.836666666666667,1.5042857142857136,2.79,0.7219047619047618,0.04006456472613795,15.3100004196167,0.09201140654304907,49.720001220703125,-0.1025270784969653
2005-05-01,0.0553759853097432,0.0781447239807308,0.1661262862169307,0.6334661354581673,0.0509336857729662,0.0596843461670193,-0.008750660394053,0.0349173140425241,0.0771267831833129,-0.0422094691407888,0.0651579801384601,0.0472395597045487,0.0179184204339113,0.0452037792326518,0.0665273342177845,-0.0213235549851326,0.0024,0.0058,0.0326,0.028,0.0087,-0.0052,0.0389,-0.026,-0.0193,0.0188,0.0453,0.0118,-0.0397,-0.0141,-0.003,0.0412,-0.004,0.0005,0.0207,0.0141,0.0157,-0.0018,0.0097,0.0044,0.0132,-0.0052,-0.0117,-0.0085,0.0134,-0.0021,-0.0018,0.0001,-0.008833333333333334,0.03245166662386794,0.003866666666666668,-0.018933333333333326,0.026390560180994144,-0.001100000000000003,0.011766666666666667,0.010032696546791477,0.009958333333333328,0.009099999999999992,0.013816608363367212,0.006908333333333331,0.0009333333333333213,0.009585127368306835,-0.004633333333333334,0.0064713205100561345,0.010719559866164,0.0751351905681343,0.0724470102068053,-0.04602248868465564,0.4130146082337318,0.3187250996015936,0.156345133088957,-0.03823615220353205,-0.0033630803915477036,-0.00513982903023144,0.0006679602606585779,-0.007166103620766601,0.06685819935332948,0.02869287991498415,5.1,4.144285714285714,2.901904761904762,1.2423809523809521,3.0,0.8538095238095229,0.03353479064927534,13.289999961853027,-0.13193993483993938,49.720001220703125,0.0
2005-06-01,0.0198720231546498,0.0681205632285891,0.154200659832987,0.4741035856573705,0.0205896915021259,0.0191759930488061,0.0014136984533198,0.0294163889051217,0.0097248553567797,0.0196915335483419,0.0098441303427035,0.0282129807272032,-0.0183688503844997,0.0187058557008382,0.0211504420211277,-0.0024445863202895,0.0023,0.0392,0.0276,-0.0078,-0.0119,-0.0078,0.0081,0.0365,-0.026,-0.0193,0.0341,0.0186,0.0276,-0.0397,-0.0141,-0.0004,0.0252,-0.0058,0.0005,0.0207,-0.0023,0.0121,-0.0102,0.0097,0.0044,-0.0107,0.0112,0.0028,-0.0085,0.0134,0.0039,-0.0031,-0.0029333333333333342,0.03035560354640745,0.005925000000000002,-0.008733333333333327,0.021876692315491244,0.0015333333333333301,0.005133333333333334,0.011916655011649381,0.009624999999999996,0.001299999999999991,0.014785082572196503,0.0070333333333333315,0.0025666666666666546,0.00974221056365878,-0.0044083333333333335,0.017773114522275268,0.006198890379379265,0.07605997558732354,0.0729448268067781,-0.12827687195636517,0.47410358565737054,-0.15936254980079684,0.16435259843645952,-0.071786510464521,-0.002894995208591163,0.002089284148884627,-0.0068467775323727215,-0.0066698182860191356,0.06685819935332948,0.02541026998411855,5.0,3.998181818181818,3.036363636363636,0.9618181818181819,3.04,0.8981818181818184,0.046347083589064475,12.039999961853027,-0.09405568123310304,56.5,0.13636360846414708
2005-07-01,0.0563028742542891,0.078823774208436,0.1651288269031954,0.6633466135458167,0.0527704356755719,0.0597465580948475,-0.0069761224192756,0.0457787496739956,0.0675470705163921,-0.0217683208423965,0.0578128718892008,0.0550527366774784,0.0027601352117224,0.0540309331030766,0.0588056543459991,-0.0047747212429225,0.0024,-0.012,-0.0094,0.0134,-0.0196,0.0038,0.0416,0.0058,0.0365,-0.026,-0.0275,-0.0404,0.0326,0.0276,-0.0397,-0.0111,-0.0292,0.028,-0.0058,0.0005,0.0206,0.0322,0.0087,-0.0102,0.0097,0.028,0.0521,-0.0052,0.0028,-0.0085,-0.0141,-0.0168,0.0054333333333333326,0.02646225613964157,0.004858333333333335,0.006833333333333338,0.027282772342023337,0.0021499999999999965,0.007566666666666667,0.01306099792001623,0.010949999999999996,0.0027333333333333237,0.012401720310774186,0.006824999999999998,-0.0036333333333333456,0.009577351756444195,-0.004583333333333333,0.043850294239560696,0.020322848460610533,0.07502968713925211,0.0744203187998035,0.15712158667758835,0.5903054448871182,0.1892430278884462,0.16181859098437104,0.07086978150446699,-0.00477102812000293,-0.01476208547828114,0.0007699017537113454,-0.009514287516114868,0.06804665661734388,0.03067160232681121,5.0,4.1775,3.2875,0.8900000000000001,3.26,0.8954999999999993,0.03529849334526092,11.569999694824219,-0.03903656715265247,60.56999969482422,0.07203539282874716
2005-08-01,-0.0113757921342694,0.0631919590648015,0.1383196631140648,0.2968127490039841,-0.0147743661152405,-0.0080621825028225,-0.0067121836124179,-0.009277268439758,-0.0136171472844281,0.0043398788446701,-0.0092826720996944,-0.013110368459218,0.0038276963595236,-0.0158255546654108,-0.006476319560087,-0.0093492351053238,0.003,0.0048,-0.0031,0.0078,0.0026,-0.0061,-0.009,0.0392,0.0058,0.0365,0.0188,0.0008,0.0276,0.0326,0.0276,-0.003,-0.0118,-0.0078,0.028,-0.0058,0.0141,0.0108,-0.0119,0.0087,-0.0102,0.0132,0.0121,-0.0078,-0.0052,0.0028,-0.0021,-0.0135,0.027166666666666662,0.027569161515480736,0.011491666666666669,0.029266666666666673,0.029017282206758675,0.006883333333333329,0.0048000000000000004,0.014794244376333261,0.007616666666666663,-0.004466666666666677,0.01074084105955714,0.0014916666666666644,-0.003400000000000012,0.008280257644944675,-0.003833333333333333,0.021599701758223174,0.01403551113413965,0.07004543216727567,0.07259031136770487,-0.19831345682964685,0.47808764940239046,-0.3665338645418326,0.15254971661674907,-0.1623530203169622,-0.004091535859457897,0.0007543638502051595,-0.003927006271084554,-0.0055228475561786014,0.06804665661734388,0.03646934460887952,4.9,4.262608695652174,3.5182608695652173,0.7443478260869569,3.5,0.8673913043478256,0.03797594088074363,12.600000381469727,0.08902339790953273,68.94000244140625,0.13818726743855758
2005-09-01,0.0154207790198891,0.0695812720182452,0.1544331738051364,0.4621513944223107,0.0069589761492211,0.0237133458331437,-0.0167543696839225,0.0177626168367091,0.0129072881693754,0.0048553286673337,0.0161546486440717,0.0148092209997369,0.0013454276443348,0.0161157057466068,0.0146596687953887,0.001456036951218,0.0029,-0.0204,-0.015,0.0043,-0.007,-0.0126,0.0077,-0.012,0.0392,0.0058,-0.0193,0.016,-0.0094,0.0276,0.0326,-0.0141,0.0322,0.0134,-0.0078,0.028,0.0207,-0.0005,-0.0196,-0.0119,0.0087,0.0044,-0.0149,0.0038,-0.0078,-0.0052,0.0134,-0.0172,0.011000000000000001,0.028275124520798563,0.010425000000000002,0.01693333333333334,0.02949128684883057,0.00708333333333333,0.011200000000000002,0.014741867814719693,0.00783333333333333,-0.0076000000000000095,0.012324082115922529,-0.0011500000000000024,-0.003066666666666679,0.008504057854930084,-0.002391666666666667,0.020115953713302936,0.0189445341177891,0.07053233509716103,0.07329615534224217,0.10110958811850801,0.47410358565737054,0.1653386454183266,0.1526272212741322,0.1164947219238357,-0.010147558571871997,-0.004191037776797573,0.002644419738526945,-0.004222639799009435,0.06804665661734388,0.04741833508956805,5.0,4.199047619047619,3.494285714285714,0.7047619047619045,3.62,0.9028571428571421,0.016574450087309733,11.920000076293945,-0.0539682765546442,66.23999786376953,-0.03916455587496559
2005-10-01,-0.0102903971404069,0.0786610794248053,0.1774328262649339,0.3306772908366533,-0.0180205435247807,-0.0027525429546493,-0.0152680005701314,-0.0190421439244157,-0.0009460841678975,-0.0180960597565181,-0.0008655624800371,-0.0181880595178464,0.0173224970378093,-0.0098377807600545,-0.0107885146383609,0.0009507338783063,0.0027,0.0361,0.009,-0.0119,-0.0079,-0.0109,-0.0177,0.0048,-0.012,0.0392,-0.026,0.0142,-0.0031,-0.0094,0.0276,-0.0397,0.0015,0.0078,0.0134,-0.0078,0.0005,-0.0026,0.0026,-0.0196,-0.0119,0.0097,-0.0053,-0.0061,0.0038,-0.0078,-0.0085,0.0041,0.010666666666666666,0.02591044191055022,0.009491666666666669,0.00503333333333334,0.02845738334187937,0.004141666666666663,0.0044666666666666665,0.01343077312244788,0.008524999999999996,-0.009633333333333343,0.012123819530164637,0.00030833333333333103,-0.003366666666666679,0.005405922677952215,-0.0014666666666666671,-0.0020818034182623953,0.02088424541064915,0.07047810350261746,0.07275389532093467,0.13049211581212905,0.3632138114209828,-0.13147410358565736,0.1567285543947117,0.1489294812319173,-0.012911517955490595,-0.0029669507481714396,0.0074985403472225785,-0.002314154758599835,0.0636206901231191,0.04350104821802936,5.0,4.4635,3.7924999999999995,0.6710000000000003,3.78,0.9529999999999994,0.020209103457029087,15.319999694824219,0.28523486550071975,59.7599983215332,-0.0978260832007154
2005-11-01,0.0540425732883182,0.0756925288643424,0.1471590975476411,0.6533864541832669,0.0494027086107692,0.0585670184465251,-0.0091643098357559,0.0373512370332523,0.0718640521023207,-0.0345128150690683,0.0638490778392275,0.0458250856785284,0.0180239921606991,0.0442383625920706,0.0648323924672572,-0.0205940298751865,0.0031,-0.0024,-0.0025,0.0015,0.0018,0.002,0.0392,-0.0204,0.0048,-0.012,0.0365,0.0453,-0.015,-0.0031,-0.0094,0.0276,0.0412,0.0043,0.0078,0.0134,-0.0058,0.0157,-0.007,0.0026,-0.0196,-0.0102,-0.0052,-0.0126,-0.0061,0.0038,0.0028,-0.0018,-0.009200000000000002,0.02450113602808376,0.006608333333333335,-0.00916666666666666,0.021462688554792168,0.0027666666666666625,0.008499999999999999,0.01320632424257415,0.009099999999999995,-0.008000000000000009,0.010277483479270011,0.00016666666666666444,-0.004966666666666679,0.006342370744971056,-0.002858333333333334,0.019724318389266804,0.020662010073744984,0.07464496010246442,0.07234519613486994,-0.03773849255781736,0.4820717131474104,0.3227091633466136,0.15967503253923712,-0.17062078846723427,-0.013728893363269929,-0.015917848719417576,0.01223063894761441,-0.006062419681887401,0.0636206901231191,0.03338549817423053,5.0,4.535,3.9745,0.5605000000000002,4.0,0.9749999999999996,0.029120723180627417,12.0600004196167,-0.21279369061011755,57.31999969482422,-0.040829964779797945
2005-12-01,0.0067431867338468,0.0542110690484408,0.1133644728887818,0.398406374501992,0.0022574086852667,0.0110957238502908,-0.0088383151650241,0.0073778656913442,0.0060622291023652,0.0013156365889789,0.0064933616423263,0.0069515661880643,-0.0004582045457379,0.0004054645936914,0.0137515673015319,-0.0133461027078404,0.0032,0.0303,0.0583,0.0099,-0.0066,-0.0035,0.0008,0.0361,-0.0204,0.0048,0.0058,0.0341,0.009,-0.015,-0.0031,0.0326,-0.0004,-0.0119,0.0043,0.0078,0.028,-0.0023,-0.0079,-0.007,0.0026,0.0087,-0.0107,-0.0109,-0.0126,-0.0061,-0.0052,0.0039,0.006833333333333333,0.0244116707061738,0.005841666666666669,-0.003033333333333326,0.019690987786294693,8.333333333332951e-05,6.666666666666568e-05,0.014525380086822802,0.006799999999999996,-0.00410000000000001,0.010141942614706582,-5.8333333333335725e-05,-0.009866666666666678,0.005765298488947879,-0.0036166666666666673,0.016831787627252705,0.01847387067027782,0.06952155911252962,0.07002694710484522,-0.2837989447333842,0.4608233731739708,-0.2549800796812749,0.14598546556711892,-0.22964685990900868,-0.01109020852363713,-0.017097746078869172,0.01162942821759018,-0.010996466234906868,0.0636206901231191,0.03338549817423053,4.9,4.467142857142857,3.970952380952381,0.4961904761904763,4.16,0.951428571428572,0.026259073757150198,12.069999694824219,0.0008291272686238305,61.040000915527344,0.06489883531941176
2006-01-01,0.057737786817395,0.090754121260971,0.208035790995292,0.5816733067729084,0.0609083435636797,0.0546300133730169,0.0062783301906627,0.05463900692592,0.0610613486699096,-0.0064223417439895,0.0529941534712108,0.061698067867879,-0.0087039143966681,0.0559420455574829,0.0597225534730873,-0.0037805079156043,0.0035,-0.003,-0.0046,-0.0031,-0.0054,0.0198,0.0338,-0.0024,0.0361,-0.0204,0.0392,-0.0275,-0.0025,0.009,-0.015,0.0276,-0.0111,0.0015,-0.0119,0.0043,-0.0078,0.0206,0.0018,-0.0079,-0.007,-0.0119,0.028,0.002,-0.0109,-0.0126,-0.0078,-0.0141,0.004433333333333333,0.024846710043786427,0.0028000000000000017,-0.0028333333333333266,0.015262503071252992,-9.16666666666705e-05,-0.0020333333333333345,0.009536334026588437,0.007116666666666663,-0.004366666666666677,0.00840452259203349,0.0009833333333333309,-0.007166666666666678,0.006747345156923922,-0.003775,0.039507848946520006,0.0187130227641288,0.0735525730579182,0.07201533828026772,0.6740883892158043,0.5444887118193892,0.1832669322709164,0.15618645381057164,0.8351057054654958,-0.003908098270039097,-0.01320650674135964,0.0029539577394310447,-0.012573546832877069,0.06515668247738793,0.04018789144050117,4.7,4.416,4.336,0.08000000000000007,4.29,0.9424999999999999,0.024194801632455576,12.949999809265137,0.07290804777884752,61.040000915527344,0.0
2006-02-01,0.0111456571736768,0.0650446477210076,0.141662962938817,0.4960159362549801,0.0127519949843774,0.0095788843336832,0.0031731106506941,0.006561444759903,0.0160370590790953,-0.0094756143191922,0.0110105723709052,0.011259054049398,-0.0002484816784928,0.0108448060331408,0.0114764359145804,-0.0006316298814396,0.0034,0.0147,0.0334,0.0061,0.0003,-0.0044,0.0004,0.0303,-0.0024,0.0361,-0.012,0.0188,0.0583,-0.0025,0.009,-0.0094,-0.003,0.0099,0.0015,-0.0119,0.0134,0.0141,-0.0066,0.0018,-0.0079,-0.0196,0.0132,-0.0035,0.002,-0.0109,0.0038,-0.0021,0.021333333333333333,0.022757123426889087,0.007616666666666667,0.021600000000000008,0.02674781611022989,0.0056916666666666635,-0.0001666666666666674,0.008906102776561047,0.006224999999999995,-0.004233333333333343,0.008057894679546762,-0.0019000000000000024,-0.004133333333333346,0.006652142512003034,-0.0028916666666666674,0.025208876908306203,0.0224665976487865,0.07000327934347327,0.07232411972296875,-0.28328711889605185,0.4920318725099602,-0.08565737051792832,0.1543544089409636,-0.31904523610544056,0.00020437522544423706,-0.0048607731580676055,-0.0031368668736329215,-0.005919413501628101,0.06515668247738793,0.0363825363825363,4.8,4.568947368421052,4.5394736842105265,0.029473684210525875,4.49,0.9221052631578948,0.017242361205308532,12.34000015258789,-0.047104221286614956,61.40999984741211,0.006061581361979318
2006-03-01,0.0288808107243858,0.0688251201310884,0.1531192025745563,0.5258964143426295,0.0314911193958144,0.0263219367065814,0.0051691826892329,0.0210612526955167,0.0372646667553382,-0.0162034140598214,0.0321367138739111,0.026132708983502,0.006004004890409,0.0288929263198828,0.0288674264801456,2.5499839737156554e-05,0.0037,0.0073,-0.0079,0.0226,0.0174,-0.0013,0.0184,-0.003,0.0303,-0.0024,0.0048,-0.0193,-0.0046,0.0583,-0.0025,-0.0031,-0.0141,-0.0031,0.0099,0.0015,0.0078,0.0207,-0.0054,-0.0066,0.0018,0.0026,0.0044,0.0198,-0.0035,0.002,-0.0061,0.0134,0.0083,0.02159506116376298,0.005800000000000002,0.01706666666666667,0.02625455516032739,0.005558333333333329,0.002766666666666666,0.007984589323607598,0.004791666666666662,-0.0034000000000000094,0.004685189430535491,-0.003450000000000003,0.006099999999999988,0.011847264100486017,-0.001066666666666667,0.03258808490515253,0.024709936266202617,0.07487462970435581,0.0721980944084426,0.058121191251525595,0.5345285524568394,0.029880478087649376,0.16760598550288844,0.08086968815333306,0.004873541176863237,-0.010700456707667705,-0.0009827970615839548,-0.0014622126524355822,0.06515668247738793,0.03417918177110302,4.7,4.7239130434782615,4.627826086956522,0.09608695652173971,4.59,0.8860869565217397,0.02091541760329152,11.390000343322754,-0.07698539688153139,66.62999725341797,0.08500240056955222
2006-04-01,0.008673962327828,0.0637189397051783,0.1524002687415299,0.4342629482071713,0.000516752851781,0.0166312401990699,-0.0161144873472888,0.0104818930757299,0.0067455028633993,0.0037363902123306,0.0123509342957609,0.0055846342817109,0.00676630001405,0.0097345617565678,0.0075084077472858,0.002226154009282,0.0036,-0.0356,-0.029,0.0238,0.0087,0.0153,0.0109,0.0147,-0.003,0.0303,-0.0204,-0.026,0.0334,-0.0046,0.0583,-0.015,-0.0397,0.0061,-0.0031,0.0099,0.0043,0.0005,0.0003,-0.0054,-0.0066,-0.007,0.0097,-0.0044,0.0198,-0.0035,-0.0126,-0.0085,0.013999999999999999,0.02171924645715555,0.008633333333333335,0.029033333333333338,0.027634036983401587,0.009516666666666663,0.0043,0.007739164468252915,0.003574999999999996,-0.0039000000000000094,0.004121973637308726,-0.003791666666666669,0.003966666666666656,0.011746148304869903,-0.0025500000000000006,0.01623347674196354,0.027870662844241768,0.06586290251909156,0.06970773778850477,-0.07419065039312034,0.48539176626826036,-0.09163346613545814,0.14906081141830108,-0.004695255859083702,-0.0025907313357872628,-0.007314212722227671,0.004173941075322078,0.0005400079891931843,0.0642877129902708,0.03613835828600931,4.7,4.990526315789474,4.721578947368421,0.2689473684210526,4.79,0.8384210526315794,0.021816142662632876,11.59000015258789,0.017559245235877707,71.87999725341797,0.07879333958295609
2006-05-01,-0.0354629488435145,0.071434771922992,0.1603732421271166,0.1952191235059761,-0.0325120904231905,-0.0383414823025561,0.0058293918793655,-0.0281587899635109,-0.0432540516488517,0.0150952616853407,-0.0392240260974035,-0.0323029569954982,-0.0069210691019052,-0.0331817301728367,-0.0379699131118115,0.0047881829389747,0.0043,-0.0034,-0.0024,0.0085,0.0132,-0.0013,-0.0313,0.0073,0.0147,-0.003,0.0361,0.0365,-0.0079,0.0334,-0.0046,0.009,0.0276,0.0226,0.0061,-0.0031,-0.0119,-0.0058,0.0174,0.0003,-0.0054,-0.0079,-0.0102,-0.0013,-0.0044,0.0198,-0.0109,0.0028,0.006333333333333333,0.0164758813623631,0.011408333333333335,0.006966666666666673,0.026310409853642976,0.012166666666666664,0.008533333333333332,0.011785146018046123,0.0054166666666666625,0.00409999999999999,0.009393543882192084,-0.003150000000000002,0.004699999999999988,0.010465833300156505,-0.0019500000000000006,0.0006972747362331047,0.01295307582226965,0.06799294391975302,0.06899811163161304,0.12109166055672205,0.3851261620185924,-0.23904382470119523,0.15529757114773426,0.052316006076792654,-0.0017053042595634629,0.000876079279283295,0.0019497452675179452,0.0023466122626646176,0.0642877129902708,0.03977272727272729,4.6,5.11,4.836363636363637,0.27363636363636346,4.94,0.794090909090909,0.021156664964513183,16.440000534057617,0.418464220674474,71.29000091552734,-0.008208074018291267
2006-06-01,0.0039463332296006,0.063681343696655,0.1308628956662715,0.4382470119521912,0.0044621935386298,0.0034455712710795,0.0010166222675502,0.010260828841568,-0.0027547641545281,0.0130155929960961,0.0033009300927884,0.0044915367926611,-0.0011906066998726,0.007358956404644,0.0002154343180245,0.0071435220866195,0.004,-0.0077,-0.036,0.0262,0.0163,0.0084,0.0006,-0.0356,0.0073,0.0147,-0.0024,0.0058,-0.029,-0.0079,0.0334,-0.0025,0.0326,0.0238,0.0226,0.0061,0.0015,0.028,0.0087,0.0174,0.0003,0.0018,0.0087,0.0153,-0.0013,-0.0044,0.002,-0.0052,-0.004533333333333334,0.022128300130526617,0.005400000000000002,-0.0011666666666666607,0.03183097547986877,0.007449999999999996,0.017499999999999998,0.011028810754866924,0.00788333333333333,0.00879999999999999,0.009063774048375314,-0.0015750000000000026,0.0031999999999999876,0.010331456818861419,-0.0009083333333333338,-0.00761421776202863,0.01248693357156195,0.0662783517749419,0.07057649073964874,-0.1085385732692663,0.35590969455511295,0.2430278884462151,0.14787880217830598,-0.18401041264386442,-0.003089491066791029,0.01061574829792246,-0.000448458595909255,0.004719286344958732,0.0642877129902708,0.041817243159525175,4.6,5.106363636363636,4.917727272727273,0.1886363636363635,4.99,0.8881818181818186,0.01980338625144462,13.079999923706055,-0.20437959253047955,73.9800033569336,0.037733236174224194
2006-07-01,-0.0107911267234568,0.0847357230393978,0.2092175509184361,0.4203187250996016,-0.0080505202062546,-0.0134515203669848,0.0054010001607302,0.0149722188281205,-0.0381318199618654,0.053104038789986,-0.0274575232102176,0.0032877926831675,-0.0307453158933852,-0.0109782769862495,-0.0105865220320098,-0.0003917549542397,0.004,0.0203,0.0045,-0.0195,-0.0181,0.0214,-0.0037,-0.0034,-0.0356,0.0073,0.0303,0.0392,-0.0024,-0.029,-0.0079,0.0583,0.0276,0.0085,0.0238,0.0226,0.0099,-0.0078,0.0132,0.0087,0.0174,-0.0066,-0.0119,-0.0013,0.0153,-0.0013,-0.0035,-0.0078,-0.010566666666666667,0.02217073897430269,0.004633333333333335,-0.013099999999999994,0.03182443505652023,0.004533333333333329,0.0183,0.01027754834578761,0.00625833333333333,0.013099999999999992,0.00998538932641096,-0.0012000000000000025,0.004233333333333322,0.010585461728238316,-0.0005833333333333339,-0.014102580779123563,0.001065447981419983,0.07328394621968172,0.06957342436938653,0.33062083995958047,0.35126162018592305,-0.01792828685258957,0.16681789623727472,0.5987537938330956,0.004082338102548637,0.027071631157140928,-0.01295233056505432,0.0038466500237848322,0.055357667050506265,0.041046690610569536,4.7,5.0875,5.0765,0.01100000000000012,5.24,0.9120000000000008,0.02251836527383766,14.949999809265137,0.14296635294086757,74.4000015258789,0.005677185048491129
2006-08-01,0.0296058833768402,0.0722476172342103,0.1559271105041573,0.5756972111553785,0.0310699328005679,0.0281846841801485,0.0028852486204194,0.0227848753473136,0.0368445041428684,-0.0140596287955547,0.0271062434670226,0.0317174513371884,-0.0046112078701658,0.0224927633653762,0.0373824031821195,-0.0148896398167432,0.0042,0.0184,-0.0139,0.0006,0.0078,0.0046,0.0245,-0.0077,-0.0034,-0.0356,-0.003,-0.012,-0.036,-0.0024,-0.029,-0.0046,-0.0094,0.0262,0.0085,0.0238,-0.0031,0.0134,0.0163,0.0132,0.0087,-0.0054,-0.0196,0.0084,-0.0013,0.0153,0.0198,0.0038,-0.015566666666666666,0.017255192455219517,0.0007250000000000016,-0.022466666666666663,0.02441931612474042,-0.0007666666666666702,0.0195,0.011865145033528595,0.009091666666666663,0.012733333333333324,0.009193349045188526,0.0011499999999999974,0.007466666666666654,0.009973849139959195,0.000766666666666666,0.007587029960994671,0.004142152348613883,0.07355489465675451,0.07077391928825365,-0.1473771079923536,0.47808764940239046,0.15537848605577692,0.16533585236295498,-0.254713049552206,0.00310095701623327,0.017353334330175798,-0.012182376821141186,-0.0027126242281211347,0.055357667050506265,0.03926568077511483,4.7,4.8765217391304345,5.090434782608695,-0.2139130434782608,5.25,0.9052173913043475,0.023669704568583194,12.3100004196167,-0.17658859018930018,70.26000213623047,-0.055645151945439175
2006-09-01,0.0302348846914102,0.0708876584493251,0.1368205152351203,0.5697211155378487,0.0247096243722243,0.0355984300744249,-0.0108888057022005,0.0226967009928714,0.03823458984088,-0.0155378888480086,0.0380662891116334,0.0236193147473861,0.0144469743642472,0.0336004302416784,0.0265554540639149,0.0070449761777635,0.0041,0.0322,0.0198,-0.0033,-0.0011,0.0032,0.0225,0.0203,-0.0077,-0.0034,0.0147,0.0048,0.0045,-0.036,-0.0024,0.0334,-0.0031,-0.0195,0.0262,0.0085,0.0061,0.0078,-0.0181,0.0163,0.0132,0.0003,0.0026,0.0214,0.0084,-0.0013,-0.0044,-0.0061,0.0030666666666666668,0.020082098163953493,0.003416666666666668,-0.011299999999999992,0.024931318991715502,0.0003916666666666632,0.005066666666666667,0.01725959636453496,0.006349999999999995,0.0037999999999999896,0.013475459175850076,0.0012749999999999975,0.009499999999999988,0.010425113908250504,0.0022333333333333324,0.016349880448264537,0.00436783134311795,0.0759569995743112,0.07111767567462644,-0.018823579751793496,0.5219123505976097,-0.005976095617529875,0.16732172555257122,-0.1225354282989013,-0.0008675189736836302,0.007835507048807562,-0.006969849799767923,-0.0027454728644064675,0.055357667050506265,0.02012072434607637,4.5,4.718999999999999,4.93,-0.2110000000000003,5.25,0.9209999999999994,0.042159275134967755,11.979999542236328,-0.02680754395869034,62.90999984741211,-0.10461147260666304
2006-10-01,0.0469335928096703,0.0716077610467432,0.1506770392195276,0.649402390438247,0.0502535127233829,0.0437108412836761,0.0065426714397067,0.0474684930521326,0.0463659435727716,0.001102549479361,0.0434197249977946,0.0499019286324877,-0.0064822036346931,0.0447024877838018,0.0493727801695577,-0.0046702923857558,0.0041,0.017,0.0063,0.0004,0.002,-0.008,0.0363,0.0184,0.0203,-0.0077,0.0073,-0.0204,-0.0139,0.0045,-0.036,-0.0079,-0.015,0.0006,-0.0195,0.0262,0.0226,0.0043,0.0078,-0.0181,0.0163,0.0174,-0.007,0.0046,0.0214,0.0084,-0.0013,-0.0126,0.010333333333333333,0.020698156117554635,0.004550000000000001,-0.015133333333333325,0.01563936273211522,-0.0005083333333333368,0.002433333333333334,0.017729598604217422,0.0057499999999999956,0.0019999999999999896,0.01315153983379901,0.0017083333333333306,0.011466666666666653,0.00913690319528439,0.0031249999999999993,0.035591453625973574,0.010744436423425,0.07158101224342633,0.07243247923155392,0.010158363432654083,0.5982735723771581,0.07968127490039834,0.14780822165293506,0.10127519225165504,-0.0004869618806914635,-0.00949832272140077,0.0011178542864627784,-0.004171652008245168,0.05368846048889675,0.014063284781516971,4.4,4.729047619047619,5.046190476190477,-0.3171428571428576,5.25,0.9142857142857146,0.028481025781383007,11.100000381469727,-0.07345569235325122,62.90999984741211,0.0
2006-11-01,0.032288613681976,0.0630665674661475,0.1431853058970133,0.5517928286852589,0.0362490873857739,0.0284247368977829,0.007824350487991,0.0292793347309235,0.035465923437402,-0.0061865887064785,0.0286587220170649,0.0353715353699827,-0.0067128133529177,0.0290008739590848,0.0359000169009031,-0.0068991429418183,0.0042,0.0085,-0.0081,0.0274,-0.0065,0.0188,0.0212,0.0322,0.0184,0.0203,-0.0356,0.0361,0.0198,-0.0139,0.0045,-0.029,0.009,-0.0033,0.0006,-0.0195,0.0238,-0.0119,-0.0011,0.0078,-0.0181,0.0087,-0.0079,0.0032,0.0046,0.0214,0.0153,-0.0109,0.02363333333333333,0.02460932072745333,0.008933333333333335,0.0034666666666666747,0.02100837928065865,0.0023916666666666635,-0.0074,0.017303265587743883,0.005116666666666663,-0.00380000000000001,0.012534538949106527,0.002199999999999997,0.009733333333333321,0.008389755657943686,0.004441666666666666,0.03648569706101884,0.02203636351100675,0.06852066232073872,0.0710377784887465,-0.11927748411265493,0.5903054448871182,-0.09760956175298807,0.14356095345055372,-0.049720470758648716,0.0011594054084990701,-0.006873976025042038,0.00041731912554547845,-0.001508153049936868,0.05368846048889675,0.01968702675416467,4.5,4.595238095238095,5.073333333333333,-0.47809523809523835,5.25,0.8728571428571428,0.016621660136106442,10.90999984741211,-0.017117164642156513,63.130001068115234,0.0034970787034929174
2006-12-01,0.004341823614249,0.0545530644028274,0.1281861695461792,0.446215139442231,0.0047134681800652,0.0039774306497169,0.0007360375303482,0.0105711882652964,-0.0022669947211262,0.0128381829864227,-0.0003022517685895,0.0083073126397778,-0.0086095644083674,0.0026451906535538,0.0061958761279983,-0.0035506854744445,0.004,0.0138,0.0002,-0.0068,0.0019,0.004,0.0125,0.017,0.0322,0.0184,-0.0034,-0.0024,0.0063,0.0198,-0.0139,-0.0024,-0.0025,0.0004,-0.0033,0.0006,0.0085,0.0015,0.002,-0.0011,0.0078,0.0132,0.0018,-0.008,0.0032,0.0046,-0.0013,0.002,0.022533333333333332,0.015259750980930095,0.007341666666666667,0.004066666666666674,0.01933115792358735,0.002166666666666663,-0.0007666666666666667,0.014984091564055583,0.006141666666666663,0.0028999999999999907,0.012379458792693719,0.0030249999999999977,-6.666666666667956e-05,0.009920971054622866,0.004683333333333333,0.027854676701965106,0.022102278575114816,0.06307579763857284,0.06951639860644189,-0.1349923327901098,0.5491367861885791,-0.1055776892430279,0.1406828382209067,-0.10475332127741033,0.0050343531526819705,0.002584714586435062,-0.007268193798659388,-0.005040040267339534,0.05368846048889675,0.025239777889954462,4.4,4.5645,4.973,-0.4085000000000001,5.24,0.8960000000000008,0.021707334984272686,11.5600004196167,0.059578421750278165,61.04999923706055,-0.032947913763068604
2007-01-01,0.0346314467408045,0.0675440296854678,0.1518919184622308,0.5517928286852589,0.0366154194979332,0.0326861856472295,0.0039292338507037,0.0302815983774258,0.0392462604867241,-0.0089646621092983,0.0285167538828529,0.0398526684962244,-0.0113359146133714,0.0395043652975727,0.0293064017200063,0.0101979635775663,0.0044,-0.0196,0.0133,-0.0008,-0.0052,-0.0066,0.0182,0.0085,0.017,0.0322,-0.0077,0.0303,-0.0081,0.0063,0.0198,-0.036,0.0583,0.0274,0.0004,-0.0033,0.0262,0.0099,-0.0065,0.002,-0.0011,0.0163,-0.0066,0.0188,-0.008,0.0032,0.0084,-0.0035,0.019233333333333335,0.013392149441619278,0.008250000000000002,0.006000000000000008,0.01939934706805036,0.0016999999999999967,0.008166666666666668,0.018222623301819136,0.008299999999999997,-0.001866666666666676,0.011845449196491803,0.0023333333333333305,0.004666666666666654,0.010834512756310952,0.006083333333333332,0.023753961345676505,0.02967270748582503,0.06172122051814769,0.0666511163807869,0.2381344737430937,0.5166002656042497,0.1055776892430279,0.14108779796847445,0.18493218886232166,0.0041632072896809705,-0.0007710226097847045,-0.008886097458218821,-8.395494623216852e-05,0.045333020568917526,0.020757651781234232,4.6,4.7595238095238095,5.105238095238095,-0.3457142857142852,5.25,0.940952380952381,0.016646656462990128,10.420000076293945,-0.09861594307455512,58.13999938964844,-0.04766584576213373
2007-02-01,-0.0032249454214145,0.0629751631707601,0.1325530590619219,0.3187250996015936,0.0049932069868193,-0.0112827436363169,0.0162759506231363,0.0001919640953168,-0.0068499915584543,0.0070419556537711,-0.0056932523887491,-0.0011173043123205,-0.0045759480764285,-0.006780943982454,0.0006609911504431,-0.0074419351328971,0.0038,0.0071,0.0014,-0.0088,0.0055,-0.0067,-0.0158,0.0138,0.0085,0.017,0.0203,-0.003,0.0002,-0.0081,0.0063,0.0045,-0.0046,-0.0068,0.0274,0.0004,-0.0195,-0.0031,0.0019,-0.0065,0.002,-0.0181,-0.0054,0.004,0.0188,-0.008,0.0214,0.0198,0.0131,0.007939437427592925,0.006875000000000002,-0.0005333333333333262,0.011814680133912804,-0.0031416666666666698,0.007,0.015417003599921798,0.00690833333333333,-0.0008666666666666758,0.009020569087738765,0.0030416666666666634,0.004933333333333321,0.01095566824372958,0.006708333333333333,0.011916108311213003,0.024200902686115914,0.061690752419685226,0.06510570737021187,-0.06764278850378835,0.4389110225763613,-0.2330677290836653,0.13754371569011062,-0.12731987057703564,0.006980407334729404,0.003638492176965162,-0.008173809032722421,-0.00026488567659176815,0.045333020568917526,0.02420260782347028,4.5,4.722631578947369,5.163157894736842,-0.440526315789473,5.26,0.8889473684210527,0.025793632616832207,15.420000076293945,0.47984644562290035,61.790000915527344,0.06277952466798231
2007-03-01,0.0075292906916535,0.0543224320407514,0.1276294474796508,0.4641434262948207,0.0028226933675608,0.0121440519703981,-0.0093213586028372,0.0067298424676825,0.0083774362693691,-0.0016475938016865,0.0070344207187348,0.0079518508968398,-0.000917430178105,0.0060039150520634,0.0091961960297623,-0.0031922809776988,0.0043,0.0349,-0.0208,-0.0144,0.0118,0.0101,0.0114,-0.0196,0.0138,0.0085,0.0184,0.0147,0.0133,0.0002,-0.0081,-0.0139,0.0334,-0.0008,-0.0068,0.0274,0.0006,0.0061,-0.0052,0.0019,-0.0065,0.0078,0.0003,-0.0066,0.004,0.0188,0.0046,-0.0044,0.0009000000000000003,0.01724858448298479,0.005491666666666668,0.001800000000000007,0.012773827408677236,-0.0016500000000000032,0.006600000000000001,0.012312662858483064,0.007099999999999996,-0.003266666666666676,0.005267795237731655,0.003058333333333331,0.005399999999999988,0.009651252077666646,0.004508333333333332,0.012978597337014503,0.0204166370194898,0.0616138749656599,0.062344836302116256,-0.13739910616104978,0.44488711819389115,0.14541832669322707,0.1373581416679345,-0.03714445835588798,0.0036279419570009364,-0.001190100085737905,-0.005609764289301621,-0.00014541751100986822,0.045333020568917526,0.027981972959439272,4.4,4.5645454545454545,5.079999999999999,-0.5154545454545447,5.26,0.964090909090908,0.025308035115800154,14.640000343322754,-0.0505836400202313,65.87000274658203,0.06603013061340501
2007-04-01,0.038916893490245,0.0648764498273264,0.1206130083472128,0.6155378486055777,0.0345131777618331,0.0432776461383796,-0.0087644683765465,0.0373273979538609,0.0406027220894402,-0.0032753241355793,0.0427482344032123,0.0356428385282547,0.0071053958749576,0.039372891710842,0.0384188031262082,0.0009540885846338,0.0044,0.0324,0.0033,-0.0059,0.0147,-0.0126,0.0393,0.0071,-0.0196,0.0138,0.0322,0.0073,0.0014,0.0133,0.0002,0.0198,-0.0079,-0.0088,-0.0008,-0.0068,-0.0033,0.0226,0.0055,-0.0052,0.0019,-0.0011,0.0174,-0.0067,-0.0066,0.004,0.0032,-0.0013,0.0004333333333333336,0.016987838787399172,0.004858333333333335,0.004966666666666674,0.009958195954422353,-0.00431666666666667,-0.005466666666666666,0.013230230534650621,0.005858333333333329,0.000733333333333324,0.00461374757292467,0.0034916666666666638,-0.0031000000000000125,0.010280547975018877,0.004316666666666666,0.014407079586828004,0.01908052046625225,0.060724681679612764,0.061222951098880124,0.1942847068897362,0.4661354581673307,0.151394422310757,0.12693183829626184,-0.05497508036737919,-0.0006032921187491298,0.0007063459055017615,0.0005373392068080456,-0.0032267091753207014,0.047163382732910764,0.025929247633283525,4.5,4.6938095238095245,5.006666666666667,-0.3128571428571423,5.25,0.9261904761904756,0.029076019270608766,14.220000267028809,-0.028688529128724105,65.87000274658203,0.0
2007-05-01,0.0360729875494034,0.0684950159489028,0.1447185135305534,0.6155378486055777,0.0302745442956667,0.0417869874547848,-0.011512443159118,0.0295131243761266,0.0430635488098146,-0.013550424433688,0.0478512929172255,0.0259543524834108,0.0218969404338147,0.0335921626635328,0.0387689860223138,-0.005176823358781,0.0041,-0.0196,0.007,-0.0105,0.0049,0.0006,0.0365,0.0349,0.0071,-0.0196,0.017,-0.0356,-0.0208,0.0014,0.0133,0.0063,-0.029,-0.0144,-0.0088,-0.0008,0.0004,0.0238,0.0118,0.0055,-0.0052,0.002,0.0087,0.0101,-0.0067,-0.0066,-0.008,0.0153,0.0074666666666666675,0.017718850602301033,0.007158333333333336,-0.0020333333333333262,0.01189073869306167,-0.00539166666666667,-0.008,0.014704421103872186,0.0027749999999999962,0.004033333333333324,0.006802181022780003,0.003024999999999997,-0.00106666666666668,0.010967892535335344,0.005266666666666665,0.027506390577100637,0.019711249444156816,0.06256463260566032,0.062127692512672666,0.05577626598260976,0.5650730411686588,0.0,0.13098698978580567,0.19985825338132068,-0.00986609004616723,-0.0061577807903179385,0.009361635376889112,-0.0024716719172820016,0.047163382732910764,0.02709885742672613,4.4,4.746363636363636,4.867727272727273,-0.121363636363637,5.25,0.9109090909090902,0.029798485426711263,13.050000190734863,-0.08227848483285649,64.01000213623047,-0.0282374454652361
2007-06-01,-0.0129180412080405,0.0736772091854794,0.1374516413317728,0.2868525896414343,-0.0162785165197869,-0.009606268437044,-0.0066722480827429,-0.0226369815059127,-0.0025641952625685,-0.0200727862433442,-0.0055654247886123,-0.0193014490994531,0.0137360243108408,-0.0187674344576663,-0.0065638779825586,-0.0122035564751076,0.004,-0.0372,-0.0305,-0.0368,0.0026,-0.0116,-0.0156,0.0324,0.0349,0.0071,0.0085,-0.0034,0.0033,-0.0208,0.0014,-0.0081,-0.0024,-0.0059,-0.0144,-0.0088,0.0274,0.0085,0.0147,0.0118,0.0055,-0.0065,0.0132,-0.0126,0.0101,-0.0067,0.0188,-0.0013,0.0248,0.01987105935776945,0.012825000000000001,-0.005366666666666659,0.011566748318636225,-0.0027000000000000027,-0.0097,0.01485149824091838,0.00029999999999999623,0.010666666666666658,0.008675713227164776,0.003524999999999997,-0.0030666666666666798,0.01192051453028202,0.0029416666666666653,0.020690613277202636,0.016834605307108567,0.06901622498723632,0.065315049976448,0.07565796087181753,0.50597609561753,-0.3286852589641434,0.13426105440317967,-0.05021383941486113,-0.008983053206135795,-0.012299511604203839,0.014246120206537712,-0.005475430416418268,0.047163382732910764,0.02692765113974227,4.6,5.102857142857142,4.741904761904761,0.3609523809523809,5.25,0.9023809523809518,0.027140344521729087,16.229999542236328,0.24367810766464015,70.68000030517578,0.10420243628097015
2007-07-01,-0.0307449625891425,0.080331154677212,0.1636708802442766,0.250996015936255,-0.0401465856776658,-0.0215682587132634,-0.0185783269644023,-0.0391049872193211,-0.0219274241732329,-0.0171775630460882,-0.0166312569395441,-0.0430066435154905,0.0263753865759463,-0.0380496418707573,-0.0228131138742579,-0.0152365279964994,0.004,0.0094,-0.0033,-0.0187,-0.0127,-0.0057,-0.0332,-0.0196,0.0324,0.0349,0.0138,-0.0077,0.007,0.0033,-0.0208,0.0002,-0.036,-0.0105,-0.0059,-0.0144,-0.0068,0.0262,0.0049,0.0147,0.0118,0.0019,0.0163,0.0006,-0.0126,0.0101,0.004,0.0084,0.0159,0.02398655178775523,0.011475000000000004,-0.0034999999999999927,0.01156021914440526,-0.0019166666666666696,-0.010266666666666665,0.004592022067310694,-0.001283333333333337,0.010466666666666657,0.007100422522639196,0.0028333333333333305,-0.0006333333333333465,0.008302690327036458,0.0030999999999999986,-0.002530005415926529,0.005938537085450731,0.07416779327053152,0.06744623747507204,0.09031212725473292,0.3844621513944224,-0.03585657370517931,0.1486136783688676,0.19075246143636315,-0.012254339402087729,-0.01693359124104014,0.020669450440200614,-0.010872302610129335,0.050030251933138814,0.023178905864958077,4.7,5.0042857142857144,4.9609523809523814,0.043333333333333,5.26,0.9195238095238087,0.026434417747193573,23.520000457763672,0.4491682761022959,70.68000030517578,0.0
2007-08-01,0.0201483935241741,0.0701325055552887,0.1574644478021975,0.5159362549800797,0.0183272020553377,0.021934729653894,-0.0036075275985562,0.0208386351485736,0.0194239815223291,0.0014146536262444,0.0145505200041558,0.0250370342000271,-0.0104865141958712,0.0188813822971803,0.0215305875899855,-0.0026492052928052,0.0042,0.0322,-0.0244,-0.0217,-0.0049,-0.0294,0.0136,-0.0372,-0.0196,0.0324,-0.0196,0.0203,-0.0305,0.007,0.0033,0.0133,0.0045,-0.0368,-0.0105,-0.0059,-0.0008,-0.0195,0.0026,0.0049,0.0147,-0.0052,-0.0181,-0.0116,0.0006,-0.0126,-0.0066,0.0214,-0.008133333333333333,0.029898740218722658,0.009016666666666668,-0.006733333333333326,0.017241509988010738,-0.0014583333333333364,-0.017733333333333334,0.012581202910161985,-0.006533333333333338,0.00739999999999999,0.007032898880736779,0.001691666666666664,-0.00786666666666668,0.00853736883745014,0.0014333333333333323,-0.007838203424336295,0.009834093576382166,0.07471362313932683,0.06863912787249347,-0.12695758156226788,0.3512616201859231,0.2649402390438247,0.1528623231260823,-0.03792019956644743,-0.00961936754856713,-0.011945231887729337,0.009874965563638647,-0.010029763254804069,0.050030251933138814,0.01897448478900876,4.6,4.674782608695652,4.31695652173913,0.3578260869565213,5.02,0.8647826086956529,0.023917510021752353,23.3799991607666,-0.005952435980963511,74.04000091552734,0.04753820876972337
2007-09-01,0.0375835861063433,0.0742135151327307,0.1603854606125619,0.601593625498008,0.031764921512862,0.0432908886980356,-0.0115259671851735,0.036952796343969,0.0382456030846768,-0.0012928067407077,0.0405271898134019,0.0350129276653375,0.0055142621480643,0.0256365803561847,0.0506166832883347,-0.02498010293215,0.0032,0.0179,-0.0003,-0.0287,-0.0033,0.0006,0.0354,0.0094,-0.0372,-0.0196,0.0071,0.0184,-0.0033,-0.0305,0.007,0.0014,-0.0139,-0.0187,-0.0368,-0.0105,-0.0088,0.0006,-0.0127,0.0026,0.0049,0.0055,0.0078,-0.0057,-0.0116,0.0006,-0.0067,0.0046,-0.015799999999999998,0.02847117840905074,0.008108333333333337,-0.008933333333333326,0.015025944229898083,-0.0021083333333333366,-0.022000000000000002,0.011193346237832623,-0.00646666666666667,-0.0017333333333333426,0.009570092301888659,0.002141666666666664,-0.005566666666666681,0.008500215683537963,-0.0008250000000000011,0.00899567234712497,0.014843142812163798,0.07489239178841059,0.07195430838782335,0.058189986870278654,0.45617529880478097,0.08565737051792832,0.16050692955301202,0.018550300408341602,-0.011237273916043997,-0.0056852387201838375,0.007134378176046479,-0.014288612073818202,0.050030251933138814,0.028338264299802685,4.7,4.521578947368421,3.9942105263157894,0.5273684210526315,4.94,0.8547368421052628,0.027901202497425004,18.0,-0.2301111785236778,81.66000366210938,0.10291737780062604
2007-10-01,0.0299659044898513,0.0916220225402072,0.20935948474685,0.5258964143426295,0.0257715317977469,0.0340800021065086,-0.0083084703087616,0.0296580098924823,0.0302890413940207,-0.0006310315015383,0.0291510901977299,0.0306774843920206,-0.0015263941942907,0.0233886688621225,0.0371410706291917,-0.0137524017670692,0.0032,-0.048,-0.0291,-0.0109,0.0175,-0.0036,0.0211,0.0322,0.0094,-0.0372,0.0349,0.0322,-0.0244,-0.0033,-0.0305,-0.0208,0.0198,-0.0217,-0.0187,-0.0368,-0.0144,-0.0033,-0.0049,-0.0127,0.0026,0.0118,-0.0011,-0.0294,-0.0057,-0.0116,0.0101,0.0032,0.0014666666666666671,0.030687353529860854,0.009258333333333335,-0.019399999999999997,0.015763343553954777,-0.0029833333333333365,-0.025733333333333334,0.01080037036402001,-0.008325000000000004,-0.005000000000000009,0.010262293440877066,0.001083333333333331,-0.015566666666666678,0.013408057279113856,-0.003658333333333334,0.029232628040122905,0.013351311312098183,0.07865601440940899,0.07641190383997015,0.23457327652977256,0.5478087649402391,-0.07569721115537853,0.17573646438720317,0.3053520184887153,-0.007813988364163763,-0.00016972820533387128,-0.002166215414032522,-0.013793903330674803,0.04811390100544477,0.03610698365527476,4.7,4.527727272727272,4.002727272727273,0.5249999999999995,4.76,0.8186363636363652,0.026179282370540014,18.530000686645508,0.029444482591417076,94.52999877929688,0.15760463556235726
2007-11-01,-0.0406366916802713,0.0833948429479146,0.1792030211981062,0.2131474103585657,-0.0398190885144471,-0.0414425589154857,0.0016234704010386,-0.0361416102498284,-0.0453310624352166,0.0091894521853882,-0.0450009740432251,-0.0368056021851898,-0.0081953718580353,-0.0387344344365337,-0.042701453311665,0.0039670188751313,0.0034,-0.0087,0.0018,-0.0051,0.009,-0.0107,-0.0446,0.0179,0.0322,0.0094,0.0324,0.017,-0.0003,-0.0244,-0.0033,0.0033,0.0063,-0.0287,-0.0217,-0.0187,-0.0059,0.0004,-0.0033,-0.0049,-0.0127,0.0147,0.002,0.0006,-0.0294,-0.0057,-0.0126,-0.008,0.01983333333333333,0.028488717064831068,0.008066666666666668,-0.009333333333333327,0.015551677294320191,-0.004658333333333336,-0.023033333333333333,0.011407789736257784,-0.01044166666666667,-0.006966666666666676,0.00941029577997782,0.0008999999999999975,-0.011500000000000012,0.011209713050148284,-0.0038750000000000013,0.008970932971974434,0.0005663647738190664,0.0830767935402843,0.07889520833980546,-0.08979478256640971,0.44687915006640117,-0.3127490039840638,0.1829826555191727,-0.14404154454816287,-0.00607032236429883,0.002421871314380729,-0.0014025013014205554,-0.01158849527469597,0.04811390100544477,0.04373267326732666,4.7,4.1485,3.3545000000000003,0.794,4.49,0.9595000000000002,0.03208767006142432,22.8700008392334,0.23421478638776905,88.70999908447266,-0.06156775383455171
2007-12-01,-0.0062122406017007,0.082020785822946,0.186092965515831,0.3784860557768924,-0.0102545336811201,-0.0022469435809368,-0.0080075901001833,-0.0040171819940007,-0.0084933799391143,0.0044761979451135,-0.0045445103605519,-0.0076696264881099,0.0031251161275579,-0.0132614751132486,0.0014009326707711,-0.0146624077840198,0.0027,-0.0632,-0.0063,0.04,0.0212,0.0206,-0.006,-0.048,0.0179,0.0322,-0.0196,0.0085,-0.0291,-0.0003,-0.0244,0.007,-0.0081,-0.0109,-0.0287,-0.0217,-0.0105,0.0274,0.0175,-0.0033,-0.0049,0.0049,-0.0065,-0.0036,0.0006,-0.0294,0.0006,0.0188,0.0006999999999999992,0.03217326529900248,0.0026500000000000017,-0.01793333333333333,0.016429688574853583,-0.007608333333333338,-0.020433333333333335,0.010263413986908472,-0.011383333333333336,0.0030999999999999912,0.010299595461311496,0.0021916666666666642,-0.010800000000000013,0.011342736295385904,-0.0035083333333333342,-0.005627675930706896,0.001683998208209033,0.0856792171036894,0.08028580444604988,-0.016476523923988795,0.37250996015936266,0.16533864541832674,0.1915518238202624,0.038447701783487664,-0.00489753000263543,0.004344872876321129,-0.0021988833082560223,-0.008149263558652569,0.04811390100544477,0.04108813392417532,5.0,4.0975,3.0665,1.0310000000000001,4.24,1.1535000000000002,0.022029778334589523,22.5,-0.016178435752335574,95.9800033569336,0.08195247827179197
2008-01-01,-0.0525919214188093,0.1029094305382641,0.2402610141853661,0.2151394422310757,-0.040064712732065,-0.0648805166067586,0.0248158038746936,-0.0419317360581176,-0.0636701532642341,0.0217384172061165,-0.0583991595120713,-0.0475171277697426,-0.0108820317423286,-0.0403029004358284,-0.0658640640804287,0.0255611636446002,0.0021,-0.0309,-0.0064,-0.0072,0.0107,-0.0097,-0.0611,-0.0087,-0.048,0.0179,-0.0372,0.0138,0.0018,-0.0291,-0.0003,-0.0305,0.0002,-0.0051,-0.0109,-0.0287,-0.0368,-0.0068,0.009,0.0175,-0.0033,0.0026,0.0019,-0.0107,-0.0036,0.0006,-0.0116,0.004,-0.012933333333333333,0.03166042745552662,0.0012166666666666686,-0.009199999999999995,0.015229576487874104,-0.006783333333333338,-0.014899999999999998,0.011547539420442279,-0.014091666666666669,0.007733333333333324,0.010760978889797546,0.003483333333333331,-0.00456666666666668,0.01049946030359012,-0.005966666666666668,-0.03314695123359376,-0.0019571615967354343,0.08944168643637503,0.0840488504228919,0.2546750132388309,0.2689243027888447,-0.16334661354581673,0.2018523336331011,0.29108058179086305,0.0061438947251829705,0.011801355778872728,-0.005317429157601989,0.004955258245237231,0.03453144706492872,0.04294695655165981,5.0,3.744285714285714,2.82,0.9242857142857144,3.94,1.2095238095238106,0.024141930753466267,26.200000762939453,0.1644444783528647,91.75,-0.04407171503425478
2008-02-01,-0.0271334932847493,0.0914953629533531,0.2060012354563183,0.2569721115537848,-0.0274467572077923,-0.0268261962935739,-0.0006205609142183,-0.0282989154765474,-0.0259223682619004,-0.0023765472146469,-0.0284574706449848,-0.0259765040600391,-0.0024809665849457,-0.0227704394926466,-0.0318455913802203,0.0090751518875737,0.0013,-0.0094,0.0059,0.0031,0.0089,0.0047,-0.0296,-0.0632,-0.0087,-0.048,0.0094,-0.0196,-0.0063,0.0018,-0.0291,-0.0033,0.0133,0.04,-0.0051,-0.0109,-0.0187,-0.0008,0.0212,0.009,0.0175,-0.0127,-0.0052,0.0206,-0.0107,-0.0036,-0.0057,-0.0066,-0.03996666666666667,0.037977660099941184,-0.005199999999999999,-0.011199999999999993,0.013142703932854697,-0.007325000000000004,0.008,0.024698535719079952,-0.01019166666666667,0.015899999999999994,0.01351423940392757,0.005091666666666664,0.0020999999999999873,0.016226398244835422,-0.004583333333333334,-0.02864588510175309,-0.009837476064889335,0.09214185977152119,0.08760932665590264,-0.11091371825895957,0.2835325365205844,0.0418326693227091,0.2107850717191718,-0.14259399863606548,0.005395884286764004,0.007946022645527696,-0.003412627399905455,0.0066579692493846975,0.03453144706492872,0.04142959270611968,4.9,3.7375,2.1740000000000004,1.5634999999999994,2.98,1.2965000000000009,0.010602796518591306,26.540000915527344,0.012977104682715401,101.83999633789062,0.10997271212959814
2008-03-01,-0.0039778130983557,0.089945405700086,0.1713391514994381,0.4422310756972111,-0.0036209929407325,-0.0043278366815481,0.0007068437408155,-0.0074027228791356,-0.0004185931300943,-0.0069841297490412,-0.0002286808648379,-0.0072540818069254,0.0070254009420875,0.0038931924518147,-0.0124784990925399,0.0163716915443546,0.0017,0.0461,-0.0116,-0.0096,0.0181,-0.0256,-0.0077,-0.0309,-0.0632,-0.0087,0.0322,0.0071,-0.0064,-0.0063,0.0018,-0.0244,0.0014,-0.0072,0.04,-0.0051,-0.0217,-0.0088,0.0107,0.0212,0.009,-0.0049,0.0055,-0.0097,0.0206,-0.0107,-0.0294,-0.0067,-0.03426666666666667,0.03740563683011779,-0.006141666666666666,-0.0036333333333333265,0.012872205198281852,-0.008966666666666671,0.009233333333333335,0.024095974767583104,-0.010725000000000004,0.013633333333333324,0.010640238092574281,0.006416666666666664,6.666666666665354e-05,0.016357342897508287,-0.004841666666666668,-0.02790107593397143,-0.016764375932339166,0.09478339973056786,0.09023130841712852,-0.01694028203437281,0.30478087649402397,0.1852589641434263,0.2058671337137075,-0.168261534354876,0.008300695567096937,0.004125913414142795,-0.002112532461728921,0.0170026690255095,0.03453144706492872,0.03974903550134434,5.1,3.5100000000000002,1.2835,2.2265,2.61,1.3864999999999998,0.005734255066876637,25.610000610351562,-0.03504145716256102,101.58000183105469,-0.0025529705045679307
2008-04-01,0.0703130182445036,0.1349328420270914,0.210184063721374,0.6633466135458167,0.0687812467387407,0.0718014377265185,-0.0030201909877777,0.0654733258333377,0.0752936725705578,-0.0098203467372201,0.0677675252345919,0.0725388977823188,-0.0047713725477268,0.0591094717894861,0.0822930481171956,-0.0231835763277095,0.0018,0.0187,0.0304,-0.015,0.0092,0.0014,0.0479,-0.0094,-0.0309,-0.0632,0.0179,0.0349,0.0059,-0.0064,-0.0063,-0.0003,-0.0208,0.0031,-0.0072,0.04,-0.0287,-0.0144,0.0089,0.0107,0.0212,-0.0033,0.0118,0.0047,-0.0097,0.0206,0.0006,0.0101,-0.0345,0.029538545439250472,-0.0075166666666666646,-0.00226666666666666,0.01239655866225277,-0.008591666666666671,0.011966666666666667,0.022878170089993394,-0.009733333333333337,0.013599999999999992,0.008468923583707018,0.006699999999999998,0.005199999999999987,0.011556369095293936,-0.003891666666666667,0.01306723728713287,-0.010039856973230453,0.10545787022684365,0.09744977833160921,0.5001638046640375,0.45418326693227096,0.2211155378486056,0.1958414835590435,0.2267135787821577,-0.0009779693870601632,-0.006393674566969404,-7.56460635283216e-05,0.0007544223680729321,0.03219110959096039,0.039037609759888126,5.0,3.675,1.3118181818181818,2.3631818181818183,2.28,1.414545454545455,-0.007427676334748168,20.790000915527344,-0.18820771495319588,113.45999908447266,0.11695212678944888
2008-05-01,0.0262024340314103,0.0805454983983367,0.1770400360323751,0.5398406374501992,0.0258897731970351,0.026507720789503,-0.0006179475924679,0.0152793436170654,0.0374966974209998,-0.0222173538039343,0.0309187934778168,0.0220966746919046,0.0088221187859122,0.0207336581784756,0.0320214270571929,-0.0112877688787173,0.0018,-0.0843,0.0116,-0.0251,0.0498,-0.0069,0.0205,0.0461,-0.0094,-0.0309,-0.048,0.0324,-0.0116,0.0059,-0.0064,-0.0291,0.0033,-0.0096,0.0031,-0.0072,-0.0109,-0.0059,0.0181,0.0089,0.0107,0.0175,0.0147,-0.0256,0.0047,-0.0097,-0.0036,-0.0126,0.0019333333333333331,0.03839924044387681,-0.0065833333333333325,-0.004033333333333326,0.012263672641858727,-0.007825000000000004,-0.004566666666666666,0.01939457828019646,-0.009333333333333338,0.012566666666666658,0.005338039590211853,0.007224999999999996,-0.010200000000000013,0.01565206056722239,-0.006866666666666667,0.030845879725852735,0.0010999973120498173,0.10180791537517149,0.09697488757334626,-0.4030697257368594,0.5484727755644091,-0.12350597609561753,0.18618775041772906,-0.1576904885278818,-0.00097709827981003,-0.013007276763398537,0.0036920490600909784,-0.006033217887357401,0.03219110959096039,0.04088413823123993,5.4,3.8800000000000003,1.7642857142857142,2.115714285714286,1.98,1.355714285714285,-0.014383086308347726,17.829999923706055,-0.142376183812987,127.3499984741211,0.12242199455075897
2008-06-01,-0.0941261197302915,0.0890158204788791,0.209552201889659,0.0896414342629482,-0.093159385543358,-0.0950656219682972,0.0019062364249391,-0.0966685566619314,-0.0914849473838305,-0.0051836092781009,-0.0878352033891647,-0.0995782472259346,0.0117430438367698,-0.098520055024548,-0.0894737176540198,-0.0090463373705281,0.0017,-0.0075,0.0371,0.052,-0.0136,0.0099,-0.0826,0.0187,0.0461,-0.0094,-0.0087,-0.0196,0.0304,-0.0116,0.0059,0.0018,0.007,-0.015,-0.0096,0.0031,-0.0051,-0.0105,0.0092,0.0181,0.0089,0.009,0.0049,0.0014,-0.0256,0.0047,-0.0107,0.0006,0.018466666666666666,0.037982996195666266,-0.007724999999999998,0.00823333333333334,0.015137238849935853,-0.005566666666666671,-0.007166666666666666,0.019991064670663947,-0.01009166666666667,0.012066666666666658,0.005397314146869938,0.006766666666666664,-0.006500000000000014,0.01581308529878546,-0.0057,0.0007964441818741388,-0.01355231587604865,0.1014980536347692,0.09814072668266842,0.10516195503133563,0.43094289508632144,-0.450199203187251,0.19892543388113604,0.1836430142351444,-0.0005773007184354966,-0.012407103273085106,0.005264596691651745,-0.014505894192318304,0.03219110959096039,0.04935966105947864,5.6,4.099523809523809,1.8904761904761906,2.2090476190476185,2.0,1.397619047619048,-0.01724935725071297,23.950000762939453,0.3432417759630211,127.3499984741211,0.0
2008-07-01,0.0115723576197455,0.1260676876813789,0.2865667926768641,0.4641434262948207,0.0206493397927672,0.002708450145621,0.0179408896471462,0.0141074247084753,0.0089265351727702,0.005180889535705,0.0167352781553572,0.0071176252991956,0.0096176528561616,0.0203252211457201,0.0022617135749588,0.0180635075707613,0.0015,0.0153,0.0328,0.0152,0.0183,0.0066,-0.006,-0.0843,0.0187,0.0461,-0.0632,-0.0372,0.0116,0.0304,-0.0116,-0.0063,-0.0305,-0.0251,-0.015,-0.0096,0.04,-0.0368,0.0498,0.0092,0.0181,0.0212,0.0026,-0.0069,0.0014,-0.0256,0.0206,-0.0116,-0.0065000000000000014,0.04918800666829261,-0.013116666666666665,0.01013333333333334,0.015594315203518042,-0.0051833333333333375,-0.016566666666666664,0.022701894194097585,-0.011308333333333337,0.02569999999999999,0.01561214271008316,0.01050833333333333,-0.010366666666666679,0.015526933588660216,-0.006325000000000001,-0.018783776026378565,-0.00285826936962285,0.09854300218619838,0.10200043620652088,0.4162391247215562,0.36454183266932283,0.3745019920318725,0.22438634353296605,0.3675198355957032,0.00640972615987247,-0.007406691182110071,0.010060938492947877,-0.0007568662261613693,0.02299363565947732,0.054975120783418374,5.8,4.007727272727273,1.6550000000000002,2.3527272727272726,2.01,1.4940909090909091,-0.019585471027037116,22.940000534057617,-0.04217119819239101,124.08000183105469,-0.0256772413211368
2008-08-01,0.0316056203894413,0.0943835733530331,0.1691280702597504,0.5677290836653387,0.0379823221750853,0.0253786064391411,0.0126037157359442,0.0264649655228359,0.0369708669735197,-0.0105059014506838,0.0348269586185635,0.02882614713865,0.0060008114799135,0.0362800781038103,0.0266332805658232,0.0096467975379871,0.0013,-0.0935,0.0038,0.0566,0.024,0.017,0.0166,-0.0075,-0.0843,0.0187,-0.0309,0.0094,0.0371,0.0116,0.0304,-0.0064,-0.0033,0.052,-0.0251,-0.015,-0.0072,-0.0187,-0.0136,0.0498,0.0092,0.0107,-0.0127,0.0099,-0.0069,0.0014,-0.0097,-0.0057,-0.024366666666666665,0.04455542241598282,-0.010641666666666666,0.026366666666666677,0.019479698834085544,0.00044999999999999614,0.003966666666666664,0.027247311794010094,-0.0039083333333333374,0.015133333333333323,0.02059133312828488,0.009158333333333329,0.0014666666666666543,0.012686318089448366,-0.0045333333333333345,-0.0169827139070349,0.006931582909408916,0.10315569383776384,0.10248180460646757,-0.25132621142717904,0.37383798140770264,0.103585657370518,0.22174902160875787,-0.40981273971104837,0.010816947269343171,-0.0035028737310265727,0.009120502724281646,0.006221322579406764,0.02299363565947732,0.053080171620912386,6.1,3.8857142857142852,1.752857142857143,2.1328571428571426,2.0,1.5123809523809522,-0.036832804845724265,20.649999618530273,-0.09982566966934103,115.45999908447266,-0.06947132994339322
2008-09-01,-0.0838112674952059,0.1174803111949985,0.2783499263132146,0.1633466135458167,-0.0808711908129047,-0.0866823282929461,0.0058111374800414,-0.0753126706674629,-0.0926811622426075,0.0173684915751445,-0.0890691144815781,-0.0792746296087343,-0.0097944848728438,-0.0767829145980042,-0.0912875056260528,0.0145045910280486,0.0015,-0.172,-0.0306,-0.0189,0.0273,0.0138,-0.092,0.0153,-0.0075,-0.0843,-0.0094,0.0322,0.0328,0.0371,0.0116,0.0059,-0.0244,0.0152,0.052,-0.0251,0.0031,-0.0217,0.0183,-0.0136,0.0498,0.0089,-0.0049,0.0066,0.0099,-0.0069,0.0047,-0.0294,-0.0255,0.0444654660007816,-0.010149999999999998,0.027166666666666672,0.018976827975191398,0.0034583333333333293,0.01403333333333333,0.027644505180354887,-0.0010833333333333376,0.018166666666666657,0.020592563382606573,0.011741666666666664,0.0031999999999999876,0.013055688415399554,-0.003508333333333334,-0.01354442982867303,-0.00637399282339945,0.11264385740980364,0.1070709555222863,0.24471141557201026,0.3984063745019921,-0.404382470119522,0.2446815964166097,0.6457937815155046,0.012118580954377269,0.004014493220055228,0.001941326487743779,0.014071632045598997,0.02299363565947732,0.04953319875136075,6.1,3.6861904761904762,1.1466666666666665,2.5395238095238097,1.81,1.6590476190476204,-0.08130031129578574,39.38999938964844,0.9075060589493584,100.63999938964844,-0.1283561390294281
2008-10-01,-0.1925293273780727,0.1453584224213762,0.3271994189862727,0.0438247011952191,-0.2007726628647071,-0.1844794974192935,-0.0162931654454136,-0.1961602468600371,-0.1887397754915564,-0.0074204713684807,-0.1850553178446187,-0.198978140913575,0.0139228230689562,-0.1915396171755809,-0.1935821073483703,0.0020424901727894,0.0008,-0.0774,-0.04,-0.0621,0.0467,0.0239,-0.1712,-0.0935,0.0153,-0.0075,0.0461,0.0179,0.0038,0.0328,0.0371,-0.0116,-0.0003,0.0566,0.0152,0.052,-0.0096,-0.0287,0.024,0.0183,-0.0136,0.0181,-0.0033,0.017,0.0066,0.0099,-0.0256,0.0006,-0.028566666666666667,0.05791281953649524,-0.020624999999999998,0.024566666666666678,0.01925531095568199,0.005808333333333331,0.04126666666666667,0.035130143751485016,0.0054416666666666615,0.009566666666666659,0.020603559563014087,0.014149999999999998,0.011166666666666653,0.015063465736675547,0.00035833333333333263,-0.08157832482794576,-0.05018105042716217,0.11907410232313607,0.10880855225466711,0.23730028413105342,0.25830013280212494,-0.1195219123505976,0.2582258051864126,0.17549669698166181,0.0007072292568573354,-0.00018596041467333854,0.0033763832253419783,0.008731292912941698,-0.007261201416943086,0.03731057889956513,6.5,3.814090909090909,0.6859090909090909,3.128181818181818,0.97,2.5959090909090907,-0.06954317961916079,59.88999938964844,0.5204366671147329,67.80999755859375,-0.3262122618259027
2008-11-01,-0.0953409623874304,0.1366892983576505,0.331494124072417,0.2031872509960159,-0.0994654468931508,-0.0913132967668208,-0.0081521501263299,-0.0835167802063786,-0.1076817350521203,0.0241649548457417,-0.0921658132718242,-0.0980805821995685,0.0059147689277443,-0.0963646196783986,-0.0942520720338025,-0.0021125476445961,0.0003,0.0177,0.0333,0.0005,0.0003,-0.0152,-0.0771,-0.172,-0.0935,0.0153,0.0187,-0.048,-0.0306,0.0038,0.0328,0.0304,-0.0291,-0.0189,0.0566,0.0152,-0.015,-0.0109,0.0273,0.024,0.0183,0.0092,0.0175,0.0138,0.017,0.0066,0.0014,-0.0036,-0.08339999999999999,0.07569978643739139,-0.036449999999999996,0.0020000000000000087,0.025513793654936414,0.0032833333333333304,0.01763333333333333,0.036471852160261914,0.006258333333333328,0.023199999999999995,0.020984057440511104,0.016699999999999996,0.012466666666666654,0.008710606561351789,0.0014583333333333325,-0.12389385242023633,-0.07043828316363562,0.13317601065800855,0.11816585224788607,-0.059639640547246464,0.13678618857901734,0.15936254980079678,0.3123478231239681,0.013125650098799513,-0.0062113926972340305,0.011370991684135162,0.0033477023746189116,0.0048115111854139655,-0.007261201416943086,0.010999174706166848,6.8,3.526666666666667,0.1938888888888889,3.332777777777778,0.39,3.0872222222222216,-0.08669827230747884,55.279998779296875,-0.07697446413980713,54.43000030517578,-0.1973159966840654
2008-12-01,0.0561367217490996,0.1422616858695474,0.3112658152904974,0.5338645418326693,0.0654844440311272,0.0470084295675891,0.0184760144635381,0.053452279053583,0.0589384459216048,-0.0054861668680218,0.0617157234608563,0.0513229813340883,0.010392742126768,0.0560426766949644,0.0562367598704101,-0.0001940831754457,0.0,-0.0809,-0.0209,-0.1102,0.0,-0.0116,0.0177,-0.0774,-0.172,-0.0935,-0.0843,-0.0087,-0.04,-0.0306,0.0038,0.0116,0.0018,-0.0621,-0.0189,0.0566,-0.0251,-0.0051,0.0467,0.0273,0.024,0.0498,0.009,0.0239,0.0138,0.017,-0.0069,-0.0107,-0.1143,0.06692948528115243,-0.0389,-0.022266666666666657,0.03194243259365209,0.002374999999999997,-0.008133333333333338,0.04675471099258342,0.001991666666666662,0.032666666666666656,0.022917366049934048,0.019133333333333332,0.01823333333333332,0.010495221134719596,0.0037499999999999994,-0.0772445226721345,-0.04539447625040377,0.14143646888285819,0.1270401631463308,0.040766816267624906,0.26029216467463484,0.3306772908366534,0.3233197861163957,-0.06102162093678809,-0.0019897670360684654,0.003752772203079728,0.010076778041156179,-8.804688241746889e-05,-0.007261201416943086,-0.0002222800255385904,7.3,2.4163636363636365,0.03409090909090909,2.3822727272727273,0.16,3.384545454545454,-0.11276192783181926,40.0,-0.2764109825743962,44.599998474121094,-0.18059896703913758
2009-01-01,-0.0797128450102443,0.1385086011315058,0.303182825056251,0.2270916334661354,-0.087787920844346,-0.0718273249468962,-0.0159605958974497,-0.1004005039458548,-0.058121356315311,-0.0422791476305438,-0.0737373608343343,-0.0848686831266268,0.0111313222922925,-0.086813462347057,-0.0721597373529484,-0.0146537249941086,0.0,-0.1014,-0.0117,-0.066,0.0101,-0.0062,-0.0809,0.0177,-0.0774,-0.172,-0.0075,-0.0632,0.0333,-0.04,-0.0306,0.0371,-0.0063,0.0005,-0.0621,-0.0189,0.052,0.04,0.0003,0.0467,0.0273,-0.0136,0.0212,-0.0152,0.0239,0.0138,0.0099,0.0206,-0.07723333333333333,0.07500690634868232,-0.036699999999999997,-0.012433333333333324,0.034325248238966516,0.0049999999999999975,-0.026833333333333338,0.04481068696936779,0.002458333333333329,0.02476666666666666,0.021231831448715613,0.01840833333333333,0.0074999999999999884,0.013420829581909788,0.0033749999999999995,-0.03963902854952503,-0.06060867668873541,0.13915319511956806,0.12911364872135192,-0.02638155674243281,0.3213811420982736,-0.3067729083665339,0.31531425480638847,-0.025968127038630162,-0.0018789105200804981,-0.007866786550941305,0.009146277782268277,-0.005653451938050135,-0.01874241238828611,-0.0011358601902212717,7.8,2.5175,0.1295,2.388,0.15,3.0949999999999998,-0.13374567704176643,44.84000015258789,0.12100000381469722,41.68000030517578,-0.06547081320282166
2009-02-01,-0.1041767948092932,0.1420051381059669,0.3078215782104463,0.1374501992031872,-0.1072025048606547,-0.1012221108154754,-0.0059803940451792,-0.1213298917728312,-0.0862742906968627,-0.0350556010759685,-0.104296377627025,-0.1040736149444361,-0.0002227626825888,-0.1065922526622275,-0.1016074107206326,-0.0049848419415949,0.0001,0.0901,0.0059,0.0348,-0.0258,-0.02,-0.1013,-0.0809,0.0177,-0.0774,0.0153,-0.0309,-0.0209,0.0333,-0.04,0.0328,-0.0064,-0.1102,0.0005,-0.0621,0.0152,-0.0072,0.0,0.0003,0.0467,0.0183,0.0107,-0.0116,-0.0152,0.0239,0.0066,-0.0097,-0.04686666666666667,0.0720487242542619,-0.038174999999999994,-0.009199999999999991,0.03192046365578056,0.003783333333333331,-0.05726666666666667,0.05905304112970533,-0.010058333333333338,0.01566666666666666,0.017727003882965373,0.016641666666666662,-0.0009666666666666787,0.015883544944375553,0.0006916666666666661,-0.0425843060234793,-0.08323907922185782,0.14092514170234016,0.13705057618017422,0.025244186612940922,0.2994687915006641,-0.08964143426294818,0.30742340618573155,0.015300184478902024,-0.0011549918263635982,-0.02760697185817804,0.007100433912157245,-0.0066108833703830685,-0.01874241238828611,8.463140671510772e-05,8.3,2.87,0.29526315789473684,2.5747368421052634,0.22,2.818421052631579,-0.13562730377303278,46.349998474121094,0.033675252372764586,41.68000030517578,0.0
2009-03-01,0.1060815813915136,0.1357281191389755,0.277605017612514,0.7071713147410359,0.0870199268225207,0.1246957792804832,-0.0376758524579625,0.1000409041271035,0.1123861717402911,-0.0123452676131876,0.1095790563987078,0.1030638485313239,0.0065152078673838,0.093827336926897,0.1191167335916204,-0.0252893966647234,0.0002,0.1017,0.0714,0.0538,0.0134,0.005,0.0903,-0.1014,-0.0809,0.0177,-0.0935,-0.0094,-0.0117,-0.0209,0.0333,0.0038,0.0059,-0.066,-0.1102,0.0005,0.0566,0.0031,0.0101,0.0,0.0003,0.024,0.0089,-0.0062,-0.0116,-0.0152,0.017,0.0047,-0.054866666666666675,0.06087861419798144,-0.04405,0.00023333333333334176,0.026477115905375232,0.0033416666666666647,-0.05856666666666668,0.05872671453435823,-0.014958333333333337,0.003466666666666655,0.018143061116213804,0.016591666666666664,-0.011000000000000012,0.0165904088758133,0.0009833333333333328,-0.025936019476007963,-0.051590271074071235,0.13874728612548287,0.1400918775041704,-0.04420275949668362,0.357237715803453,0.5697211155378487,0.29620314029307043,-0.09816258097823916,-0.01987228080019713,-0.029893338773233306,0.005807922492362512,-0.014975987866808968,-0.01874241238828611,-0.004464787676623838,8.7,2.819545454545455,0.2159090909090909,2.603636363636364,0.18,2.924090909090909,-0.14656035046526472,44.13999938964844,-0.04768067221634498,41.68000030517578,0.0
2009-04-01,0.1798490648136226,0.2398534962954082,0.4260255417495193,0.7330677290836654,0.1945632596596443,0.165480273602484,0.0290829860571602,0.1820735067016189,0.1775274385712963,0.0045460681303226,0.1739117202432593,0.1849719948632723,-0.0110602746200129,0.183201067815823,0.1762834537769682,0.0069176140388548,0.0001,0.052,-0.0224,0.0041,-0.0081,-0.0199,0.1018,0.0901,-0.1014,-0.0809,-0.172,0.0461,0.0059,-0.0117,-0.0209,-0.0306,-0.0116,0.0348,-0.066,-0.1102,-0.0189,-0.0096,-0.0258,0.0101,0.0,0.0273,0.0181,-0.02,-0.0062,-0.0116,0.0138,-0.0256,-0.030733333333333335,0.09311028765215296,-0.035758333333333336,-0.008899999999999993,0.0267248698157105,0.0033416666666666642,-0.04713333333333334,0.05238005027361724,-0.01231666666666667,-0.005233333333333344,0.02498636961758688,0.013699999999999997,-0.012600000000000012,0.01747383758651768,-0.0010750000000000007,0.06058461713194766,0.010472794291211313,0.17252891784678367,0.15584105648317573,0.7671614240068858,0.5258964143426296,0.02589641434262946,0.3371507125241599,0.5346464030566382,-0.0048577534819938305,-0.014284933519611173,-0.001589276478405955,-0.007785541522487834,-0.032589448691319634,-0.005763244243767063,9.0,2.927142857142857,0.15809523809523812,2.769047619047619,0.15,2.99857142857143,-0.1481395936696125,36.5,-0.17308562517651838,51.119998931884766,0.2264874893855684
2009-05-01,0.0456010748405647,0.1243390611816969,0.251193706076342,0.49800796812749,0.0496010770773026,0.0416949693699473,0.0079061077073553,0.063685982353642,0.0267260500089549,0.0369599323446871,0.0290578048053907,0.059875135269144,-0.0308173304637532,0.0466323484709741,0.0445040827925311,0.002128265678443,0.0,0.0042,0.0227,-0.0276,-0.0141,-0.0037,0.052,0.1017,0.0901,-0.1014,-0.0774,0.0187,0.0714,0.0059,-0.0117,-0.04,0.0304,0.0538,0.0348,-0.066,-0.0621,-0.015,0.0134,-0.0258,0.0101,0.0467,0.0092,0.005,-0.02,-0.0062,0.0239,0.0014,0.03013333333333333,0.09074327890630064,-0.031125,0.021866666666666673,0.04043437481483637,0.010258333333333331,0.007533333333333327,0.06442371199074662,-0.0070333333333333385,-0.0007666666666666788,0.023643920994623584,0.013308333333333332,-0.0070666666666666786,0.016145886989158097,0.0014749999999999995,0.1105105736819003,0.03396313382921049,0.16664022553869368,0.1537826836205168,-0.4816041329305515,0.6460823373173973,-0.23505976095617537,0.31827475514612513,-0.410378764980174,-0.00022891956448233054,0.009720244287274027,-0.011787465738794087,-0.005414505649141868,-0.032589448691319634,-0.01015761495855172,9.4,3.293,0.177,3.116,0.18,2.523500000000001,-0.15160361194166794,28.920000076293945,-0.2076712307864672,66.30999755859375,0.29714395430541796
2009-06-01,0.0075391785487618,0.085769666757521,0.1903132174434536,0.4681274900398406,0.0078161554259664,0.0072687034761863,0.00054745194978,5.529766457282431e-05,0.0153500251026483,-0.0152947274380755,0.006785520038782,0.0081894591215319,-0.0014039390827499,0.0001186922696863,0.0154325389534646,-0.0153138466837782,0.0001,0.0774,0.0231,0.0489,-0.0026,0.0308,0.0043,0.052,0.1017,0.0901,0.0177,-0.0843,-0.0224,0.0714,0.0059,0.0333,0.0116,0.0041,0.0538,0.0348,0.0005,-0.0251,-0.0081,0.0134,-0.0258,0.0003,0.0498,-0.0199,0.005,-0.02,-0.0152,-0.0069,0.08126666666666667,0.08632441137940067,-0.02835,0.01830000000000001,0.03688331149268831,0.005858333333333331,0.030899999999999997,0.06240899507816696,-0.005441666666666671,-0.006833333333333345,0.014113173515076897,0.011866666666666663,-0.011633333333333348,0.00955665562143288,-0.0003000000000000005,0.07766310606764969,0.025863543295820857,0.14998740807820884,0.14436734710184573,-0.3101953164003255,0.5664010624169987,-0.029880478087649376,0.289177488423105,-0.24236470564428003,0.01251218190476517,0.008737091012311392,-0.014427181388838653,-0.0020893223221601343,-0.032589448691319634,-0.012291746182109153,9.5,3.7218181818181817,0.17863636363636365,3.543181818181818,0.21,1.8890909090909087,-0.15282480369076357,26.350000381469727,-0.08886582600429782,69.88999938964844,0.053988869896900216
2009-07-01,0.093196647145728,0.1034688921461231,0.2176617583682026,0.7290836653386454,0.1002527548015941,0.0863061758198119,0.0139465789817821,0.0882844578956515,0.0983234466057593,-0.0100389887101077,0.1042075578276708,0.083696082619273,0.0205114752083978,0.100865794057335,0.0850387800877932,0.0158270139695418,0.0001,0.0333,-0.001,0.076,-0.0285,0.033,0.0775,0.0042,0.052,0.1017,-0.0809,-0.0075,0.0227,-0.0224,0.0714,-0.0209,0.0371,-0.0276,0.0041,0.0538,-0.1102,0.052,-0.0141,-0.0081,0.0134,0.0,-0.0136,-0.0037,-0.0199,0.005,-0.0116,0.0099,0.05263333333333334,0.08635959124497984,-0.020974999999999997,0.023900000000000015,0.03573799098998161,0.006783333333333331,0.010099999999999996,0.06217216150872244,-0.005650000000000005,-0.002933333333333345,0.014910320810320205,0.0065416666666666635,-0.006200000000000014,0.009772819449882312,-3.3333333333334e-05,0.04877896684501817,0.054681791988482914,0.10452587336178047,0.13852739560428196,0.20635763268894936,0.5650730411686588,0.2609561752988048,0.2197228939626661,0.14370279317501877,0.007466712879639136,0.0038754053988346257,-0.003903264779368422,0.0008804776547355319,-0.030211224257414848,-0.01958761003762277,9.5,3.5622727272727275,0.18363636363636363,3.378636363636364,0.16,1.6759090909090908,-0.14018720654921957,25.920000076293945,-0.016318796924123524,69.44999694824219,-0.006295642370136023
2009-08-01,0.0614035161264035,0.1529476796385066,0.1939879691515494,0.649402390438247,0.065610130920456,0.0572956481585024,0.0083144827619535,0.0779920880770067,0.0440902007410652,0.0339018873359414,0.0485672406504211,0.0724790635503705,-0.0239118228999494,0.0709885703890177,0.0512076495823481,0.0197809208066696,0.0001,0.0408,0.0272,0.0115,0.0115,0.0034,0.0334,0.0774,0.0042,0.052,-0.1014,0.0153,0.0231,0.0227,-0.0224,-0.0117,0.0328,0.0489,-0.0276,0.0041,-0.066,0.0152,-0.0026,-0.0141,-0.0081,0.0101,0.0183,0.0308,-0.0037,-0.0199,-0.0062,0.0066,0.044533333333333334,0.07627921516813518,-0.013899999999999996,0.007800000000000009,0.03316671021772695,0.005616666666666665,0.008466666666666662,0.04742838812357006,-0.0059083333333333375,-0.008266666666666679,0.014805325618393799,0.00745833333333333,0.0023999999999999868,0.018916201169015535,0.0017083333333333325,0.054046447273631094,0.0822785104777657,0.11406207951405038,0.1403511525263719,0.4781996449957877,0.6155378486055777,-0.07968127490039845,0.2006543149877352,-0.10876411820861043,0.0076028378978385365,0.0028560570625860587,-0.0016014289247671537,0.006764696030811065,-0.030211224257414848,-0.014838355663267633,9.6,3.587142857142857,0.1719047619047619,3.415238095238095,0.16,1.3180952380952373,-0.11689299172061052,26.010000228881836,0.00347222809888037,69.95999908447266,0.0073434436089399036
2009-09-01,0.0463466147121798,0.0865936678119838,0.1844008938977426,0.6215139442231076,0.0518877235788863,0.0409608640379979,0.0109268595408883,0.0398314841540584,0.0531135377556393,-0.0132820536015809,0.0586340148507081,0.0356902853885005,0.0229437294622075,0.0470522502109145,0.0455996737208363,0.0014525764900781,0.0001,-0.0255,-0.0485,-0.0417,0.0422,-0.0148,0.0409,0.0333,0.0774,0.0042,0.0901,-0.0935,-0.001,0.0231,0.0227,0.0059,0.0038,0.076,0.0489,-0.0276,0.0348,0.0566,-0.0285,-0.0026,-0.0141,-0.0258,0.024,0.033,0.0308,-0.0037,-0.02,0.017,0.0383,0.036980828366420686,-0.012399999999999996,0.014933333333333342,0.031710403129993056,0.0027999999999999974,0.03243333333333333,0.03750891449597905,-0.0008416666666666723,-0.015066666666666678,0.015551302196279277,0.00355833333333333,0.02003333333333332,0.02352232981658063,0.003908333333333332,0.06698225932810377,0.07232268269787673,0.11433674653220466,0.1321620773052066,-0.4338347072891279,0.6666666666666666,-0.027888446215139417,0.19868354047249823,-0.049420978505718915,0.01106264042820797,0.0035269483414175924,0.006514460590218647,0.012353503755429832,-0.030211224257414848,-0.01377942862886472,9.8,3.401904761904762,0.12333333333333335,3.2785714285714285,0.15,1.1861904761904754,-0.06805879122929537,25.610000610351562,-0.015378685698207328,70.61000061035156,0.009291045374286933
2009-10-01,-0.0321291704276923,0.0807927779436472,0.1862322968273634,0.2589641434262948,-0.039121172300085,-0.0253332059909741,-0.0137879663091109,-0.0389507962164981,-0.0250439069272418,-0.0139068892892563,-0.0281614736757492,-0.0355701817700854,0.0074087080943362,-0.0327578783957345,-0.0314636600420086,-0.0012942183537259,0.0,0.0558,-0.0276,-0.0033,0.009,0.0,-0.0255,0.0408,0.0333,0.0774,0.1017,-0.172,0.0272,-0.001,0.0231,0.0714,-0.0306,0.0115,0.076,0.0489,0.0538,-0.0189,0.0115,-0.0285,-0.0026,0.0134,0.0273,0.0034,0.033,0.0308,0.005,0.0138,0.050499999999999996,0.034275627881435886,-0.0012083333333333304,0.01643333333333334,0.0314620194308419,0.004749999999999997,0.04546666666666666,0.038317067563511005,-0.004600000000000006,-0.006533333333333345,0.015879630558255056,0.0025166666666666627,0.022399999999999986,0.020446222144934214,0.0027749999999999993,0.025206986803630326,0.03699297682432425,0.10677804179804601,0.10565195757991312,-0.06698976974773452,0.5099601593625499,-0.36254980079681276,0.1882070532922185,0.009931638024685219,0.0018177919979103028,0.0022376481483680597,0.0021468715521981135,0.006646426314340599,0.002946288624430249,-0.002239682942003385,10.0,3.3876190476190478,0.07428571428571429,3.3133333333333335,0.12,1.1466666666666674,-0.07474512230012276,30.690000534057617,0.19836000791240593,77.0,0.09049708730227168
2009-11-01,0.0601363083499551,0.071759444155761,0.1575841737105902,0.7151394422310757,0.0543116247507597,0.0658249012108515,-0.0115132764600918,0.0549660904199624,0.0654805239987457,-0.0105144335787833,0.0590713801488278,0.0610645864721767,-0.0019932063233489,0.0572473991944924,0.0632084166225935,-0.005961017428101,0.0,0.0274,0.0614,-0.0011,0.0071,-0.0009,0.0558,-0.0255,0.0408,0.0333,0.052,-0.0774,-0.0485,0.0272,-0.001,-0.0224,-0.04,-0.0417,0.0115,0.076,0.0041,-0.0621,0.0422,0.0115,-0.0285,-0.0081,0.0467,-0.0148,0.0034,0.033,-0.0199,0.0239,0.016200000000000003,0.03634108785750182,0.011000000000000003,-0.007433333333333326,0.030474738172241507,0.0032583333333333305,0.01526666666666666,0.044658735614285676,-0.006500000000000006,0.008399999999999989,0.024480577335240037,0.0037583333333333292,0.007199999999999987,0.022537524265100597,0.00039166666666666576,0.02478458421148086,0.03941551574255598,0.07971529663713083,0.09688868807559047,-0.111808679164206,0.5318725099601594,0.4561752988047809,0.17607245481189873,-0.15383004776733167,-0.004791461076104797,-0.012567792156540173,0.009453077077731612,-0.001934219763916268,0.002946288624430249,0.019145871744709275,9.9,3.4026315789473687,0.05210526315789474,3.350526315789474,0.12,1.1336842105263152,-0.0583001235670767,24.510000228881836,-0.20136853038883618,77.0,0.0
2009-12-01,0.0505438882382069,0.0786083084711721,0.1638115873688312,0.6633466135458167,0.0588711079590085,0.0424103247899821,0.0164607831690264,0.051036606111634,0.0500346678522726,0.0010019382593614,0.0521983737957462,0.0490870624596656,0.0031113113360806,0.0485508909234786,0.0526626572281364,-0.0041117663046577,0.0001,-0.0335,0.004,0.0033,-0.0108,0.0051,0.0275,0.0558,-0.0255,0.0408,0.0042,0.0177,-0.0276,-0.0485,0.0272,0.0227,0.0333,-0.0033,-0.0417,0.0115,-0.0276,0.0005,0.009,0.0422,0.0115,-0.0141,0.0003,0.0,-0.0148,0.0034,-0.0037,-0.0152,0.0237,0.03682341646289762,0.022100000000000005,-0.01629999999999999,0.031307980878151086,0.004291666666666663,-0.011166666666666672,0.04501687091154457,-0.0016000000000000057,0.020899999999999988,0.024334618687513233,0.0006166666666666628,-0.003800000000000014,0.019424975332459626,-0.001600000000000001,0.026183675386823226,0.0465829673574635,0.07705351019019359,0.09569512836119899,0.09544199228390005,0.5458167330677292,-0.05179282868525903,0.16920935263559497,0.03951801447826808,-0.002946819866725431,-0.007806461536226072,0.0028422710356893117,-0.0037890006954948686,0.002946288624430249,0.028141231232083674,9.9,3.5900000000000003,0.05454545454545454,3.5354545454545456,0.12,1.1059090909090914,-0.02704223119324234,21.68000030517578,-0.11546307210439233,79.36000061035156,0.03064935857599438
2010-01-01,-0.0269300799025496,0.080283558354955,0.1767594070316742,0.2410358565737052,-0.0205485886677575,-0.0331631643644396,0.012614575696682,-0.0223504708196555,-0.031663073021713,0.0093126022020575,-0.030860758006944,-0.0234689960849635,-0.0073917619219805,-0.0222586576278953,-0.0318963006702647,0.0096376430423693,0.0,0.0339,0.0149,0.0318,-0.0029,0.0142,-0.0335,0.0274,0.0558,-0.0255,0.0774,-0.0809,0.0614,-0.0276,-0.0485,0.0231,-0.0209,-0.0011,-0.0033,-0.0417,0.0489,-0.1102,0.0071,0.009,0.0422,-0.0026,0.0,-0.0009,0.0,-0.0148,0.0308,-0.0116,0.019233333333333335,0.03459720605289777,0.022908333333333336,-0.004899999999999992,0.03989710098073134,0.0066333333333333305,-0.015366666666666673,0.041692769157253166,-0.0017333333333333391,0.01943333333333332,0.022864360913876464,0.0011833333333333294,-0.005233333333333348,0.01911548238121824,-0.00040833333333333433,0.02791670556187079,0.026561846182750565,0.0768837703272962,0.09183090606267097,0.021311359019985154,0.5398406374501993,-0.4223107569721115,0.16605172270369853,0.07904092665734463,0.0058540274685388695,-6.663103912147213e-05,-0.002091218969749588,-0.00014504689679646805,0.023124542041793372,0.026211113889767157,9.8,3.7331578947368427,0.061578947368421046,3.6715789473684217,0.11,0.9836842105263157,0.0087230439200634,24.6200008392334,0.1356088788133336,72.88999938964844,-0.08152723249675975
2010-02-01,0.041057639316481,0.0628708596807798,0.1440401908943929,0.6454183266932271,0.0454272465704717,0.0367693270811691,0.0086579194893026,0.0352714081098728,0.0470653530573134,-0.0117939449474406,0.0446129213995377,0.0379113719863423,0.0067015494131954,0.0445225594357843,0.0373572391890696,0.0071653202467147,0.0,0.063,0.0183,0.0219,-0.0061,0.0174,0.0339,-0.0335,0.0274,0.0558,0.0333,-0.1014,0.004,0.0614,-0.0276,-0.001,-0.0117,0.0033,-0.0011,-0.0033,0.076,-0.066,-0.0108,0.0071,0.009,-0.0285,0.0101,0.0051,-0.0009,0.0,0.033,-0.0062,0.016566666666666664,0.03687803772798475,0.026858333333333335,0.012600000000000009,0.038989148062847874,0.00870833333333333,-0.0003666666666666714,0.03830695759258364,0.007724999999999995,0.001766666666666655,0.023741728384148203,0.00028333333333332945,0.0013999999999999863,0.015719287515660443,0.0009833333333333324,0.021557149217379428,0.02317086671443015,0.07392090883563578,0.07681810273638316,-0.21688997138354316,0.5166002656042498,0.4043824701195219,0.1615370617649661,-0.18510593968794098,0.012577759451670336,-0.000493134828673906,0.0008070329424318456,0.0042303989948087655,0.023124542041793372,0.02151336357866529,9.8,3.691052631578947,0.10894736842105263,3.5821052631578945,0.13,0.9936842105263164,0.018708182344855606,19.5,-0.20796103430973,79.66000366210938,0.092879741105093
2010-03-01,0.069825391357064,0.0671055663254094,0.1448840939271499,0.7729083665338645,0.0684125784544278,0.0712184905912913,-0.0028059121368634,0.0662443531166036,0.0735606369858696,-0.0073162838692659,0.073479326254952,0.0666060654558411,0.0068732607991109,0.0676974511267967,0.072108278691477,-0.0044108275646803,0.0001,0.02,0.0496,0.0296,0.0061,0.0175,0.0631,0.0339,-0.0335,0.0274,0.0408,0.0901,0.0149,0.004,0.0614,0.0272,0.0059,0.0318,0.0033,-0.0011,0.0115,0.0348,-0.0029,-0.0108,0.0071,0.0115,-0.0258,0.0142,0.0051,-0.0009,0.0034,-0.02,0.009266666666666664,0.03693385529113724,0.03813333333333334,0.026766666666666675,0.039236445642625094,0.010924999999999997,0.011333333333333329,0.024105303704095245,0.015874999999999997,-0.0022000000000000114,0.01813843984470555,-0.0008000000000000038,0.00613333333333332,0.009496244871877776,0.0026833333333333327,0.027984316923665126,0.027083996155244178,0.07008666145371488,0.07357008582195411,0.06735563448839232,0.553120849933599,0.12749003984063745,0.1552278972844057,0.005858802515582129,0.006155527683040403,-0.0032658755382163392,0.002061016096775279,0.004130711908134565,0.023124542041793372,0.022861714393279886,9.9,3.7273913043478264,0.15043478260869564,3.5769565217391306,0.16,1.0047826086956517,0.04200672107537207,17.59000015258789,-0.09794871012369788,83.76000213623047,0.05146872063315344
2010-04-01,0.0371715550503058,0.0809103761300667,0.1899719704636503,0.599601593625498,0.0422776824992753,0.0321366758913218,0.0101410066079535,0.037555568962382,0.0367710046539774,0.0007845643084046,0.0400974569254874,0.0345936679356083,0.0055037889898791,0.0470697946576222,0.0265525698405148,0.0205172248171074,0.0001,-0.079,0.0008,-0.0248,0.013,-0.0024,0.0201,0.063,0.0339,-0.0335,-0.0255,0.1017,0.0183,0.0149,0.004,-0.0485,0.0714,0.0219,0.0318,0.0033,-0.0417,0.0538,-0.0061,-0.0029,-0.0108,0.0422,0.0134,0.0174,0.0142,0.0051,-0.0148,0.005,0.021133333333333327,0.040769862235070974,0.035875000000000004,0.012400000000000008,0.038399205720952186,0.01195833333333333,0.018999999999999993,0.025428048817529587,0.014799999999999995,-0.006600000000000012,0.01911788865609036,0.0008416666666666628,0.012233333333333318,0.011634087845636989,0.0058,0.04935152857461692,0.038634117068243864,0.07029560071208545,0.07358968551969068,0.2057178049539854,0.6726427622841967,-0.1733067729083665,0.1596320850950644,0.31119963078328894,0.005331004653464237,-0.00610855483610064,0.006359533067395146,0.0077572391663805985,0.0416485064287937,0.022067707525304403,9.9,3.8468181818181817,0.1622727272727273,3.6845454545454546,0.2,0.9686363636363629,0.054282103558062955,22.049999237060547,0.2535531009541514,86.1500015258789,0.028533898384592415
2010-05-01,-0.0672803170922558,0.0626759007788798,0.1404743682031683,0.095617529880478,-0.0644446558629812,-0.0700896000775372,0.0056449442145559,-0.0708314028031237,-0.0635593229741694,-0.0072720798289543,-0.0636879853906861,-0.0704314852515275,0.0067434998608414,-0.0689646400924175,-0.065465172888198,-0.0034994672042195,0.0001,-0.0557,-0.0242,-0.0473,-0.001,-0.0158,-0.0789,0.02,0.063,0.0339,0.0558,0.052,0.0496,0.0183,0.0149,-0.0276,-0.0224,0.0296,0.0219,0.0318,-0.0033,0.0041,0.0061,-0.0061,-0.0029,0.009,-0.0081,0.0175,0.0174,0.0142,0.0,-0.0199,0.03896666666666666,0.03428974579472216,0.02906666666666667,0.027600000000000003,0.03206468462342966,0.010141666666666663,0.02776666666666666,0.015898804986539113,0.012783333333333329,-0.0009666666666666782,0.008123053613020249,0.00023333333333332945,0.016366666666666654,0.008532154866542508,0.006841666666666666,0.013238876438371327,0.01739801282787538,0.07023061441145212,0.07207576162354382,-0.22536634018205826,0.4893758300132804,-0.50398406374502,0.15844347753132285,-0.26055213376834974,0.004326679561882003,-0.004601266463271873,0.006373516549943812,0.0042023100160692,0.0416485064287937,0.020035489292185682,9.6,3.4200000000000004,0.16,3.2600000000000002,0.2,1.0875000000000004,0.0794260960542632,32.06999969482422,0.45442180519092945,73.97000122070312,-0.14138131270394683
2010-06-01,-0.0513386295416899,0.0640869040779406,0.1504474011941709,0.147410358565737,-0.0500090605074369,-0.0526558304919032,0.0026467699844663,-0.0483686075901976,-0.0544507578066507,0.0060821502164531,-0.0518913698390045,-0.0508537696317648,-0.0010376002072397,-0.0546302657289236,-0.04779133229137,-0.0068389334375535,0.0001,0.0692,0.0004,-0.005,0.0017,0.0202,-0.0556,-0.079,0.02,0.063,0.0274,0.0042,0.0008,0.0496,0.0183,0.0614,0.0227,-0.0248,0.0296,0.0219,-0.0011,-0.0276,0.013,0.0061,-0.0061,0.0071,-0.0141,-0.0024,0.0175,0.0174,-0.0009,-0.0037,0.0013333333333333298,0.05189157927833764,0.018150000000000003,0.022900000000000004,0.024913824810066258,0.012074999999999995,0.008899999999999996,0.021817737432343155,0.010374999999999997,0.004333333333333322,0.009078032092180995,0.001991666666666663,0.010833333333333318,0.009071144727467699,0.0083,-0.027149130527879973,0.0004175931978925805,0.06922439366229584,0.06965552755800523,0.02251269278185264,0.28087649402390447,0.051792828685259,0.16029791328699652,0.07099539309960523,0.006144240268991903,-0.00013512176803220574,0.0037365628811602786,0.003392941391778133,0.0416485064287937,0.011215605940686268,9.4,3.2040909090909087,0.12363636363636364,3.080454545454545,0.18,1.3477272727272727,0.08551328146848403,34.540000915527344,0.07701905968841527,75.62999725341797,0.022441476346092504
2010-07-01,0.0698932492640665,0.0783953524686891,0.1695565618112386,0.7330677290836654,0.0694686178870535,0.07031394886907,-0.0008453309820165,0.0716756730981127,0.0680432453794403,0.0036324277186723,0.0696503299725515,0.0701064666334748,-0.0004561366609232,0.0730159943201256,0.0665603194446187,0.0064556748755069,0.0001,-0.0477,-0.0306,-0.0173,0.006,-0.016,0.0693,-0.0557,-0.079,0.02,-0.0335,0.0774,-0.0242,0.0008,0.0496,0.004,0.0231,-0.0473,-0.0248,0.0296,0.0033,0.0489,-0.001,0.013,0.0061,-0.0108,-0.0026,-0.0158,-0.0024,0.0175,0.0051,0.0308,-0.038233333333333334,0.05575900824082151,0.01315833333333334,0.00873333333333334,0.024287500214445156,0.008166666666666662,-0.01416666666666667,0.03223410719512281,0.008733333333333329,0.006033333333333321,0.008590556831001583,0.003083333333333329,-0.0002333333333333481,0.013236766976871593,0.007291666666666665,-0.016241899123293078,0.01655481472566193,0.06838605244183665,0.06934082657696092,0.2232663380547606,0.3253652058432936,0.5856573705179283,0.15349277706952594,0.12701555803150733,0.002482127739001903,0.000814166035390361,0.001749920997559512,-0.0012942419220887003,0.04794315574035424,0.013407784804821077,9.4,3.0114285714285716,0.15761904761904763,2.853809523809524,0.18,1.2871428571428574,0.07747013804699288,23.5,-0.31962943320491777,78.94999694824219,0.043897921663274664
2010-08-01,-0.0373099611809119,0.1089654238568695,0.1662319761206026,0.2211155378486055,-0.0296492965963896,-0.0448647179601182,0.0152154213637285,-0.0297232286489009,-0.045147199032376,0.015423970383475,-0.0431745617113981,-0.0321848102825304,-0.0109897514288677,-0.0358905030806002,-0.038817710933396,0.0029272078527958,0.0001,0.0955,0.0365,-0.0302,-0.0019,0.0038,-0.0476,0.0692,-0.0557,-0.079,0.0339,0.0333,0.0004,-0.0242,0.0008,0.0149,-0.001,-0.005,-0.0473,-0.0248,0.0318,0.076,0.0017,-0.001,0.013,-0.0029,-0.0285,0.0202,-0.0158,-0.0024,0.0142,0.033,-0.02183333333333334,0.06198389038021627,0.012475000000000005,-0.007666666666666662,0.024525469754250854,0.006274999999999996,-0.025700000000000004,0.03236644352823875,0.004241666666666663,0.004566666666666655,0.006874299964360111,0.0034416666666666628,0.000666666666666651,0.014414495019481778,0.006408333333333333,-0.006251780486178439,0.0034935479760964464,0.0838158934678332,0.07702325393964253,0.3899474959359357,0.3671978751660028,-0.5119521912350599,0.1620786463753374,-0.01960753187680908,0.005672286788726103,0.008379516106200127,-0.004161162765676855,0.0008479830969163996,0.04794315574035424,0.011501775395112546,9.5,2.6986363636363637,0.155,2.543636363636364,0.19,1.172272727272727,0.06968742858593813,26.049999237060547,0.10851060583236372,78.94999694824219,0.0
2010-09-01,0.1016905387458008,0.0721729936063571,0.1694701217044374,0.8227091633466136,0.098534800257288,0.1047883737758088,-0.0062535735185207,0.0869040606362353,0.1168935373654949,-0.0299894767292596,0.1138242191806725,0.0910340020160439,0.0227902171646285,0.0979078214679203,0.1057266437839221,-0.0078188223160018,0.0001,0.0387,0.0073,-0.0246,0.0128,-0.0038,0.0956,-0.0477,0.0692,-0.0557,0.063,0.0408,-0.0306,0.0004,-0.0242,0.0183,0.0272,-0.0173,-0.005,-0.0473,0.0219,0.0115,0.006,0.0017,-0.001,-0.0061,0.0115,-0.016,0.0202,-0.0158,0.0174,0.0034,-0.011400000000000006,0.06422524944806884,0.005725000000000005,-0.018133333333333328,0.029270354741045997,0.0038083333333333302,-0.02320000000000001,0.029071136888673646,-0.0035333333333333375,0.002233333333333322,0.006612538594720501,0.006316666666666662,-0.0038666666666666827,0.01706252228325768,0.002324999999999999,0.04475794227631846,0.008804405874219245,0.08651125664397204,0.07786782515313381,-0.33765233913870474,0.5922974767596282,0.6015936254980081,0.1684195532120929,0.019479679297595087,0.0027055056210637703,-0.003644359542370773,0.003781443024945879,0.0005213534707669658,0.04794315574035424,0.011183122472331775,9.5,2.6476190476190475,0.1519047619047619,2.4957142857142856,0.19,1.1314285714285717,0.06346682104150392,23.700000762939453,-0.09021107650467108,79.97000122070312,0.012919623963122184
2010-10-01,0.0417611024028446,0.0642653666283168,0.1437349166962501,0.6533864541832669,0.0386493132765873,0.0448157944809137,-0.0061664812043263,0.0344977454618747,0.0492290609477855,-0.0147313154859108,0.0492390907332187,0.0351934778692118,0.0140456128640069,0.0381767924210984,0.0455855097039423,-0.0074087172828439,0.0001,0.0059,0.0354,-0.009,0.0032,0.0179,0.0388,0.0955,-0.0477,0.0692,0.02,-0.0255,0.0365,-0.0306,0.0004,0.0496,-0.0485,-0.0302,-0.0173,-0.005,0.0296,-0.0417,-0.0019,0.006,0.0017,0.0061,0.0422,0.0038,-0.016,0.0202,0.0175,-0.0148,0.039,0.07200942762351793,0.010283333333333339,0.0021000000000000046,0.032059845081763474,0.00458333333333333,-0.017500000000000005,0.026308376359377796,-0.007008333333333338,0.0019333333333333219,0.005558926754929249,0.005199999999999995,0.002666666666666651,0.015692344205588436,0.0023583333333333325,0.03538055998924449,0.00956933043297571,0.08180126136384795,0.07509365690284217,-0.1095649020902435,0.5657370517928287,-0.16932270916334669,0.1598123381737634,-0.1518568863310933,0.0009317888802938369,-0.009765607277231806,0.008615359533255913,-0.004100110582016634,0.04492620390247959,0.011666951489314625,9.4,2.54,0.1345,2.4055,0.19,1.0375000000000005,0.05760258506490601,21.200000762939453,-0.10548522867177879,81.43000030517578,0.018256834590302473
2010-11-01,0.0074306331447225,0.0696737913094539,0.1437092197702087,0.448207171314741,0.0100369787045281,0.0048721104392252,0.0051648682653029,0.0018567507554441,0.0131615263055298,-0.0113047755500857,0.0088669406382822,0.0061691804764657,0.0026977601618165,0.0063294880195464,0.0086055391873744,-0.0022760511678279,0.0001,0.0682,0.0097,0.0356,-0.0342,0.0317,0.006,0.0387,0.0955,-0.0477,-0.079,0.0558,0.0073,0.0365,-0.0306,0.0008,-0.0276,-0.0246,-0.0302,-0.0173,-0.0248,-0.0033,0.0128,-0.0019,0.006,0.013,0.009,-0.0038,0.0038,-0.016,-0.0024,0.0,0.028833333333333332,0.07341915281450746,0.015633333333333336,0.004400000000000005,0.024051333989337766,0.00923333333333333,-0.02403333333333334,0.014026498731567647,-0.005583333333333337,0.005633333333333323,0.00663746939729304,0.0027499999999999955,-0.005333333333333349,0.013532577975635866,0.003274999999999999,0.05029409143112263,0.022021155472472093,0.06870405051470942,0.07625997199127119,0.08415768811243374,0.6414342629482074,-0.20517928286852588,0.1523047527236321,-0.00017877998354220992,-0.00241839548584803,-0.018675189255085375,0.013177863396817313,-0.0058345302555578675,0.04492620390247959,0.01084544776600338,9.8,2.763,0.143,2.62,0.19,1.0480952380952377,0.0539500875348351,23.540000915527344,0.11037736171587964,84.11000061035156,0.03291170692781442
2010-12-01,0.0699758909018161,0.0758093340181526,0.1554303693917212,0.7589641434262948,0.0687847212138503,0.0711398649348055,-0.0023551437209551,0.0750350302087675,0.0647504888007396,0.0102845414080279,0.0647561494986623,0.0745403400941843,-0.009784190595522,0.075310834959107,0.06425805612271,0.0110527788363969,0.0001,0.0198,-0.0231,0.0061,-0.0064,0.0081,0.0683,0.0059,0.0387,0.0955,-0.0557,0.0274,0.0354,0.0073,0.0365,-0.0242,0.0614,-0.009,-0.0246,-0.0302,-0.0473,-0.0011,0.0032,0.0128,-0.0019,-0.001,0.0071,0.0179,-0.0038,0.0038,-0.0158,-0.0009,0.04669999999999999,0.06156303273881169,0.011475000000000004,0.026400000000000007,0.02848983444435355,0.014483333333333329,-0.021266666666666673,0.015452205883519306,-0.006058333333333337,0.004699999999999988,0.005393947225054041,0.0022666666666666625,0.005966666666666651,0.015851529894618948,0.004766666666666666,0.0397225421497944,0.042240242213056424,0.06991616398530792,0.07821371031463985,0.0880609852483536,0.6201859229747677,0.3107569721115538,0.14762483528606,0.08156157023366095,-0.0011189188866594965,-0.005250516542656206,0.0023197274767671455,0.0004560034619083663,0.04492620390247959,0.01437793022217937,9.3,3.290909090909091,0.1409090909090909,3.15,0.18,1.081363636363637,0.05996200467756596,17.75,-0.24596434538403822,91.37999725341797,0.08643439056367908
2011-01-01,0.0273535125743975,0.0700389760268564,0.1496663659835966,0.5796812749003984,0.0254461095420963,0.0292175655377828,-0.0037714559956865,0.0279907918138856,0.0267014128874795,0.001289378926406,0.0315561177683492,0.023642120974544,0.0079139967938052,0.0240164665342782,0.0308961586075099,-0.0068796920732316,0.0001,0.0348,0.0165,0.0118,-0.0183,0.0084,0.0199,0.0682,0.0059,0.0387,0.0692,-0.0335,0.0097,0.0354,0.0073,0.0004,0.004,0.0356,-0.009,-0.0246,-0.005,0.0033,-0.0342,0.0032,0.0128,0.0017,-0.0108,0.0317,0.0179,-0.0038,0.0202,0.0051,0.037599999999999995,0.052089499901611644,0.014875000000000005,0.017466666666666672,0.024879824490270697,0.010174999999999997,0.0006666666666666604,0.023515136968911495,-0.003000000000000004,-0.0060666666666666785,0.016496019721941046,-0.0011750000000000042,0.01526666666666665,0.017526056791722006,0.007483333333333332,0.0349200122069787,0.0351502860981116,0.07184070045148777,0.07682098090766773,-0.07611672185267426,0.5956175298804781,-0.17928286852589637,0.14960198504850886,-0.03708415176958091,-0.0003205771504462297,8.971492811606042e-05,0.00027585545336657885,0.0006323451984457995,0.039746258113150246,0.017007834915029774,9.1,3.3939999999999997,0.152,3.2419999999999995,0.17,1.0475000000000003,0.04632504538708293,19.530000686645508,0.100281728825099,92.19000244140625,0.008864141084858446
2011-02-01,0.0385850289847022,0.0623504635350679,0.1437065206113276,0.6713147410358565,0.0395737983367497,0.0376187316633831,0.0019550666733666,0.0356633118698729,0.0415746930091788,-0.0059113811393059,0.0392296614496839,0.0380157431714717,0.0012139182782121,0.0373436216932628,0.0399029210855668,-0.002559299392304,0.0001,0.0046,0.0256,-0.0184,0.0173,-0.0007,0.0349,0.0198,0.0682,0.0059,-0.0477,0.0339,-0.0231,0.0097,0.0354,-0.0306,0.0149,0.0061,0.0356,-0.009,-0.0173,0.0318,-0.0064,-0.0342,0.0032,0.006,-0.0029,0.0081,0.0317,0.0179,-0.016,0.0142,0.031299999999999994,0.05009449736913892,0.019316666666666673,0.007333333333333338,0.028271021677093205,0.007916666666666664,0.010899999999999993,0.02426245384677049,-0.0027666666666666703,-0.01246666666666668,0.016457510949917906,-0.0008083333333333374,0.019233333333333314,0.016649174153692978,0.007733333333333332,0.04530481082030526,0.04779945112571395,0.0693995911933591,0.06905182085403413,-0.10977477010572423,0.6699867197875168,0.09163346613545809,0.1496010853288818,-0.03982087313406257,-0.0013905110144249964,0.0018875130650426602,-0.00021875850783488774,0.0005379291236204325,0.039746258113150246,0.02124898173333145,9.0,3.5763157894736843,0.13210526315789473,3.4442105263157896,0.16,0.9242105263157896,0.03827364378514675,18.350000381469727,-0.060419880373207446,96.97000122070312,0.05184942675682125
2011-03-01,0.0162495923974814,0.0589960585899627,0.1407125405398494,0.5219123505976095,0.0223809820752792,0.0102846657878591,0.01209631628742,0.0101943706862,0.0224737970402405,-0.0122794263540404,0.020690430920274,0.012344717144681,0.0083457137755929,0.0166948226547275,0.0157791604275611,0.0009156622271663,0.0001,0.029,-0.0053,-0.0244,0.0112,-0.0086,0.0047,0.0348,0.0198,0.0682,0.0955,0.063,0.0165,-0.0231,0.0097,0.0365,0.0183,0.0118,0.0061,0.0356,-0.0302,0.0219,-0.0183,-0.0064,-0.0342,-0.0019,-0.0061,0.0084,0.0081,0.0317,0.0038,0.0174,0.04093333333333333,0.032825807936236184,0.01939166666666667,0.0010333333333333386,0.021953443161988818,0.008049999999999996,0.017833333333333326,0.024594016887581983,-0.004433333333333339,-0.019633333333333346,0.01666537328314813,-0.002091666666666671,0.01606666666666665,0.012346240993381953,0.007249999999999999,0.027396044652193696,0.03355929340099405,0.06379516605062914,0.0668556650179684,-0.05379919819230494,0.5909694555112883,-0.149402390438247,0.14469514237825787,-0.02083398901275879,0.003426642321700037,-0.005633809522313439,0.005824542949203412,-0.002841109746123101,0.039746258113150246,0.02619241510354109,9.0,3.4143478260869564,0.10043478260869565,3.313913043478261,0.14,0.9052173913043484,0.04193025357503588,17.739999771118164,-0.0332425393825907,106.72000122070312,0.10054655952627112
2011-04-01,0.035473565717211,0.0565223872461293,0.1306933676954897,0.6633466135458167,0.0378277853832817,0.0331932453231694,0.0046345400601123,0.0317404948726907,0.0392926520189783,-0.0075521571462875,0.0395312970626364,0.0319187156069024,0.007612581455734,0.0357964006624745,0.0351372167509829,0.0006591839114916,0.0,-0.0127,-0.0072,-0.0185,0.0192,-0.0143,0.029,0.0046,0.0348,0.0198,0.0387,0.02,0.0256,0.0165,-0.0231,0.0073,0.0496,-0.0184,0.0118,0.0061,-0.0246,0.0296,0.0173,-0.0183,-0.0064,0.0128,0.0061,-0.0007,0.0084,0.0081,-0.0038,0.0175,0.01973333333333333,0.023988802943595722,0.014525000000000003,0.006333333333333339,0.020060408769514322,0.00865833333333333,-0.00016666666666667376,0.022217808172724892,-0.0077916666666666716,-0.002466666666666678,0.019542944165776753,-0.00014166666666667072,0.0052666666666666495,0.012992100163817433,0.005741666666666665,0.03010272903313153,0.03251137062005511,0.05928963645705345,0.06556516845427048,-0.041929433981785724,0.6188579017264276,0.14143426294820716,0.1383708096155556,-0.0712031266433023,0.0062286410069663034,-0.008580988213211273,0.005724071169846346,-0.0003281510845487006,0.03854062494388444,0.030772344447868694,9.1,3.4549999999999996,0.058499999999999996,3.3964999999999996,0.1,0.8654999999999999,0.03505332834432129,14.75,-0.1685456487990531,113.93000030517578,0.06755996066343695
2011-05-01,-0.0041955118318982,0.0556772685259769,0.1286196552963766,0.4063745019920319,-0.0039127614318613,-0.0044693866588397,0.0005566252269783,-0.0092795815944229,0.0010057023952008,-0.0102852839896237,-0.0051272671766125,-0.0033792304401612,-0.0017480367364513,-0.0066333638437637,-0.0016556102009312,-0.0049777536428325,0.0,-0.0174,0.0006,-0.002,0.0227,-0.0142,-0.0127,0.029,0.0046,0.0348,0.0059,-0.079,-0.0053,0.0256,0.0165,0.0354,0.0008,-0.0244,-0.0184,0.0118,-0.009,-0.0248,0.0112,0.0173,-0.0183,0.0032,0.013,-0.0086,-0.0007,0.0084,0.0179,-0.0024,0.02279999999999999,0.02349925530734964,0.015275000000000004,0.01226666666666667,0.021261796725582885,0.00408333333333333,-0.010333333333333342,0.022173174483295522,-0.012291666666666671,0.0033999999999999885,0.019272536591395217,0.0002833333333333292,-0.00030000000000001613,0.014129496334500568,0.0035666666666666646,0.015842548760931396,0.030573679790618338,0.05706523812068978,0.06323241465702432,-0.014951928984745178,0.5305444887118195,-0.2569721115537848,0.13334185451057193,-0.015867005615348262,0.005762493858170203,-0.010038955829983874,0.004736752831625213,-0.0011343025013915338,0.03854062494388444,0.034589718808965,9.0,3.168571428571429,0.04095238095238095,3.127619047619048,0.09,0.8176190476190479,0.02248891889831528,15.449999809265137,0.04745761418746697,113.93000030517578,0.0
2011-06-01,-0.0163724091607073,0.0480816798011053,0.1048784175173029,0.2768924302788844,-0.0165920306118732,-0.0161596816564389,-0.0004323489554343,-0.0196233748964608,-0.0130465363803511,-0.0065768385161096,-0.013963873198038,-0.0184824513502252,0.0045185781521872,-0.0159639854590155,-0.0167979296685164,0.0008339442095009,0.0,-0.0235,-0.0111,-0.0091,0.0268,-0.0173,-0.0174,-0.0127,0.029,0.0046,0.0682,-0.0557,-0.0072,-0.0053,0.0256,0.0097,-0.0242,-0.0185,-0.0244,-0.0184,0.0356,-0.0473,0.0192,0.0112,0.0173,-0.0342,-0.001,-0.0143,-0.0086,-0.0007,0.0317,-0.0158,0.00696666666666666,0.02769893499757708,0.020800000000000003,0.0043666666666666715,0.017840964099510078,0.0034166666666666633,-0.02043333333333334,0.023280206184653974,-0.01176666666666667,0.015899999999999987,0.02153115572064509,0.0007999999999999957,-0.007866666666666683,0.016242783012772113,0.002574999999999998,0.0049685482415351605,0.01618229644686443,0.05342711185773732,0.0586111389541831,-0.1364217197782931,0.4488711819389111,-0.12948207171314752,0.12139714683638973,-0.1845848344435932,0.0015862721105521036,-0.008138093217340272,0.0034610409571566455,-0.0011615418406133338,0.03854062494388444,0.03502318150636041,9.1,3.002272727272727,0.03727272727272728,2.965,0.09,0.7622727272727268,0.023688810428642126,16.520000457763672,0.06925570625941835,95.41999816894531,-0.16246820053233657
2011-07-01,-0.0349967354810473,0.0646431419354616,0.1562439156650758,0.2290836653386454,-0.0309565991387148,-0.0388925812397252,0.0079359821010104,-0.0313222852309945,-0.0387727834338666,0.007450498202872,-0.0373037495380722,-0.0329657743881109,-0.0043379751499613,-0.0368838028348266,-0.0330218975526737,-0.0038619052821528,0.0,-0.0596,-0.0309,-0.0243,0.0341,-0.0026,-0.0235,-0.0174,-0.0127,0.029,0.0198,0.0692,0.0006,-0.0072,-0.0053,-0.0231,0.0004,-0.002,-0.0185,-0.0244,0.0061,-0.005,0.0227,0.0192,0.0112,-0.0064,0.0017,-0.0142,-0.0143,-0.0086,0.0081,0.0202,-0.0003666666666666725,0.021756324750900998,0.02399166666666667,-0.003966666666666662,0.0175106158277393,0.0054833333333333305,-0.014966666666666675,0.014920411075659681,-0.00799166666666667,0.01769999999999999,0.016348873559565758,0.0027749999999999962,-0.012366666666666684,0.01040322065516243,0.0027083333333333317,-0.018521552157884272,0.005790588437623631,0.05613403008751475,0.05771183327228397,0.3444443331194844,0.30411686586985404,-0.047808764940238974,0.12991399615958513,0.48976233016958526,0.0026867527908514704,-0.003137208100953772,-0.0005224779114084546,-0.0026685715718281337,0.033422674356823556,0.035798809769996165,9.0,3.003,0.0375,2.9655,0.07,0.8285,0.02484132372991299,25.25,0.5284503208432789,95.69999694824219,0.002934382568328342
2011-08-01,-0.0556160935301806,0.0795408085761014,0.1929238161162276,0.2171314741035856,-0.0578950908298884,-0.0534184889911767,-0.0044766018387117,-0.0613547161099531,-0.0497187993583407,-0.0116359167516123,-0.0543202645759379,-0.0567568660283601,0.0024366014524222,-0.0606725756940543,-0.0503244261493826,-0.0103481495446717,0.0001,-0.0757,-0.0349,-0.0153,0.0199,0.0015,-0.0595,-0.0235,-0.0174,-0.0127,0.0348,-0.0477,-0.0111,0.0006,-0.0072,0.0165,-0.0306,-0.0091,-0.002,-0.0185,0.0118,-0.0173,0.0268,0.0227,0.0192,-0.0183,0.006,-0.0173,-0.0142,-0.0143,0.0084,-0.016,-0.017866666666666673,0.024710294750703958,0.01626666666666667,-0.0058999999999999955,0.014630846409783477,0.004524999999999997,-0.009866666666666675,0.01334286326093472,-0.008333333333333338,0.022899999999999986,0.01627424345399816,0.004866666666666662,-0.015266666666666684,0.009868620302081993,-0.0004166666666666685,-0.03566174605731174,-0.009909598648190169,0.06408854343755625,0.06057689077912289,0.23046012607978317,0.2410358565737053,-0.011952191235059806,0.1513487164328688,0.23476050440120022,0.0010090104356214706,-0.003587419021616639,0.0008724014848827122,-0.004458703539107867,0.033422674356823556,0.0375499603070808,9.0,2.3030434782608693,0.024347826086956525,2.2786956521739126,0.1,0.9960869565217401,0.027992943499441703,31.6200008392334,0.25227726095973857,88.80999755859375,-0.07199581618978301
2011-09-01,-0.0809975122525763,0.0792170564507772,0.1892792441843967,0.1155378486055776,-0.0904810619209952,-0.0718526607866011,-0.018628401134394,-0.0925774946201815,-0.0690973460407056,-0.0234801485794759,-0.0738454137769151,-0.0872938040730302,0.013448390296115,-0.0848128150834746,-0.077004753476055,-0.0078080616074196,0.0,0.1134,0.0325,0.0006,-0.0225,-0.0073,-0.0757,-0.0596,-0.0235,-0.0174,0.0046,0.0955,-0.0309,-0.0111,0.0006,0.0256,0.0365,-0.0243,-0.0091,-0.002,-0.0184,-0.0302,0.0341,0.0268,0.0227,0.0173,-0.0019,-0.0026,-0.0173,-0.0142,-0.0007,0.0038,-0.03350000000000001,0.02957902409929489,0.015275000000000004,-0.013799999999999995,0.01833133019359682,0.004499999999999997,-0.01180000000000001,0.008888063156091346,-0.00891666666666667,0.027866666666666654,0.007955228888389645,0.00720833333333333,-0.011366666666666683,0.00680805894999925,0.0006999999999999983,-0.05720344708793473,-0.026117449423199785,0.0744670023207802,0.06394705708925864,-0.004070264448147287,0.18725099601593634,-0.101593625498008,0.17948232532190003,-0.018891249433067525,-0.005056340290698429,-0.009221855709405405,0.003849005532858645,-0.007339372144748033,0.033422674356823556,0.03812621692818685,9.0,1.975238095238095,0.013809523809523811,1.9614285714285713,0.08,1.1842857142857142,0.024123837996766095,42.959999084472656,0.3586337110772255,79.19999694824219,-0.10820854492210985
2011-10-01,0.1324466332847384,0.0987083812854161,0.2399499224119712,0.8326693227091634,0.13523949023286,0.1297535212276211,0.0054859690052389,0.1386573875816952,0.1260641530625201,0.0125932345191751,0.1263277487278437,0.13783334362115,-0.0115055948933063,0.1382999333965975,0.1263210866560487,0.0119788467405488,0.0,-0.0027,-0.003,-0.0052,0.0194,0.0144,0.1134,-0.0757,-0.0596,-0.0235,0.029,0.0387,-0.0349,-0.0309,-0.0111,-0.0053,0.0073,-0.0153,-0.0243,-0.0091,-0.0244,-0.0246,0.0199,0.0341,0.0268,0.0112,0.0128,0.0015,-0.0026,-0.0173,-0.0086,-0.0038,-0.05293333333333334,0.03709074008428521,0.0010083333333333379,-0.02563333333333333,0.014574498276098843,-0.0014500000000000034,-0.01623333333333334,0.008818616671564864,-0.007675000000000005,0.026933333333333323,0.007723060705877506,0.009024999999999997,-0.006133333333333349,0.007416400744296267,0.0005083333333333316,-0.0013889908326728355,-0.00995527149527855,0.08582208210409838,0.07097805609580644,0.24604959724488307,0.38844621513944233,0.7171314741035858,0.2073843275708652,0.2677032996719433,-0.005873011322622262,-0.007507610270637705,0.0014597989517436463,-0.0020591214705141664,0.03480099969469874,0.035222681306640524,8.8,2.152,0.019,2.133,0.07,1.3925,0.03416215073206175,29.959999084472656,-0.3026070827990004,93.19000244140625,0.17664149030594833
2011-11-01,-0.0011767801479552,0.0642051054373259,0.1495862224513808,0.4581673306772908,-0.0013772843876977,-0.0009825416657047,-0.000394742721993,-0.0072364669585113,0.0050783804306832,-0.0123148473891945,-9.54934307930838e-05,-0.0021246314829996,0.0020291380522065,-0.001502164316912,-0.000837838305292,-0.0006643260116199,0.0,0.0075,-0.0029,0.0154,0.0106,0.0247,-0.0027,0.1134,-0.0757,-0.0596,-0.0127,0.0059,0.0325,-0.0349,-0.0309,-0.0072,0.0354,0.0006,-0.0153,-0.0243,-0.0185,-0.009,-0.0225,0.0199,0.0341,0.0192,0.0032,-0.0073,0.0015,-0.0026,-0.0143,0.0179,-0.0073000000000000105,0.06664603264011046,0.007233333333333338,-0.011099999999999997,0.02437613587097036,0.0006499999999999966,-0.01300000000000001,0.009691989819777373,-0.005575000000000004,0.010499999999999989,0.019969476708216524,0.0060833333333333295,-0.002800000000000016,0.0074580605164254925,0.00021666666666666492,0.016757446961402293,-0.009452149547954718,0.08071018105783988,0.07239936224769793,-0.34954758044632195,0.4687915006640107,-0.37450199203187257,0.19293846301591625,-0.3765939953314279,-0.004512391617049363,-0.007733920483165106,0.0013239778183384125,0.0011688197071697672,0.03480099969469874,0.03451432214581729,8.6,2.0134999999999996,0.014000000000000002,1.9994999999999996,0.08,1.2654999999999998,0.03317419578768788,27.799999237060547,-0.07209612528097742,100.36000061035156,0.07693956412817449
2011-12-01,0.009189183157577,0.0679856470901704,0.1452773952388752,0.545816733067729,0.0091912585262984,0.0091871633790891,4.095147209262975e-06,0.0180713307646632,-2.041689585344576e-05,0.0180917476605167,0.0036499143693477,0.0140243076083194,-0.0103743932389716,0.0149075198358352,0.003260032223899,0.0116474876119362,0.0,0.0505,0.0202,-0.0093,-0.0206,-0.0148,0.0075,-0.0027,0.1134,-0.0757,-0.0174,0.0682,-0.003,0.0325,-0.0349,0.0006,0.0097,-0.0052,0.0006,-0.0153,-0.002,0.0356,0.0194,-0.0225,0.0199,0.0227,-0.0342,0.0144,-0.0073,0.0015,-0.0142,0.0317,0.011666666666666657,0.06676745963915857,0.0065166666666666715,-0.0017999999999999952,0.024481013050934145,-0.0025500000000000032,-0.006633333333333341,0.009263998416810536,-0.005258333333333337,0.0055999999999999895,0.01997465060186708,0.007433333333333329,0.0028666666666666506,0.011508388245101841,-7.500000000000171e-05,0.04681967876478673,-0.0051918841615740015,0.07696637793763761,0.07571669012920879,0.05888225908350697,0.6122177954847279,0.08764940239043822,0.17827118003407574,-0.028804973759572583,0.001698440476818391,0.006123378263499094,-0.0066169500266904544,0.007654002780288366,0.03480099969469874,0.03062066838419386,8.5,1.9780952380952381,0.01142857142857143,1.9666666666666668,0.07,1.3233333333333333,0.02859134467066693,23.399999618530273,-0.15827337191666446,98.83000183105469,-0.015245105320765284
2012-01-01,0.0716646280708589,0.0997992346655334,0.2137695899209751,0.6852589641434262,0.0697691415722449,0.0735093426096886,-0.0037402010374437,0.0655152350007851,0.0780407268762349,-0.0125254918754497,0.0764275864259608,0.0675071305236089,0.0089204559023518,0.0680322938670771,0.075430873213029,-0.0073985793459519,0.0,0.044,-0.0167,0.0042,-0.0036,-0.0008,0.0505,0.0075,-0.0027,0.1134,-0.0235,0.0198,-0.0029,-0.003,0.0325,-0.0111,-0.0231,0.0154,-0.0052,0.0006,-0.0091,0.0061,0.0106,0.0194,-0.0225,0.0268,-0.0064,0.0247,0.0144,-0.0073,-0.0173,0.0081,0.03939999999999999,0.0670571000466518,0.0014583333333333382,0.008866666666666672,0.024281714656643888,-0.003600000000000004,0.003599999999999992,0.013656854200974249,-0.00694166666666667,0.0024999999999999888,0.019862267410008072,0.011166666666666663,0.010599999999999984,0.015159903253868902,-0.0006583333333333349,0.026559010360160215,0.012585009763743696,0.07732999573101006,0.08157603891755409,0.46794564642693137,0.5630810092961488,0.1394422310756972,0.16954440253707706,0.4714580308208327,-0.001376949537409142,-0.002249530534709173,0.0001917335718622457,0.0011948607514548001,0.046728947002263155,0.030087663379855023,8.3,1.9665,0.0345,1.932,0.08,1.3785000000000003,0.03691001632410296,19.440000534057617,-0.16923073286448964,98.83000183105469,0.0
2012-02-01,0.039013326014347,0.06448460151195,0.1562819486201065,0.651394422310757,0.0358202782327223,0.0421208457303925,-0.0063005674976702,0.0377561088436645,0.0403168922051468,-0.0025607833614823,0.0413686690598949,0.0369573909830637,0.0044112780768312,0.0377291730765416,0.0403448209959424,-0.0026156479194008,0.0,0.0311,-0.0048,0.0119,-0.0061,0.007,0.044,0.0505,0.0075,-0.0027,-0.0596,0.0348,0.0202,-0.0029,-0.003,-0.0309,0.0165,-0.0093,0.0154,-0.0052,-0.0243,0.0118,-0.0206,0.0106,0.0194,0.0341,-0.0183,-0.0148,0.0247,0.0144,-0.0026,0.0084,0.018433333333333326,0.07010003328577433,0.004016666666666672,0.004766666666666672,0.026811763587400856,8.333333333329813e-06,0.0002999999999999924,0.013665247893836443,-0.008225000000000005,0.0031333333333333213,0.02323509558118211,0.009983333333333328,0.008099999999999984,0.014537228071403374,-0.002566666666666668,0.03995571241426095,0.028356579687831632,0.07742316108921808,0.07906667107352884,-0.3538567532299889,0.6274900398406376,-0.03386454183266929,0.17177631125998563,-0.26892338298501794,-0.0033455577959682088,0.0010018241411948938,0.0009857802467371456,0.0005444201155278336,0.046728947002263155,0.028981784423473878,8.3,1.9675,0.092,1.8755,0.1,1.2955000000000005,0.04439148449901298,18.43000030517578,-0.05195474285673918,107.06999969482422,0.0833754701113476
2012-03-01,0.0332364856312265,0.0577505756037792,0.1143043932848998,0.6972111553784861,0.0307996634900465,0.0356189144210409,-0.0048192509309943,0.0307883325548766,0.0357861750102822,-0.0049978424554055,0.0293385602910285,0.0366245557581497,-0.0072859954671212,0.0317517413756993,0.0347689051610137,-0.0030171637853143,0.0,-0.0084,-0.005,-0.0077,0.013,0.0066,0.0311,0.044,0.0505,0.0075,-0.0757,0.0046,-0.0167,0.0202,-0.0029,-0.0349,0.0256,0.0042,-0.0093,0.0154,-0.0153,-0.0184,-0.0036,-0.0206,0.0106,0.0199,0.0173,-0.0008,-0.0148,0.0247,0.0015,-0.0007,0.033999999999999996,0.06326400767155578,0.004783333333333338,0.00020000000000000456,0.02439163791138282,-0.002758333333333337,0.003433333333333325,0.010839003644247062,-0.008858333333333338,-0.004533333333333345,0.019113311242866006,0.011208333333333329,0.003033333333333317,0.014425359614234867,-0.0033333333333333353,0.04797147990547745,0.0473955793351321,0.07401147059375435,0.07548892426569585,-0.10442843330469953,0.6779548472775566,0.045816733067729154,0.16145197727532715,-0.268601432896429,-0.004953339822036063,-0.0066947058974458394,0.002015246170687279,-0.004343797016889,0.046728947002263155,0.025828752813320977,8.2,2.1727272727272724,0.08409090909090909,2.0886363636363634,0.13,1.245909090909091,0.028286925428470555,15.5,-0.15897993796304688,103.0199966430664,-0.03782575010088085
2012-04-01,-0.0017680079741266,0.065280523769161,0.1395604036934295,0.448207171314741,-1.9634361344279943e-05,-0.0034851606295379,0.0034655262681936,-0.0040583605984957,0.0006063942878339,-0.0046647548863297,-0.0059912702561941,0.0019206641456538,-0.007911934401848,0.0041740654885936,-0.0078728779700721,0.0120469434586658,0.0,-0.0617,-0.0008,-0.0095,0.0203,0.0236,-0.0084,0.0311,0.044,0.0505,0.1134,0.029,-0.0048,-0.0167,0.0202,0.0325,-0.0053,0.0119,0.0042,-0.0093,0.0006,-0.0244,-0.0061,-0.0036,-0.0206,-0.0225,0.0112,0.007,-0.0008,-0.0148,-0.0073,-0.0086,0.041866666666666656,0.041158603798800895,0.006991666666666671,-0.0004333333333333284,0.018313647006172037,-0.00529166666666667,0.0022666666666666586,0.009577821603405836,-0.0063333333333333375,-0.010100000000000012,0.016630453992600477,0.009258333333333328,-0.0028666666666666827,0.014489398423214986,-0.0026916666666666686,0.023493934557148946,0.025026472458654594,0.0625052336282969,0.06991761467965334,0.13038741322760172,0.5989375830013283,-0.24900398406374508,0.13671558186614527,0.22095397808183947,-0.002551430720156963,-0.00407446023440584,-0.0035955505973793212,0.0021380439179835673,0.041753133320122204,0.022731633741348567,8.2,2.052857142857143,0.0838095238095238,1.9690476190476192,0.14,1.2323809523809532,0.0390402975636337,17.149999618530273,0.10645158829227563,103.0199966430664,0.0
2012-05-01,-0.0563455251372577,0.0733677968507171,0.1626783389711023,0.1513944223107569,-0.0499003851003726,-0.0626474398399899,0.0127470547396173,-0.05290206317219,-0.0599311483761126,0.0070290852039225,-0.0521381148821755,-0.0600049113675184,0.0078667964853429,-0.0518742395228789,-0.0609597285566624,0.0090854890337834,0.0001,0.039,0.0089,0.0055,-0.0106,0.0045,-0.0616,-0.0084,0.0311,0.044,-0.0027,-0.0127,-0.005,-0.0048,-0.0167,-0.003,-0.0072,-0.0077,0.0119,0.0042,-0.0052,-0.0185,0.013,-0.0061,-0.0036,0.0194,0.0192,0.0066,0.007,-0.0008,0.0144,-0.0143,0.022233333333333327,0.024927468115849,0.003875000000000005,-0.008833333333333328,0.012062946019388229,-0.0052666666666666695,0.0027999999999999917,0.010533897664207724,-0.004941666666666671,0.0010999999999999881,0.014868546219004337,0.00940833333333333,0.004266666666666651,0.013418556802676842,-0.0014250000000000016,-0.00829234916005262,0.015831681627104178,0.06546629874121924,0.07144472991521854,0.12388492944930363,0.43227091633466147,-0.29681274900398413,0.13884771198314388,0.16564824023048574,0.003797776692272204,-0.000877837379270906,-0.00244371112787542,0.006038422902378301,0.041753133320122204,0.01737942937466075,8.2,1.8031818181818182,0.08954545454545454,1.7136363636363636,0.16,1.267272727272728,0.040185114178595605,24.059999465942383,0.40291545195989253,86.52999877929688,-0.160065991080377
2012-06-01,0.0343824292643212,0.0681889774813081,0.1547408649044916,0.6693227091633466,0.0343764419037986,0.0343882841611154,-1.1842257316804772e-05,0.0388173523648029,0.0297652490501211,0.0090521033146817,0.0333378427560568,0.0352915254723505,-0.0019536827162936,0.0355289640279521,0.0332099548001557,0.0023190092277964,0.0,0.0079,-0.0281,-0.0006,0.0104,0.0001,0.039,-0.0617,-0.0084,0.0311,0.0075,-0.0174,-0.0008,-0.005,-0.0048,-0.0029,0.0006,-0.0095,-0.0077,0.0119,0.0154,-0.002,0.0203,0.013,-0.0061,0.0106,0.0227,0.0236,0.0066,0.007,0.0247,-0.0142,-0.013000000000000006,0.04177477707899831,-0.0002083333333333283,-0.003533333333333328,0.012061122114740166,-0.004733333333333337,-0.0017666666666666748,0.011209579236825425,-0.004191666666666671,0.009066666666666655,0.015080804576237573,0.009499999999999996,0.012399999999999986,0.01498004227853396,0.0017333333333333315,-0.00791036794902105,0.020030555978228212,0.06894576603372889,0.07147861831374148,-0.0705870912267742,0.4229747675962816,0.5179282868525896,0.15232653585634115,-0.04879244598151866,0.0054002462501647015,0.0038054778774248275,-0.0006662735442662205,0.007817147240081868,0.041753133320122204,0.01653870448297634,8.2,1.6223809523809525,0.09142857142857143,1.530952380952381,0.16,1.3804761904761902,0.037105509068513065,17.079999923706055,-0.29010805058897515,84.95999908447266,-0.01814399303100256
2012-07-01,0.0046972229668482,0.0744841347267139,0.1598399889028176,0.5258964143426295,0.0033405705920473,0.0060180166885707,-0.0026774460965233,0.0089067110633798,0.0003346625758973,0.0085720484874824,0.0072662378605076,0.0024506785619327,0.0048155592985748,0.0070778725376153,0.0022736788092205,0.0048041937283948,0.0,0.0254,0.0044,0.0123,-0.015,-0.0086,0.0079,0.039,-0.0617,-0.0084,0.0505,-0.0235,0.0089,-0.0008,-0.005,0.0202,-0.0111,0.0055,-0.0095,-0.0077,-0.0093,-0.0091,-0.0106,0.0203,0.013,-0.0206,0.0268,0.0045,0.0236,0.0066,-0.0148,-0.0173,-0.010366666666666675,0.04327478480593522,0.004491666666666672,0.0010333333333333384,0.012761504613485337,-0.00404166666666667,-0.003900000000000008,0.00918181173117091,-0.0035666666666666707,0.007566666666666655,0.015220731476071312,0.006724999999999996,0.01156666666666665,0.012457246886852577,0.003291666666666665,-0.005755290968696117,0.008869321794226429,0.07201363635291319,0.0672594349906049,0.09231927912588844,0.44887118193891107,-0.14342629482071712,0.15908639759280385,0.032952665745233034,0.0033525887952590688,0.008217745668695528,0.0035762243558747128,0.005402897329991534,0.0429367804045071,0.014175114798464783,8.2,1.5266666666666668,0.09714285714285714,1.4295238095238096,0.16,1.476666666666667,0.03418677881567289,18.93000030517578,0.10831384014832657,84.95999908447266,0.0
2012-08-01,0.0309016642009301,0.064584045684568,0.1548273206945767,0.6115537848605578,0.0327490109336461,0.0291110342538677,0.0036379766797784,0.028779022193083,0.0330915392135507,-0.0043125170204677,0.0340097790548069,0.0281706846222099,0.0058390944325969,0.0341226531761435,0.0276373435354672,0.0064853096406763,0.0001,0.0273,0.0057,0.0162,-0.013,0.0156,0.0255,0.0079,0.039,-0.0617,0.044,-0.0596,-0.0281,0.0089,-0.0008,-0.0167,-0.0309,-0.0006,0.0055,-0.0095,0.0042,-0.0243,0.0104,-0.0106,0.0203,-0.0036,0.0341,0.0001,0.0045,0.0236,-0.0008,-0.0026,-0.004933333333333339,0.0397872718340929,0.007108333333333338,-0.006666666666666661,0.012930699903717814,-0.005458333333333337,-0.0015333333333333414,0.008209669096051782,-0.0028583333333333373,0.006699999999999988,0.0123330450416757,0.005358333333333329,0.009399999999999983,0.00883462883581789,0.004741666666666665,0.023327105477366484,0.007517378158656946,0.06908571929753016,0.06727600901937457,-0.13291540646165567,0.6022576361221781,0.08565737051792832,0.15646939150062864,-0.031360539015606315,0.00031622944197943456,0.004437211593898795,0.0029003236716260462,0.004536170865622501,0.0429367804045071,0.016859349154821235,8.1,1.6782608695652175,0.10260869565217391,1.5756521739130436,0.13,1.4321739130434783,0.02285596731143258,17.469999313354492,-0.07712630577306967,96.47000122070312,0.13547554449460963
2012-09-01,0.0235264573874752,0.0578095395444885,0.130825786227862,0.6175298804780877,0.0210876204621724,0.02589041774051,-0.0048027972783376,0.0282096349502539,0.018694943883794,0.0095146910664599,0.0215464402381762,0.0252662214098718,-0.0037197811716956,0.0216770538731532,0.0254007407697029,-0.0037236868965497,0.0001,-0.0176,-0.0083,0.0352,-0.014,0.0252,0.0274,0.0254,0.0079,0.039,0.0311,-0.0757,0.0044,-0.0281,0.0089,-0.0048,-0.0349,0.0123,-0.0006,0.0055,0.0119,-0.0153,-0.015,0.0104,-0.0106,-0.0061,0.0199,-0.0086,0.0001,0.0045,0.007,0.0015,0.024099999999999993,0.03711715236922146,0.014191666666666672,-0.004933333333333328,0.012878923350446434,-0.00251666666666667,0.0057333333333333255,0.009481016119945564,0.0001916666666666629,-0.0050666666666666785,0.014420956972406562,0.0012666666666666623,-0.0013333333333333496,0.010583320209965535,0.004241666666666665,0.019708448185084482,0.005899040118031729,0.06562590665192362,0.06728583634282613,-0.10489442196245435,0.5849933598937583,0.005976095617529875,0.14849769860841877,-0.15502131251151607,-0.001280755565027497,0.004591407511158194,0.0023116241864920457,0.0025219388241738004,0.0429367804045071,0.019497168982819613,7.8,1.7231578947368422,0.10526315789473684,1.6178947368421053,0.14,1.3563157894736846,0.022951570495009843,15.729999542236328,-0.09959930392144123,92.19000244140625,-0.04436611096858112
2012-10-01,-0.0054636700909771,0.0792252904326946,0.1513881722280459,0.4661354581673306,-0.0017846488634206,-0.0090297389124243,0.0072450900490037,0.0041565212278697,-0.0153885733520498,0.0195450945799196,-0.0071495251219107,-0.0039823748755124,-0.0031671502463983,-0.0020787769629399,-0.0088940998978667,0.0068153229349267,0.0001,0.0078,0.004,-0.0086,0.0038,0.0081,-0.0175,0.0273,0.0254,0.0079,-0.0084,0.1134,0.0057,0.0044,-0.0281,-0.005,0.0325,0.0162,0.0123,-0.0006,-0.0077,0.0006,-0.013,-0.015,0.0104,0.013,-0.0225,0.0156,-0.0086,0.0001,0.0066,-0.0073,0.020199999999999992,0.03662313021393269,0.022775000000000007,-0.005999999999999994,0.013485609614202627,0.0008666666666666632,0.00929999999999999,0.010489423244392464,0.002816666666666663,-0.005866666666666677,0.015435511005470515,-0.0014750000000000043,0.00236666666666665,0.011374474346828733,0.005416666666666664,0.016321483832476048,0.00528309643188998,0.06720629188725052,0.06960996412008172,0.37045358010030816,0.5650730411686588,-0.15139442231075706,0.14568042638349488,0.15717380031158346,0.002026756483481503,0.008249089541970595,-0.00034927899516565405,0.003192315226351101,0.0364947953445276,0.021556780595369363,7.8,1.7461904761904763,0.10476190476190476,1.6414285714285715,0.16,1.1190476190476195,0.019430024786973865,18.600000381469727,0.18245396838869654,86.23999786376953,-0.06454067057236923
2012-11-01,0.020184414365889,0.0657049988172978,0.1358567187818884,0.5677290836653387,0.0204335580944323,0.0199450197397669,0.0004885383546654,0.0098367776171125,0.0308583279490863,-0.0210215503319738,0.0233778008032583,0.0174017954785547,0.0059760053247036,0.0204004366914682,0.0199674319410849,0.0004330047503832,0.0001,0.0118,0.0192,0.0348,-0.0172,0.008,0.0079,-0.0176,0.0273,0.0254,-0.0617,-0.0027,-0.0083,0.0057,0.0044,-0.0008,-0.003,0.0352,0.0162,0.0123,-0.0095,-0.0052,-0.014,-0.013,-0.015,0.0203,0.0194,0.0252,0.0156,-0.0086,0.0236,0.0144,0.01169999999999999,0.03747486713340915,0.011858333333333339,0.0006000000000000056,0.013674745579595781,-0.002533333333333337,0.021233333333333326,0.015436936224523329,0.005699999999999997,-0.014000000000000012,0.01511737411060536,-0.0007666666666666711,0.010733333333333317,0.013576106461967104,0.008124999999999999,0.012749067220795681,0.018038086349081096,0.06757994293149379,0.06833283111451184,-0.17065625814124208,0.5504648074369191,0.1015936254980081,0.13935689241259877,-0.10259357265217162,0.0009769437084438364,0.002679411771468561,-0.0003036420311300873,0.0011748802629200673,0.0364947953445276,0.017960197033926262,7.7,1.654,0.0935,1.5605,0.16,1.0114999999999994,0.023257536633332743,15.869999885559082,-0.14677421720003891,88.91000366210938,0.030960179319085457
2012-12-01,0.0207876542834955,0.0538867121500262,0.1157170833015704,0.603585657370518,0.0190595696528872,0.0224481182111669,-0.0033885485582797,0.0228473471374194,0.0186630161594027,0.0041843309780166,0.0155220357072001,0.0253759526279852,-0.0098539169207851,0.0188703894728756,0.0227134402710514,-0.0038430507981757,0.0001,0.0557,0.0042,0.0101,-0.0201,0.0152,0.0119,0.0078,-0.0176,0.0273,0.039,0.0075,0.004,-0.0083,0.0057,0.0089,-0.0029,-0.0086,0.0352,0.0162,0.0055,0.0154,0.0038,-0.014,-0.013,-0.0106,0.0106,0.0081,0.0252,0.0156,0.0045,0.0247,0.005833333333333325,0.02000226653823683,0.01273333333333334,0.00046666666666667225,0.013968774701693571,-0.0019500000000000038,0.014266666666666658,0.015214072433112725,0.0054166666666666625,-0.007733333333333345,0.010762899237659017,-0.002066666666666671,0.01629999999999998,0.011850977456170649,0.007599999999999998,0.011836132852802448,0.01577229051894348,0.06627233380000634,0.06594912022596486,-0.17986891225938595,0.5458167330677293,0.03585657370517925,0.13432065810383492,-0.14824173335623714,0.0014483599484631361,0.0009026250753207948,-0.0023483539474932536,0.0011350922957114003,0.0364947953445276,0.017595049796895523,7.9,1.719,0.06999999999999999,1.649,0.16,0.9769999999999994,0.020268355938483085,18.020000457763672,0.13547577742334993,91.81999969482422,0.03272968072044957
2013-01-01,0.0706953488627419,0.0696646156375692,0.1384936501808472,0.8087649402390438,0.0692390542136057,0.0720946580690857,-0.0028556038554799,0.0680102973362674,0.0734650641760871,-0.0054547668398196,0.070709955525465,0.0706826210653482,2.733446011676799e-05,0.0738273014988607,0.0675494764371291,0.0062778250617315,0.0,0.0129,-0.0025,0.0021,-0.0059,0.0061,0.0557,0.0118,0.0078,-0.0176,0.0079,0.0505,0.0192,0.004,-0.0083,-0.0281,0.0202,0.0348,-0.0086,0.0352,-0.0006,-0.0093,-0.0172,0.0038,-0.014,0.0104,-0.0206,0.008,0.0081,0.0252,0.0001,-0.0148,0.000666666666666658,0.01618377788610153,0.013091666666666673,0.004966666666666671,0.01608345941228672,-0.0001083333333333373,0.020466666666666657,0.017939054229994037,0.007033333333333329,-0.009133333333333346,0.011583954419799872,-0.004383333333333338,0.01376666666666665,0.01176055554243357,0.006208333333333332,0.03722247250404211,0.026771978168259093,0.06308544220163122,0.06514586704444074,0.29279766491627246,0.660026560424967,0.20517928286852583,0.13002248408810202,0.19682976989593448,-0.0019185380196980635,-0.007430662064592273,-0.0012835257119882312,0.0009559263379796674,0.03605644601449809,0.01684061762098299,8.0,1.9147619047619049,0.07428571428571429,1.8404761904761906,0.14,0.9366666666666665,0.014467904237824847,14.279999732971191,-0.2075472047605389,97.48999786376953,0.06175123271390004
2013-02-01,0.0168445852992953,0.057512540414266,0.1274141240554995,0.5717131474103586,0.0199071100572872,0.0139013796877188,0.0060057303695684,0.0147346768036646,0.0190015899667035,-0.0042669131630388,0.0204082038263244,0.0137097839394191,0.0066984198869053,0.0181946643120219,0.0154885324856275,0.0027061318263944,0.0,0.0403,0.0088,-0.0022,0.0027,0.0141,0.0129,0.0557,0.0118,0.0078,0.0254,0.044,0.0042,0.0192,0.004,0.0044,-0.0167,0.0101,0.0348,-0.0086,0.0123,0.0042,-0.0201,-0.0172,0.0038,-0.015,-0.0036,0.0152,0.008,0.0081,-0.0086,-0.0008,0.025099999999999994,0.024377940848234123,0.013525000000000004,0.009133333333333337,0.008728268251301288,-0.0014416666666666707,0.012099999999999991,0.016571743018363123,0.008649999999999996,-0.011166666666666679,0.008417224403962828,-0.004341666666666672,0.010433333333333317,0.011322264202299157,0.008708333333333334,0.03610919614851088,0.024429131684653296,0.06035462273395395,0.06396728283272374,-0.17443683729663406,0.661354581673307,-0.23705179282868516,0.12720828584597238,-0.08000024629923363,-7.947401473039697e-05,-0.0018457830082806053,-0.001042720857920998,0.0017136353633167341,0.03605644601449809,0.020181404902574807,7.7,1.9842105263157896,0.09894736842105263,1.885263157894737,0.15,0.9499999999999997,0.015945538776370727,15.510000228881836,0.08613449011982044,92.05000305175781,-0.05580054293993786
2013-03-01,0.0455293187268862,0.0547336287305174,0.1201396523485228,0.749003984063745,0.0510855231889161,0.0402126058364956,0.0108729173524204,0.0466197017663735,0.0444195511000303,0.0022001506663432,0.0456046885627021,0.045462705552493,0.0001419830102091,0.0444670768198947,0.0466009610047361,-0.0021338841848414,0.0,0.0156,-0.0224,0.0044,0.0039,0.0043,0.0403,0.0129,0.0557,0.0118,0.0273,0.0311,-0.0025,0.0042,0.0192,0.0057,-0.0048,0.0021,0.0101,0.0348,0.0162,0.0119,-0.0059,-0.0201,-0.0172,-0.013,-0.0061,0.0061,0.0152,0.008,0.0156,0.007,0.02679999999999999,0.024193504637953313,0.010933333333333338,0.0069666666666666705,0.009241518634222087,-0.0002583333333333373,0.01566666666666666,0.01760053029504131,0.008474999999999996,-0.014400000000000012,0.008709458460011591,-0.004533333333333338,0.009766666666666651,0.007170123197453791,0.009283333333333333,0.04435641762964112,0.028096275241221796,0.06063692826078435,0.06345463103039523,-0.04831836089541408,0.709827357237716,0.1772908366533864,0.12868247552828985,-0.05709313438287322,0.00467434795550297,-0.0025071764455050715,0.0022892457857437353,0.0022833575677615008,0.03605644601449809,0.015187472411246183,7.5,1.9575,0.087,1.8705,0.14,0.9219999999999997,0.02534732272069462,12.699999809265137,-0.1811734608735902,97.2300033569336,0.0562737657082224
2013-04-01,0.0233440360368543,0.0750743300188536,0.1437351337831439,0.5836653386454184,0.0226921033665843,0.0239678681609919,-0.0012757647944075,0.0243313257536276,0.0223391945028938,0.0019921312507337,0.0252115631083021,0.0216934830649938,0.0035180800433083,0.0205848703582084,0.0261276191108864,-0.0055427487526779,0.0,0.0281,0.0204,0.0267,-0.02,-0.0095,0.0156,0.0403,0.0129,0.0557,-0.0176,-0.0084,0.0088,-0.0025,0.0042,-0.0083,-0.005,-0.0022,0.0021,0.0101,0.0352,-0.0077,0.0027,-0.0059,-0.0201,-0.014,0.013,0.0141,0.0061,0.0152,0.0252,0.0066,0.03629999999999999,0.025896055040617066,0.011700000000000007,0.003500000000000006,0.009458682078739832,0.000874999999999996,0.0033333333333333236,0.018897830563321293,0.007299999999999995,-0.007766666666666679,0.010236942903035113,-0.0038000000000000048,0.011799999999999984,0.007088417783022173,0.009874999999999998,0.028572646687678584,0.03289755959586036,0.062440166387879144,0.06276280429475505,0.37163078275851613,0.6347941567065075,-0.16533864541832666,0.13042963672905541,0.19640044709111582,0.005200960975860436,-2.4877081987305226e-05,0.0034528276468075796,-0.001656833703708299,0.032181668359853255,0.01138808047576867,7.6,1.7590909090909093,0.060000000000000005,1.6990909090909092,0.15,0.8577272727272729,0.017145631127746475,13.520000457763672,0.06456698116643378,93.45999908447266,-0.03877408353696299
2013-05-01,0.0255877624162997,0.0807719588837646,0.1627786699354205,0.5816733067729084,0.0192277577825375,0.0316736289192963,-0.0124458711367588,0.0148547174976101,0.0365116170224327,-0.0216568995248226,0.027136651411129,0.0242188273295834,0.0029178240815455,0.0222114812613016,0.0289939221655898,-0.0067824409042881,0.0,-0.012,0.0154,-0.0005,-0.0028,-0.0006,0.0281,0.0156,0.0403,0.0129,0.0078,-0.0617,-0.0224,0.0088,-0.0025,0.004,-0.0008,0.0044,-0.0022,0.0021,-0.0086,-0.0095,0.0039,0.0027,-0.0059,0.0038,0.0203,0.0043,0.0141,0.0061,0.0081,0.0236,0.02293333333333333,0.019368161158630118,0.013700000000000006,-0.005366666666666661,0.013902865412089486,-0.000575000000000004,0.001433333333333324,0.015105583956493286,0.008308333333333329,0.00023333333333332065,0.010883871860081218,-0.004558333333333338,0.00816666666666665,0.004386798376948531,0.009683333333333332,0.031487039060013385,0.03379811760426215,0.07019330587771201,0.06527396430583285,0.07589316965572834,0.6381142098273574,-0.0019920318725099584,0.14221781868902908,0.1324904750219802,-0.0009495728595819639,-0.005821539202581906,0.0021926290450209793,-0.004819691280602466,0.032181668359853255,0.013903888279197085,7.5,1.9281818181818182,0.04409090909090909,1.884090909090909,0.11,0.8327272727272721,0.015594777439077445,16.299999237060547,0.20562120452447918,91.97000122070312,-0.01594262656072587
2013-06-01,-0.009961778950207,0.0554786642301903,0.1200210213990921,0.3944223107569721,-0.0094628806053771,-0.0104413234799357,0.0009784428745585,-0.0089164470366829,-0.0110209869510788,0.0021045399143959,-0.0075906770981718,-0.012067238686039,0.0044765615878671,-0.0127070610989579,-0.0071800550030214,-0.0055270060959364,0.0,0.0565,0.0175,0.0058,-0.0135,0.0057,-0.012,0.0281,0.0156,0.0403,0.0118,0.039,0.0204,-0.0224,0.0088,0.0192,0.0089,0.0267,0.0044,-0.0022,0.0348,0.0055,-0.02,0.0039,0.0027,-0.0172,-0.0106,-0.0095,0.0043,0.0141,0.008,0.0045,0.027999999999999994,0.01766714464762208,0.021183333333333342,0.0022666666666666733,0.015874560361366676,0.001191666666666663,0.009633333333333325,0.014794694995166354,0.011324999999999995,-0.0044666666666666795,0.011164527158221596,-0.00791666666666667,0.002966666666666651,0.008906102776560851,0.006925,0.012990006500982315,0.02867321206531173,0.07044165104426965,0.06553928965252687,-0.31314449968921476,0.5199203187250997,-0.1872509960159363,0.14217827503921884,-0.26267353427381934,-0.004247731018869264,-0.005853409453231005,0.003637488570906979,-0.005950731917634133,0.032181668359853255,0.017157935271568725,7.5,2.3,0.0505,2.2495,0.09,0.9204999999999997,0.017645800035426706,16.860000610351562,0.0343559140799079,96.55999755859375,0.04990753807728976
2013-07-01,0.0557204689456035,0.0654101255294722,0.131640885732798,0.7828685258964143,0.0533525962315116,0.0580271035722619,-0.0046745073407502,0.0574044993198948,0.0540067640272717,0.0033977352926231,0.0531991332656623,0.0579512803496666,-0.0047521470840042,0.055594519377909,0.0558497623071305,-0.0002552429292215,0.0,-0.0271,-0.0003,-0.0273,0.0071,-0.0217,0.0565,-0.012,0.0281,0.0156,0.0557,0.0079,0.0154,0.0204,-0.0224,0.0042,-0.0281,-0.0005,0.0267,0.0044,0.0101,-0.0006,-0.0028,-0.02,0.0039,-0.0201,0.0104,-0.0006,-0.0095,0.0043,0.0152,0.0001,0.01056666666666666,0.023559428402800193,0.016933333333333342,0.0044666666666666735,0.015239477243877956,0.0017333333333333298,0.010199999999999992,0.010668020747386433,0.010824999999999994,-0.006300000000000013,0.0106990965350663,-0.007266666666666671,-0.0019333333333333494,0.0092750561543672,0.006499999999999999,0.023782150803898713,0.02617739874578866,0.06722024954780918,0.06483020796784404,0.17901406670633957,0.5863213811420984,0.3884462151394422,0.13814685902243687,0.09681524284873144,-0.005380645200983497,-0.005384874772601204,0.0008807461951361462,-0.0041882299764819985,0.03886733088877925,0.01885471805415806,7.3,2.5822727272727275,0.035454545454545454,2.546818181818182,0.09,0.9786363636363635,0.012364196654177428,13.449999809265137,-0.2022538954709635,105.02999877929688,0.08771749621848768
2013-08-01,-0.022528977404337,0.0584996264147741,0.1091679169297277,0.2111553784860557,-0.023512950586071,-0.0215704518048892,-0.0019424987811817,-0.0329823979773627,-0.0118913555877338,-0.0210910423896289,-0.0182620993131836,-0.0263041987607073,0.0080420994475236,-0.0296658650559705,-0.0152026148592973,-0.0144632501966731,0.0,0.0377,0.0265,-0.0118,-0.0054,-0.0132,-0.0271,0.0565,-0.012,0.0281,0.0129,0.0254,0.0175,0.0154,0.0204,-0.0025,0.0044,0.0058,-0.0005,0.0267,0.0021,0.0123,-0.0135,-0.0028,-0.02,-0.0059,-0.015,0.0057,-0.0006,-0.0095,0.0061,-0.0086,0.024199999999999996,0.023779795345348714,0.02098333333333334,0.017766666666666674,0.016213451205712104,0.00553333333333333,0.010666666666666658,0.01054300716114718,0.01135833333333333,-0.012100000000000014,0.00933995003555521,-0.009258333333333337,-0.0014666666666666827,0.007877499603300416,0.006966666666666665,0.007743237530353148,0.01961513829518328,0.05979613872481235,0.06499472230126205,-0.10564876704883253,0.4628154050464808,-0.5717131474103586,0.12027660802053929,-0.1707142023389715,-0.0018795210824577972,-0.005196255727536638,0.0025888379837955126,-0.006748499740610332,0.03886733088877925,0.01538809488600279,7.2,2.7372727272727273,0.04363636363636363,2.693636363636364,0.08,0.8822727272727269,0.022593571227008002,17.010000228881836,0.2646840498216487,107.6500015258789,0.024945280177404605
2013-09-01,0.0487340720551954,0.0552872440709942,0.1236746978006101,0.7629482071713147,0.0458985510429899,0.05149626062743,-0.0055977095844401,0.0374349015248559,0.0602323469120607,-0.0227974453872047,0.0544413275636554,0.0436844426958583,0.0107568848677971,0.0450744786792644,0.05249082277739,-0.0074163440981256,0.0,0.0417,-0.015,0.0122,0.0275,0.0089,0.0377,-0.0271,0.0565,-0.012,0.0403,0.0273,-0.0003,0.0175,0.0154,0.0088,0.0057,-0.0273,0.0058,-0.0005,-0.0022,0.0162,0.0071,-0.0135,-0.0028,0.0027,-0.013,-0.0217,0.0057,-0.0006,0.0141,0.0156,0.005799999999999993,0.031667207012933775,0.01660833333333334,0.010866666666666672,0.0160008333116333,0.005141666666666663,-0.007333333333333344,0.017368563556034246,0.008058333333333329,-0.0030666666666666793,0.010750565876579143,-0.007416666666666671,-0.005533333333333349,0.012660239597522032,0.005874999999999998,0.027308521198820615,0.02014926384990148,0.05973233200508032,0.06508699152467486,-0.0549128693746429,0.5856573705179283,0.551792828685259,0.12149450015437863,0.13288502042427486,-0.004071571902123997,-0.013496917494736837,0.004682279077105513,-0.007378279074673398,0.03886733088877925,0.010947341081747997,7.2,2.8095,0.016,2.7935,0.08,0.8255000000000008,0.02854766330187619,16.600000381469727,-0.024103459253101978,107.6500015258789,0.0
2013-10-01,0.0440256309976582,0.0600775037655454,0.1321320602056777,0.7211155378486056,0.043104017225571,0.044923409930812,-0.0018193927052409,0.0450685492059967,0.0429643353759569,0.0021042138300398,0.0446939632970745,0.0434343081813021,0.0012596551157723,0.0475788940410928,0.0403780335371412,0.0072008605039515,0.0,0.0312,0.0144,0.0019,0.0026,0.0006,0.0417,0.0377,-0.0271,0.0565,0.0156,-0.0176,0.0265,-0.0003,0.0175,-0.0224,-0.0083,-0.0118,-0.0273,0.0058,0.0044,0.0352,-0.0054,0.0071,-0.0135,0.0039,-0.014,-0.0132,-0.0217,0.0057,0.0043,0.0252,0.02236666666666666,0.031298604867736016,0.017475000000000008,0.014566666666666672,0.018001490679015273,0.0068749999999999966,-0.011100000000000011,0.01816290175054639,0.005724999999999997,-0.003933333333333346,0.01027412607800137,-0.006783333333333338,-0.009733333333333349,0.010794010684943052,0.003474999999999999,0.023410241882838845,0.023596196343368795,0.05795479141710472,0.06258752048245682,0.08664312672919716,0.5650730411686588,-0.041832669322709126,0.12165822497867185,0.06838393426845202,-0.003119867023620897,-0.013928091315597938,0.0066862131436976795,-0.0048929112636157315,0.046990274730504655,0.00876799143491147,7.2,2.6159090909090907,0.04727272727272727,2.5686363636363634,0.09,0.7804545454545462,0.024178437626957816,13.75,-0.17168676602267607,96.37999725341797,-0.10469116686219126
2013-11-01,0.0240967922699182,0.057401779470339,0.1324668708570179,0.6195219123505976,0.022623883073543,0.0255316089870768,-0.0029077259135338,0.0191607869768393,0.0291197756298355,-0.0099589886529961,0.0314553188482027,0.0175861617582672,0.0138691570899354,0.0236820312094211,0.0245225646860037,-0.0008405334765826,0.0,0.028,-0.0044,0.0,-0.0058,0.0008,0.0312,0.0417,0.0377,-0.0271,0.0281,0.0078,-0.015,0.0265,-0.0003,0.0204,0.004,0.0122,-0.0118,-0.0273,0.0267,-0.0086,0.0275,-0.0054,0.0071,-0.02,0.0038,0.0089,-0.0132,-0.0217,-0.0095,0.0081,0.017433333333333325,0.03292551695367391,0.02241666666666667,0.0037333333333333385,0.01545014563038184,0.006316666666666664,-0.008966666666666677,0.0188457687558773,0.003808333333333329,0.009733333333333321,0.01683750773323261,-0.0033250000000000046,-0.008666666666666684,0.01177636050172823,0.0021166666666666656,0.03895216510759058,0.02334770131897188,0.05758884243562635,0.05869249058021922,-0.04453787403765164,0.7011952191235062,-0.10159362549800799,0.12942454295443526,0.00253390926334629,-0.0034416094010715974,-0.010217406736720338,0.008628565691168278,-0.00035200569025223196,0.046990274730504655,0.012328701961954458,6.9,2.718421052631579,0.06789473684210527,2.6505263157894734,0.08,0.7536842105263162,0.02281966236973343,13.699999809265137,-0.003636377507990063,92.72000122070312,-0.037974643463533075
2013-12-01,0.0299338258808625,0.0523991797363541,0.1137375788203547,0.6872509960159362,0.0233613942103743,0.0363646103170728,-0.0130032161066985,0.0246421881491623,0.0352950904248218,-0.0106529022756595,0.029931542132007,0.0299358558798451,-4.313747838144422e-06,0.0296528091938022,0.0302210323627919,-0.0005682231689897,0.0,-0.033,0.006,-0.0199,-0.0391,-0.0154,0.028,0.0312,0.0417,0.0377,-0.012,0.0118,0.0144,-0.015,0.0265,0.0154,0.0192,0.0019,0.0122,-0.0118,-0.0005,0.0348,0.0026,0.0275,-0.0054,-0.0028,-0.0172,0.0006,0.0089,-0.0132,-0.0006,0.008,0.03686666666666666,0.03308659345817681,0.024366666666666672,0.008633333333333338,0.014884454978265314,0.00718333333333333,0.0007666666666666577,0.014185826259568667,0.004683333333333328,0.00823333333333332,0.014089913650078494,-0.003425000000000005,-0.0012333333333333495,0.011737702784900664,0.0014916666666666657,0.03268541638281295,0.029996968790816796,0.05662615432407966,0.05817924316457985,-0.0871506036946097,0.6759628154050467,0.06772908366533859,0.1261121699610168,-0.14138849899216843,-0.0059101115751577305,-0.0061692256995386045,0.005041499485956531,0.0019307012861264012,0.046990274730504655,0.015128383667573297,6.7,2.901904761904762,0.06666666666666668,2.835238095238095,0.09,0.7619047619047619,0.02245344069429267,13.720000267028809,0.0014598874483302549,92.72000122070312,0.0
2014-01-01,-0.0116791194279956,0.0736678724748759,0.1642871343610016,0.3705179282868526,-0.0065666641345061,-0.0166599235122107,0.0100932593777046,-0.0119961955159999,-0.0113592741165152,-0.0006369213994846,-0.0183073330344898,-0.0058115204976565,-0.0124958125368333,-0.0167061598354896,-0.0065192057057661,-0.0101869541297235,0.0,0.0468,0.0013,-0.0035,-0.0025,-0.0054,-0.033,0.028,0.0312,0.0417,0.0565,0.0557,-0.0044,0.0144,-0.015,0.0175,0.0042,0.0,0.0019,0.0122,0.0058,0.0101,-0.0058,0.0026,0.0275,-0.0135,-0.0201,0.0008,0.0006,0.0089,0.0057,0.0152,0.03363333333333333,0.02877596219068967,0.025716666666666676,-0.0016666666666666616,0.015560816173967458,0.005216666666666664,0.0046999999999999915,0.014206899732172438,0.0017833333333333286,0.008099999999999987,0.014369609134095062,-0.0024750000000000045,0.0034333333333333173,0.011817740900865872,0.0008916666666666656,0.014117166240928349,0.018763704061883615,0.06115627722718981,0.05955553432214714,0.4058974366685699,0.559096945551129,-0.3167330677290836,0.1368305280127914,0.4444402286819247,-0.0019392275475092306,-0.007082937442713405,0.0004563436017546643,-0.0038652369250985995,0.033009536352572866,0.01557758795574915,6.6,2.858095238095238,0.043333333333333335,2.8147619047619044,0.07,0.7052380952380961,0.01856627704298197,18.40999984741211,0.3418366974564908,97.48999786376953,0.05144517450676367
2014-02-01,0.0519124703649509,0.0594635635207317,0.1298751320198748,0.7848605577689243,0.0510587904525652,0.0527441671036271,-0.0016853766510619,0.0499704466449198,0.0538714549908337,-0.0039010083459139,0.051445430631563,0.0523259153748352,-0.0008804847432722,0.0499950348528143,0.0538805869919457,-0.0038855521391314,0.0,0.0041,-0.0113,0.049,0.0202,0.0192,0.0468,-0.033,0.028,0.0312,-0.0271,0.0129,0.006,-0.0044,0.0144,-0.0003,-0.0025,-0.0199,0.0,0.0019,-0.0273,0.0021,-0.0391,-0.0058,0.0026,0.0071,-0.0059,-0.0154,0.0008,0.0006,-0.0217,0.0061,0.008733333333333327,0.03380529051297546,0.018325000000000008,0.005333333333333338,0.014606528220856386,0.005366666666666663,-0.00600000000000001,0.01481207840468947,-0.0007166666666666714,-0.014100000000000015,0.02180104737545121,-0.004058333333333338,-0.004666666666666683,0.011796892246124178,-0.0016583333333333346,0.02338905893927258,0.031170612023431594,0.061843538577320716,0.0597161905064734,-0.1928155174969729,0.6142098273572378,0.4143426294820717,0.13596661506707705,-0.20946255149542314,-0.0015317777933519306,-0.005063610673686004,-0.004460203675981202,-0.004880243145948199,0.033009536352572866,0.011204746347724948,6.7,2.709473684210526,0.05263157894736842,2.6568421052631574,0.07,0.6499999999999995,0.02148610089064018,14.0,-0.23954371993283974,102.58999633789062,0.052313043244166746
2014-03-01,0.0038066716231922,0.0538560563080324,0.1216301735692595,0.5239043824701195,0.0008017999833047,0.0067341645942413,-0.0059323646109365,0.0125399876928314,-0.0050029179492385,0.0175429056420699,-0.0006435886388045,0.0077462462813533,-0.0083898349201578,0.004805939734924,0.0027809911384631,0.0020249485964609,0.0,-0.0019,-0.0407,0.0122,0.034,0.0093,0.0041,0.0468,-0.033,0.028,0.0377,0.0403,0.0013,0.006,-0.0044,0.0265,0.0088,-0.0035,-0.0199,0.0,-0.0118,-0.0022,-0.0025,-0.0391,-0.0058,-0.0054,0.0027,-0.0054,-0.0154,0.0008,-0.0132,0.0141,0.013933333333333327,0.029413942272330677,0.021150000000000006,0.0009666666666666721,0.014514957802212423,0.005683333333333329,-0.007800000000000009,0.011187031181983357,-0.001183333333333338,-0.015800000000000012,0.02133067431345451,-0.0037750000000000045,-0.006666666666666683,0.009242889158699141,-0.0026166666666666677,0.014680007520049146,0.023682711951431065,0.06232916410121348,0.05947765921264644,-0.09430156688716218,0.5597609561752989,-0.26095617529880477,0.13859747998337865,-0.06348373489509584,0.0008251727052354033,0.00433499196555713,-0.007255377400087754,-0.004015852557464666,0.033009536352572866,0.016126949139408042,6.7,2.723333333333333,0.05238095238095238,2.670952380952381,0.08,0.6814285714285706,0.02724108069090181,13.880000114440918,-0.008571420397077256,101.58000183105469,-0.009844960940532776
2014-04-01,-0.0033386838139578,0.0563521961378436,0.1331988718689876,0.4760956175298805,-0.0052041467850477,-0.0015212585159431,-0.0036828882691045,0.0071997707699086,-0.0139691773024869,0.0211689480723956,-0.007757704675256,0.0005732362927651,-0.0083309409680212,0.0026130936448424,-0.0094477769765149,0.0120608706213574,0.0,0.0204,-0.0186,-0.001,-0.0009,-0.0096,-0.0019,0.0041,0.0468,-0.033,0.0417,0.0156,-0.0113,0.0013,0.006,-0.015,-0.0224,0.049,-0.0035,-0.0199,0.0122,0.0044,0.0202,-0.0025,-0.0391,0.0275,0.0039,0.0192,-0.0054,-0.0154,0.0089,0.0043,0.005966666666666661,0.029799798657037968,0.018133333333333338,-0.0013333333333333277,0.010987265355856642,0.00400833333333333,0.008533333333333325,0.023233718313405358,0.003083333333333329,-0.007133333333333346,0.02340234318752437,-0.0023166666666666713,-0.0005333333333333497,0.01185373358904266,-0.002191666666666668,0.017460152724728416,0.0157886594828284,0.056557271988869375,0.05885677460802947,0.046348358957707614,0.5949535192563082,-0.047808764940239,0.128234725819374,0.09511372022453446,-0.0037668765103676307,0.011603615122850528,-0.005867086877150388,0.003400089026228967,0.04721356792675957,0.02015125303606169,6.2,2.705238095238095,0.030952380952380953,2.6742857142857144,0.09,0.6638095238095234,0.029123215934373725,13.40999984741211,-0.03386169042893705,99.73999786376953,-0.018113840658768643
2014-05-01,0.0251921029474068,0.0559417351115573,0.1076015027101037,0.6832669322709163,0.0221646301838215,0.0281546084843056,-0.005989978300484,0.0214017927901549,0.0289988927140379,-0.0075970999238829,0.0310443745791612,0.0199874187503136,0.0110569558288475,0.0220652906239938,0.0283874857165086,-0.0063221950925147,0.0,0.0261,0.0306,-0.0071,-0.0183,-0.0191,0.0204,-0.0019,0.0041,0.0468,0.0312,0.0281,-0.0407,-0.0113,0.0013,0.0144,0.0204,0.0122,0.049,-0.0035,0.0019,0.0267,0.034,0.0202,-0.0025,0.0026,-0.02,0.0093,0.0192,-0.0054,0.0006,-0.0095,0.016333333333333328,0.028686558989649995,0.016675000000000006,-0.016899999999999995,0.01922450692909117,0.002483333333333329,0.019233333333333325,0.023233718313405358,0.0037333333333333294,0.017233333333333323,0.02499909331689188,0.00019166666666666234,0.007699999999999982,0.01190502694943043,-0.0017750000000000014,0.008553363585547051,0.015971211262409832,0.05538332918581124,0.05861343388156585,-0.007283851463078195,0.5610889774236388,0.20717131474103578,0.12081018271611697,-0.19217406874182152,-0.005201743726841664,0.010371584596860862,-0.0018879400197771533,0.0025878747084345337,0.04721356792675957,0.02166947687079812,6.3,2.559047619047619,0.03238095238095238,2.526666666666667,0.09,0.6009523809523802,0.03226027611336124,11.399999618530273,-0.14988816195025756,102.70999908447266,0.029777434171992967
2014-06-01,0.0289401878889351,0.0512556435836038,0.1092721896716391,0.6792828685258964,0.0263472859969588,0.0314774481094097,-0.0051301621124509,0.0268757314687187,0.0310136202066306,-0.0041378887379119,0.0306300754125995,0.0274372961158401,0.0031927792967594,0.0223739171945886,0.0356504557476312,-0.0132765385530426,0.0,-0.0203,-0.042,-0.0008,0.0093,0.0051,0.0261,0.0204,-0.0019,0.0041,0.028,-0.012,-0.0186,-0.0407,-0.0113,-0.0044,0.0154,-0.001,0.0122,0.049,0.0,-0.0005,-0.0009,0.034,0.0202,-0.0058,-0.0028,-0.0096,0.0093,0.0192,0.0008,-0.0006,0.007533333333333329,0.02759925119757181,0.01603333333333334,-0.023533333333333326,0.016871919471911745,-0.0007666666666666702,0.02006666666666666,0.02338116050726883,0.0014249999999999957,0.017766666666666656,0.025010990917328092,0.0017833333333333288,0.0062999999999999836,0.012759689128919434,-0.0017833333333333347,0.016931202340794684,0.01580560493042193,0.054516524944335044,0.05842284452277413,-0.08376736114117012,0.6128818061088979,-0.003984063745019917,0.1166908547502435,0.01552661365739949,-0.004934342894013131,0.0031446531368669282,0.0019729313858619126,-0.0025126210080666333,0.04721356792675957,0.020589816945944195,6.1,2.5985714285714288,0.03571428571428571,2.562857142857143,0.1,0.5490476190476183,0.03365841732090935,11.569999694824219,0.014912287893204645,102.70999908447266,0.0
2014-07-01,-0.0213231853501667,0.0556370832831871,0.1257950581850224,0.2968127490039841,-0.0254705217235101,-0.0172821909351142,-0.0081883307883958,-0.0251899093107362,-0.0174564613895973,-0.0077334479211388,-0.0212209881676412,-0.0214144926689805,0.0001935045013393,-0.0202491445933595,-0.0224159866442108,0.0021668420508513,0.0,0.0424,0.0029,-0.0057,-0.0064,-0.0069,-0.0203,0.0261,0.0204,-0.0019,-0.033,0.0565,0.0306,-0.0186,-0.0407,0.006,0.0175,-0.0071,-0.001,0.0122,-0.0199,0.0058,-0.0183,-0.0009,0.034,-0.0391,-0.0135,-0.0191,-0.0096,0.0093,-0.0154,0.0057,0.014866666666666662,0.027371475419981823,0.019208333333333338,-0.009566666666666659,0.024190804037898528,0.0004999999999999964,0.0013666666666666575,0.023926951331082715,0.0008749999999999956,0.004933333333333322,0.02618220769912273,0.0004916666666666623,-0.006466666666666683,0.014865530599342832,-0.0033250000000000016,0.010936368495391716,0.014198260610060081,0.054278153992782886,0.05541771299082599,0.08548209315597943,0.553120849933599,-0.3824701195219123,0.11422291685558844,0.1512083592635438,-0.006436157067110231,-0.006489478860977871,0.004814413208982079,-0.005810630531568666,0.05015914390594034,0.019742378703305974,6.2,2.5422727272727275,0.026363636363636363,2.515909090909091,0.09,0.5727272727272723,0.03917788807990186,16.950000762939453,0.46499578306142486,98.16999816894531,-0.044202131788487975
2014-08-01,0.0487725582152687,0.0526226385008535,0.0933849317871067,0.8326693227091634,0.0507030881630337,0.0468832789074132,0.0038198092556204,0.0433415392447737,0.0542270880903978,-0.010885548845624,0.0535966342522301,0.0444427522640615,0.0091538819881685,0.0433523716426029,0.0542634428736649,-0.0109110712310619,0.0,-0.0196,-0.0366,-0.0147,0.012,-0.0059,0.0424,-0.0203,0.0261,0.0204,0.0468,-0.0271,-0.042,0.0306,-0.0186,0.0013,-0.0003,-0.0008,-0.0071,-0.001,-0.0035,-0.0273,0.0093,-0.0183,-0.0009,-0.0025,0.0071,0.0051,-0.0191,-0.0096,-0.0054,-0.0217,0.00873333333333333,0.023569528350534913,0.01280833333333334,-0.009999999999999993,0.027374349307335292,-0.004458333333333338,-0.002966666666666676,0.021058173393403982,0.0003249999999999957,-0.0033000000000000126,0.018445993241532663,0.002391666666666662,-0.007866666666666683,0.013908474634792443,-0.003375000000000001,0.01879652025134568,0.01367494191844638,0.05317178845588161,0.054277558820846304,-0.054180496252659194,0.6029216467463482,0.5358565737051793,0.1094840598812561,-0.25764228631498465,-0.003166227881742098,-0.007585628501558237,0.004180055262089079,-0.007340255911084399,0.05015914390594034,0.017150983482969062,6.1,2.42,0.032857142857142856,2.387142857142857,0.09,0.6147619047619051,0.031253041765382905,12.09000015258789,-0.2867256868198952,95.95999908447266,-0.022511960127261754
2014-09-01,-0.020170700422907,0.0503777735897652,0.1163324341865891,0.2788844621513944,-0.0255167307692886,-0.0149389014941831,-0.0105778292751054,-0.0303603449985248,-0.0099369448318103,-0.0204234001667144,-0.010708308238098,-0.0286635852117314,0.0179552769736333,-0.0253964542870231,-0.0148767845518676,-0.0105196697351555,0.0,0.0251,0.0366,-0.0163,-0.0039,0.0021,-0.0196,0.0424,-0.0203,0.0261,0.0041,0.0377,0.0029,-0.042,0.0306,-0.0113,0.0265,-0.0057,-0.0008,-0.0071,0.049,-0.0118,-0.0064,0.0093,-0.0183,0.0202,-0.0054,-0.0069,0.0051,-0.0191,0.0192,-0.0132,0.016066666666666663,0.022325769863545633,0.018600000000000005,-0.002833333333333328,0.02755397732935619,-0.004191666666666671,-0.004533333333333343,0.02131878670719015,0.002124999999999996,-0.0051333333333333465,0.018909195294000977,0.0012666666666666623,-0.0069666666666666835,0.014036048826741263,-0.002141666666666668,0.0024262241473983156,0.009678713244096514,0.052879165124602084,0.05369784503446844,-0.04265967984581165,0.4694555112881808,-0.553784860557769,0.11183747471957277,0.2457302474857157,-0.004982116935960265,-0.01301413231115907,0.009100887821047047,-0.006421299638455366,0.05015914390594034,0.016840509711232077,5.9,2.5342857142857143,0.02,2.5142857142857142,0.09,0.6904761904761907,0.0289843352202952,16.309999465942383,0.34904873946185955,91.16000366210938,-0.05002079479114929
2014-10-01,0.041596862746792,0.0687109540359949,0.1592161816643635,0.7111553784860558,0.0469664927300619,0.036296074173564,0.0106704185564979,0.0432590686606418,0.0399130697431519,0.0033459989174899,0.0357840734493354,0.0467716629750155,-0.0109875895256801,0.0384706272438385,0.0447636987108228,-0.0062930714669842,0.0,0.0256,-0.023,-0.0313,0.0157,0.0014,0.0251,-0.0196,0.0424,-0.0203,-0.0019,0.0417,-0.0366,0.0029,-0.042,-0.0407,-0.015,-0.0147,-0.0057,-0.0008,0.0122,0.0122,0.012,-0.0064,0.0093,0.034,0.0275,-0.0059,-0.0069,0.0051,0.0093,0.0089,0.0008333333333333283,0.025788582745083194,0.013825000000000006,-0.02523333333333333,0.02910058418657619,-0.009450000000000005,-0.007066666666666676,0.008952485688343835,0.0018833333333333295,0.004966666666666654,0.017978514955357187,0.0027166666666666624,-0.0025666666666666832,0.010290659194952709,-0.0015333333333333345,0.023399573513051216,0.01716797100422148,0.05723712204220468,0.05575763801749365,0.3639140664595446,0.6075697211155381,0.4322709163346614,0.12297784921268647,0.3686310509843871,0.0013041328456709692,-0.009320983364949504,0.005373856478707246,-0.0092412708110672,0.04188338786735879,0.016095417021513292,5.7,2.304090909090909,0.01681818181818182,2.2872727272727276,0.09,0.7727272727272729,0.029919466037849007,14.029999732971191,-0.1397915271384379,80.54000091552734,-0.1164984896879313
2014-11-01,0.0329848941940031,0.063602127191867,0.1222285870419348,0.7290836653386454,0.0338038893718946,0.032172898974897,0.0016309903969976,0.0235836019963251,0.0424672320140748,-0.0188836300177496,0.0407362389286149,0.0260527972768706,0.0146834416517443,0.0360675420633119,0.0298756717740967,0.0061918702892152,0.0,-0.0005,0.0283,0.0212,-0.0121,0.009,0.0256,0.0251,-0.0196,0.0424,0.0204,0.0312,0.0366,-0.0366,0.0029,-0.0186,0.0144,-0.0163,-0.0147,-0.0057,-0.001,0.0019,-0.0039,0.012,-0.0064,-0.0009,0.0026,0.0021,-0.0059,-0.0069,-0.0096,0.0006,0.01596666666666666,0.026100785428795095,0.012441666666666672,0.0009666666666666735,0.03350059203456969,-0.005150000000000004,-0.012233333333333344,0.006629630457272972,-0.000491666666666671,0.0005666666666666542,0.011055797875624728,9.999999999999571e-05,-0.0035666666666666837,0.008645557626125958,-0.002100000000000001,0.018137018839296016,0.018466769545320866,0.06089695160587585,0.057034370030878606,-0.07435243646088208,0.5730411686586988,0.017928286852589626,0.13259240096429584,-0.23231052419282727,0.0005745265594633692,-0.011987010422324704,0.007217043033232513,-0.0035402903043081657,0.04188338786735879,0.01231524989320798,5.8,2.3255555555555554,0.021666666666666667,2.303888888888889,0.09,0.8633333333333333,0.0338610667511996,13.329999923706055,-0.0498930735985762,66.1500015258789,-0.17866897474636334
2014-12-01,0.0062661238466235,0.052516693266378,0.1160225607885216,0.5378486055776892,0.0085685635425325,0.0039833631224744,0.0045852004200581,0.0093558744979987,0.003149737413771,0.0062061370842277,0.0053487657539295,0.0070865253929353,-0.0017377596390058,0.0081080994453305,0.0044082691479277,0.0036998302974027,0.0,-0.0309,-0.0093,-0.0345,0.0158,-0.0164,-0.0005,0.0256,0.0251,-0.0196,0.0261,0.028,-0.023,0.0366,-0.0366,0.0306,-0.0044,-0.0313,-0.0163,-0.0147,-0.0071,0.0,0.0157,-0.0039,0.012,-0.0183,-0.0058,0.0014,0.0021,-0.0059,-0.0191,0.0008,0.010366666666666661,0.026504748002323452,0.011975000000000006,-0.007666666666666659,0.033916117112665,-0.00826666666666667,-0.020766666666666676,0.010815498139244522,-0.0032583333333333375,0.00793333333333332,0.013086481574510457,0.0011916666666666623,-0.0008000000000000168,0.008821885663885287,-0.0020333333333333345,0.026949293595806185,0.014687758871602265,0.06160992483141345,0.05724454497800763,-0.17429344606742225,0.659362549800797,-0.19123505976095623,0.1324891098316067,-0.05077393434388633,0.005628869791184536,-0.0031104980053440045,0.0006526974956861456,0.0011995430398779004,0.04188338786735879,0.006531213919623191,5.6,2.2072727272727275,0.02909090909090909,2.178181818181818,0.12,0.9490909090909097,0.03170492700276073,19.200000762939453,0.44036015550114116,53.27000045776367,-0.19470900636451804
2015-01-01,-0.01519265091399,0.0737943423360442,0.1727105840283414,0.3426294820717131,-0.0116022171855017,-0.0187523971747135,0.0071501799892118,-0.0125842160324206,-0.0178235723031592,0.0052393562707385,-0.0215940418962983,-0.0094678297102997,-0.0121262121859986,-0.0129266931287341,-0.0174781428180844,0.0045514496893502,0.0,0.0614,0.0036,-0.0179,-0.011,-0.0175,-0.0309,-0.0005,0.0256,0.0251,-0.0203,-0.033,0.0283,-0.023,0.0366,-0.042,0.006,0.0212,-0.0313,-0.0163,-0.0008,-0.0199,-0.0121,0.0157,-0.0039,0.0093,-0.0391,0.009,0.0014,0.0021,0.0051,-0.0154,0.016733333333333326,0.026140957646319487,0.009600000000000006,0.013966666666666674,0.03343953747686523,-0.00554166666666667,-0.008800000000000011,0.017699792842478922,-0.0014916666666666709,-0.00010000000000001327,0.011349302474895469,0.0006666666666666623,0.004166666666666649,0.006196127823084199,-0.0013500000000000012,0.008019455708878848,0.015709514610965047,0.06330438759809655,0.060270754820150485,0.4051597262938962,0.5365205843293495,-0.1952191235059761,0.13698724395293263,0.4885948289242388,0.0044554569354225025,-0.002479378887594471,0.0002731566089133122,0.0048143834253227,0.050343306776739816,-0.002299309782054282,5.7,1.8815000000000002,0.027500000000000004,1.854,0.11,0.9910000000000005,0.027262407410550527,20.969999313354492,0.09218742083758436,48.2400016784668,-0.09442460552041898
2015-02-01,0.0584105190607663,0.07399134375813,0.1797857718883427,0.7569721115537849,0.0564317300972673,0.0603723952980815,-0.0039406652008142,0.0495962114348771,0.0673008120972235,-0.0177046006623463,0.0620638462352023,0.0551433158966365,0.0069205303385657,0.0563398831205778,0.060499005310784,-0.0041591221902061,0.0,-0.0109,0.0308,-0.0038,0.0007,-0.0062,0.0614,-0.0309,-0.0005,0.0256,0.0424,0.0468,-0.0093,0.0283,-0.023,0.0029,0.0013,-0.0345,0.0212,-0.0313,-0.0057,-0.0035,0.0158,-0.0121,0.0157,-0.0064,-0.0025,-0.0164,0.009,0.0014,-0.0069,-0.0054,-0.001933333333333339,0.028729595657904224,0.009775000000000008,-0.0013333333333333263,0.02864858926136982,-0.006816666666666671,-0.014866666666666679,0.020159538685198177,-0.002708333333333338,0.006466666666666654,0.012397647626330912,0.005241666666666663,-0.0020000000000000174,0.008857407446124671,-0.0014333333333333349,0.016494663997799915,0.017315841418547983,0.06676745978685088,0.06383220569636323,0.002669600620447188,0.5458167330677293,0.41434262948207173,0.15617297223506862,0.04096557197004347,0.002598238402818569,-0.002086369102460038,-0.0023144804954795544,0.0013640525988489341,0.050343306776739816,-0.0008703146293520536,5.5,1.9752631578947368,0.017894736842105265,1.9573684210526316,0.11,0.9005263157894738,0.0130473816054415,13.34000015258789,-0.36385309540318045,48.2400016784668,0.0
2015-03-01,-0.0005617448733782,0.0477853572688646,0.1081487937560985,0.4183266932270916,0.0062657630384194,-0.0073308980166989,0.0135966610551183,0.0032070517347413,-0.0043630311074298,0.0075700828421711,-0.0032163646436569,0.001812305327684,-0.005028669971341,-0.0001214562198107,-0.0010058291187867,0.000884372898976,0.0,0.006,-0.0301,0.018,0.0005,-0.0062,-0.0109,0.0614,-0.0309,-0.0005,-0.0196,0.0041,0.0036,-0.0093,0.0283,-0.0366,-0.0113,-0.0179,-0.0345,0.0212,-0.0147,0.049,-0.011,0.0158,-0.0121,0.012,0.0202,-0.0175,-0.0164,0.009,-0.0059,0.0192,0.009999999999999995,0.03397748764500797,0.010991666666666672,0.00753333333333334,0.028665077475330047,-0.006625000000000003,-0.010400000000000012,0.019821848215206085,-0.0039083333333333374,-0.002433333333333345,0.01324669770169161,0.004533333333333329,-0.008300000000000017,0.010706773556959075,-0.0024416666666666684,0.014218707757799348,0.020584000676802782,0.06519034778767974,0.06340013630954647,-0.3541763827797214,0.50597609561753,-0.33864541832669326,0.1535483832242609,-0.3984574384269678,0.005602058614505302,-0.0016317205164789047,-0.0034114506062579548,0.0004255667993733672,0.050343306776739816,-0.00022031284423873476,5.4,2.0427272727272725,0.027727272727272725,2.0149999999999997,0.11,0.8995454545454549,-2.7479483621140055e-05,15.289999961853027,0.1461768955742364,48.2400016784668,0.0
2015-04-01,0.0008179585242389,0.0783531195690528,0.1450324196838643,0.4183266932270916,-0.0019542966484844,0.0035783664526345,-0.0055326631011189,0.0048166592972165,-0.0031979040546311,0.0080145633518477,-0.0035399981561838,0.0047330334281961,-0.0082730315843799,-0.0016734644831197,0.0033200743342043,-0.0049935388173241,0.0,0.0138,0.0082,-0.0111,-0.0176,-0.0083,0.006,-0.0109,0.0614,-0.0309,0.0251,-0.0019,0.0308,0.0036,-0.0093,0.0366,-0.0407,-0.0038,-0.0179,-0.0345,-0.0163,0.0122,0.0007,-0.011,0.0158,-0.0039,0.034,-0.0062,-0.0175,-0.0164,0.0021,0.0093,0.0065333333333333285,0.03261040733671797,0.009741666666666671,0.008366666666666673,0.024369543833783053,-0.0031166666666666704,-0.01873333333333334,0.020409768902823682,-0.008308333333333338,0.0018333333333333214,0.012447757495495659,0.00290833333333333,-0.013366666666666685,0.0107150361641946,-0.004558333333333334,0.019555577570542312,0.013787516639710598,0.06670994019868261,0.06500716389838947,0.6396888931519022,0.5312084993359896,0.0,0.14432232844276852,0.3410451901197089,0.0013744442510617363,-0.0007066514894425053,-0.0021270570723850545,-0.002756096036184733,0.0434555271487731,-0.0010403098939391064,5.4,1.935,0.023181818181818182,1.9118181818181819,0.12,0.9613636363636364,-0.0064445725580629665,14.550000190734863,-0.04839763067131375,59.630001068115234,0.23611109024344556
2015-05-01,0.0189255636836132,0.0555856661871288,0.1156382177296018,0.6135458167330677,0.0191854901736322,0.0186667479905601,0.000518742183072,0.0174518553382684,0.0204055969574788,-0.0029537416192104,0.0172988276378846,0.0203869810255076,-0.0030881533876229,0.0170710737582354,0.0207880127932201,-0.0037169390349846,0.0,-0.0154,0.029,-0.0082,0.0035,-0.0154,0.0138,0.006,-0.0109,0.0614,0.0256,0.0204,-0.0301,0.0308,0.0036,-0.023,-0.0186,0.018,-0.0038,-0.0179,-0.0313,-0.001,0.0005,0.0007,-0.011,0.0157,-0.0009,-0.0062,-0.0062,-0.0175,0.0014,-0.0096,0.01883333333333333,0.03195864515275957,0.010400000000000006,0.001433333333333341,0.025628012018102525,-0.002233333333333337,-0.0012333333333333432,0.024039197157975173,-0.007825000000000006,-0.0032666666666666794,0.012238627374015508,0.00011666666666666282,-0.009966666666666684,0.010200473845202718,-0.005850000000000001,0.006393925778157946,0.011444294887978948,0.06057471434168221,0.06367108706426643,-0.29057494464989353,0.4833997343957505,0.19521912350597614,0.12293981038985491,-0.20267331965042557,0.002860913379023802,0.004210301524936128,-0.005463284981114588,-0.0026087016511108993,0.0434555271487731,0.0003503321824429584,5.6,2.1975000000000002,0.0165,2.181,0.12,0.9074999999999993,-0.01460487812501221,13.84000015258789,-0.04879725284121206,60.29999923706055,0.011235924147980025
2015-06-01,-0.0166671902370471,0.0520664835758074,0.1191698744503676,0.3147410358565737,-0.015806986475153,-0.0175237179144887,0.0017167314393357,-0.0200316620903855,-0.0132882785903468,-0.0067433835000386,-0.0122229718317962,-0.0206597604303823,0.008436788598586,-0.0166543302204031,-0.0166801054468956,2.577522649244504e-05,0.0,0.0157,-0.0458,-0.0416,0.0031,-0.0244,-0.0154,0.0138,0.006,-0.0109,-0.0005,0.0261,0.0082,-0.0301,0.0308,0.0283,0.0306,-0.0111,0.018,-0.0038,0.0212,-0.0071,-0.0176,0.0005,0.0007,-0.0121,-0.0183,-0.0083,-0.0062,-0.0062,0.009,-0.0191,0.0029666666666666596,0.031042127289647364,0.009850000000000006,0.0029666666666666743,0.023051485852326466,-3.903127820947816e-18,0.001033333333333323,0.021401627663957434,-0.008666666666666671,-0.0054666666666666796,0.012115568496773126,-0.0012750000000000038,-0.006900000000000016,0.009543793794922333,-0.005741666666666668,0.0010254439902683127,0.007622075874033849,0.06200175644399647,0.06359605211583799,-0.06331097300289779,0.44887118193891123,-0.29880478087649404,0.12661350395461127,0.030540566865393304,-0.001099063159570397,-0.0005608539224671054,-0.0009747987911389212,-0.002894900875272084,0.0434555271487731,0.001795718097550525,5.3,2.3636363636363638,0.015000000000000001,2.3486363636363636,0.13,0.9345454545454546,-0.021063902272837942,18.229999542236328,0.3171964841942265,59.470001220703125,-0.013764478057361251
2015-07-01,0.0219961784679817,0.0730091243506718,0.1636116738463495,0.6115537848605578,0.0223679492990408,0.0216259964011579,0.0007419528978829,0.0162193210885281,0.0277978292267462,-0.0115785081382181,0.0234250754552256,0.0207124945891975,0.0027125808660281,0.0215077228823815,0.0224867304294857,-0.0009790075471042,0.0,-0.0602,0.0029,0.0275,0.0066,0.0129,0.0157,-0.0154,0.0138,0.006,-0.0309,-0.0203,0.029,0.0082,-0.0301,-0.0093,-0.042,-0.0082,-0.0111,0.018,-0.0345,-0.0008,0.0035,-0.0176,0.0005,0.0158,0.0093,-0.0154,-0.0083,-0.0062,-0.0164,0.0051,0.0014666666666666589,0.032283680087623265,0.006391666666666673,0.0023666666666666753,0.02319281497935673,-0.00013333333333333686,-0.000433333333333344,0.01725403334489268,-0.008758333333333338,-0.004533333333333347,0.011682936274755657,0.0005416666666666628,-0.009966666666666683,0.005319273133301641,-0.005433333333333335,0.008084850638182579,0.013820214104362466,0.060220424704536146,0.06346518245160924,0.4022288300759256,0.5132802124834,0.2968127490039841,0.13280658867543968,0.3729281380966061,0.0009924755067635363,-0.007091877752489037,0.0026870720256637463,-0.0015567237851987846,0.03355371544332053,0.0022568611104094582,5.2,2.3245454545454547,0.03227272727272727,2.2922727272727275,0.13,1.0509090909090917,-0.016903126553953207,12.119999885559082,-0.3351618107571117,47.119998931884766,-0.20766776585366853
2015-08-01,-0.0549723216512037,0.0537721961359478,0.1151152648344172,0.1015936254980079,-0.0495372923341259,-0.0603842231839535,0.0108469308498275,-0.0557044902283739,-0.0542307260108081,-0.0014737642175657,-0.0504886544999937,-0.0590021763377163,0.0085135218377226,-0.0533522574875265,-0.0566132450101214,0.0032609875225948,0.0,-0.0306,-0.028,0.0055,0.018,-0.0059,-0.0602,0.0157,-0.0154,0.0138,0.0614,0.0424,-0.0458,0.029,0.0082,0.0036,0.0029,-0.0416,-0.0082,-0.0111,-0.0179,-0.0057,0.0031,0.0035,-0.0176,-0.011,-0.0064,-0.0244,-0.0154,-0.0083,-0.0175,-0.0069,0.004699999999999992,0.027452261594751524,0.009391666666666673,-0.0028666666666666584,0.031210281425624382,-0.0004500000000000042,-0.02030000000000001,0.019413054027294843,-0.012158333333333339,-0.0036666666666666796,0.008732162771425422,2.4999999999996234e-05,-0.016033333333333347,0.00735581402701278,-0.00789166666666667,-0.016547777806756387,-0.005076926014299202,0.059615934687475815,0.060095324514578885,-0.2634866311000619,0.34262948207171334,-0.5099601593625499,0.13263227104371147,-0.29641166716181944,0.004435205062348703,-0.006598551951940804,0.006554297100778914,0.0007692517339943488,0.03355371544332053,0.002413037985344868,5.1,2.1671428571428573,0.0719047619047619,2.0952380952380953,0.14,1.1523809523809527,-0.016854337113987983,28.43000030517578,1.3457096182855564,49.20000076293945,0.04414265446103838
2015-09-01,-0.0259612839448897,0.063372893562714,0.1485417850705059,0.3306772908366533,-0.0268861524901599,-0.0250403510104504,-0.0018458014797095,-0.0247680093698594,-0.0271699225702422,0.0024019132003828,-0.0291657279237406,-0.0230811764011451,-0.0060845515225955,-0.0255137038963292,-0.0264146268266935,0.0009009229303642,0.0,0.0775,-0.0206,-0.0047,0.0095,0.0061,-0.0306,-0.0602,0.0157,-0.0154,-0.0109,-0.0196,0.0029,-0.0458,0.029,0.0308,-0.0366,0.0275,-0.0416,-0.0082,-0.0038,-0.0147,0.0066,0.0031,0.0035,0.0007,0.012,0.0129,-0.0244,-0.0154,-0.0062,-0.0059,-0.019966666666666674,0.02835291872100654,0.0008416666666666728,-0.004633333333333325,0.031192221252528237,-0.0004500000000000042,-0.007433333333333341,0.02430744741843539,-0.009391666666666671,0.004399999999999987,0.008651165624739148,0.0011083333333333294,-0.008966666666666684,0.012386067441551603,-0.006241666666666669,-0.01964580904270392,-0.009310182526217785,0.06338473801644467,0.06269324723022046,0.17854389659841208,0.3479415670650732,0.2290836653386454,0.1424229079170909,0.2903743503015841,0.003247694089333636,-0.0035501197184670042,0.0017138503937184125,0.0010609676352849337,0.03355371544332053,8.842961634170088e-05,5.0,2.172857142857143,0.024285714285714285,2.1485714285714286,0.14,1.272380952380952,-0.022407414414912674,24.5,-0.13823426883538625,45.09000015258789,-0.08353659647597966
2015-10-01,0.0725282649807494,0.0779499663316842,0.1750703310813184,0.7828685258964143,0.0678088270673622,0.0772276201796116,-0.0094187931122493,0.0718557573586427,0.0732094314992781,-0.0013536741406354,0.0745735168994538,0.0706900223655576,0.0038834945338962,0.0785384061752665,0.0664407399940282,0.0120976661812383,0.0,0.0057,0.033,-0.0043,-0.0265,-0.0106,0.0775,-0.0306,-0.0602,0.0157,0.006,0.0251,-0.028,0.0029,-0.0458,-0.0301,0.0366,0.0055,0.0275,-0.0416,0.018,-0.0163,0.018,0.0066,0.0031,0.0005,-0.0039,-0.0059,0.0129,-0.0244,-0.0062,0.0021,-0.025033333333333338,0.029790630518112066,-7.499999999999376e-05,-0.023633333333333326,0.028375670329820843,0.00026666666666666245,-0.0028666666666666753,0.02455677096036857,-0.007708333333333338,0.00923333333333332,0.011543786207306587,0.0016083333333333295,-0.005800000000000017,0.012395066222762374,-0.006241666666666669,-0.002801780205114688,0.0026415352165339648,0.06503168534344882,0.06262605502399235,0.2300206278973942,0.405046480743692,0.452191235059761,0.1462424603287472,0.1785931547693509,-0.00013922124737709694,-0.0001418417192727713,0.002104154949674446,0.005419858878065768,0.02920141207505833,0.0012761656067050708,5.0,2.07,0.016666666666666666,2.0533333333333332,0.12,1.3895238095238098,-0.027250660674994598,15.069999694824219,-0.38489797163982775,46.59000015258789,0.03326679962128831
2015-11-01,0.0068980145087486,0.0670874415585425,0.1378853876409539,0.5537848605577689,0.0061449112768555,0.0076511177406418,-0.0015062064637862,0.0041479353147371,0.0096953053627432,-0.0055473700480061,0.008087153513204,0.0058335433031475,0.0022536102100564,0.008931742981245,0.0048469037416156,0.0040848392396293,0.0,-0.0215,-0.0295,-0.0257,0.0034,0.0012,0.0057,0.0775,-0.0306,-0.0602,0.0138,0.0256,-0.0206,-0.028,0.0029,0.0082,-0.023,-0.0047,0.0055,0.0275,-0.0111,-0.0313,0.0095,0.018,0.0066,-0.0176,0.0157,0.0061,-0.0059,0.0129,-0.0083,0.0014,-0.004433333333333335,0.04741441412341472,0.004291666666666673,-0.015233333333333326,0.027317521849538406,-0.004500000000000005,0.009433333333333325,0.02259412903093784,-0.006741666666666671,0.011366666666666655,0.011836342340436165,0.002724999999999996,0.004366666666666651,0.013679717346007727,-0.005908333333333336,0.017821665181536075,0.0006369436873898642,0.06947010048431372,0.06454301758589463,-0.13935252681086052,0.555776892430279,-0.22908366533864544,0.15383250126425943,-0.21240002923792078,-0.00425693368524833,-0.0014997103294195713,1.7517740452379558e-05,0.0056944761170772676,0.02920141207505833,0.004363182169185187,5.1,2.263157894736842,0.12631578947368421,2.136842105263158,0.12,1.4021052631578943,-0.04033068306068888,16.1299991607666,0.07033838668931347,46.59000015258789,0.0
2015-12-01,-0.017107698514265,0.0812558804365622,0.138921514441372,0.350597609561753,-0.012881551312432,-0.0213159383127005,0.0084343870002684,-0.018777494194287,-0.0154020703089207,-0.0033754238853663,-0.0189362214244828,-0.0154774491726251,-0.0034587722518576,-0.0205542253071563,-0.0136169854804393,-0.006937239826717,0.0001,-0.0574,-0.0344,0.0208,0.0278,0.0305,-0.0214,0.0057,0.0775,-0.0306,-0.0154,-0.0005,0.033,-0.0206,-0.028,0.029,0.0283,-0.0043,-0.0047,0.0055,-0.0082,0.0212,-0.0265,0.0095,0.018,0.0035,-0.0121,-0.0106,0.0061,-0.0059,-0.0154,0.009,0.017533333333333328,0.0470614668987981,0.0026333333333333395,-0.005199999999999992,0.0319354609590448,0.00016666666666666276,-0.0011666666666666754,0.022422934687502467,-0.004491666666666672,0.00033333333333331977,0.015154625256556772,-0.0007916666666666702,-0.0034666666666666826,0.013794407079199334,-0.006908333333333336,0.020772860325077646,0.0005635256411868807,0.07543109610892978,0.0694079170626871,0.2111936086526105,0.5624169986719789,-0.20318725099601587,0.15062574438788148,0.007514406117609118,-0.0008302041919223633,-0.003425489358002605,0.000892777497365013,0.0030817551980501998,0.02920141207505833,0.006387247515364791,5.0,2.2427272727272727,0.22863636363636364,2.014090909090909,0.24,1.4845454545454548,-0.04496144811599123,18.209999084472656,0.12895226484358968,37.040000915527344,-0.20497959231129304
2016-01-01,-0.0539405163754012,0.0858630887188052,0.2154970130586073,0.247011952191235,-0.0510033075624484,-0.0568652793882992,0.0058619718258508,-0.0454478629140233,-0.0626154156192122,0.0171675527051889,-0.0607798783109041,-0.0478427719991698,-0.0129371063117342,-0.0493595931351787,-0.0585801694007548,0.0092205762655761,0.0001,-0.0007,0.0087,-0.0061,0.0331,0.0194,-0.0573,-0.0215,0.0057,0.0775,0.0157,-0.0309,-0.0295,0.033,-0.0206,-0.0458,-0.0093,-0.0257,-0.0043,-0.0047,-0.0416,-0.0345,0.0034,-0.0265,0.0095,0.0031,0.0158,0.0012,-0.0106,0.0061,-0.0244,-0.0164,0.020566666666666664,0.047493059142012205,0.0008833333333333396,-0.005699999999999991,0.028224079553931865,-0.004650000000000004,-0.011566666666666675,0.024106631176227595,-0.008400000000000005,-0.004533333333333347,0.015153184483797514,0.0004999999999999964,-0.0011000000000000161,0.013237635740569314,-0.0075583333333333344,-0.021383400126972554,-0.012092590166043603,0.07806880357130344,0.071550244457376,0.05669999829538397,0.3837981407702525,-0.103585657370518,0.16410130504697776,0.5512141076575428,0.00426338412077767,0.0027482529239388283,-0.004714089451178453,0.0021227252261628005,0.025598763120982637,0.012375025026943876,4.8,2.0852631578947367,0.2573684210526316,1.8278947368421052,0.34,1.446315789473684,-0.03236256019749162,20.200000762939453,0.109280712713689,33.619998931884766,-0.09233266466278345
2016-02-01,0.0131173122540242,0.0788156050251742,0.1728935126402219,0.5199203187250996,0.0132360867544644,0.0129990410353654,0.000237045719099,0.0051510115319298,0.0212545636353909,-0.016103552103461,0.0183265091020552,0.0084729680762615,0.0098535410257937,0.0146141716613907,0.011601262341435,0.0030129093199557,0.0002,0.0695,0.01,0.0122,0.0068,0.0001,-0.0005,-0.0574,-0.0215,0.0057,-0.0602,0.0614,-0.0344,-0.0295,0.033,0.0029,0.0036,0.0208,-0.0257,-0.0043,0.0275,-0.0179,0.0278,0.0034,-0.0265,0.0066,-0.011,0.0305,0.0012,-0.0106,0.0129,-0.0175,-0.024400000000000005,0.051203727077886334,-0.0013249999999999935,-0.010299999999999991,0.026005589142849173,-0.00674166666666667,-0.003066666666666676,0.019284233629228504,-0.003791666666666671,0.0015666666666666537,0.018404093747497283,0.0014999999999999961,0.007033333333333318,0.014748152426660029,-0.0036500000000000018,-0.019310300878547352,-0.0007443178485056183,0.08197819139351402,0.07572414593891373,-0.08207815254248474,0.3725099601593627,0.2729083665338646,0.17577068004673377,-0.19769879783344746,0.004844468181739403,-0.0007704744278794716,-0.00218077917926602,0.0017654152529382671,0.025598763120982637,0.008472775790126619,4.9,1.7795,0.3145,1.465,0.38,1.3824999999999994,-0.031193297695960798,20.549999237060547,0.017326656480292302,33.75,0.003866777877614469
2016-03-01,0.0815541531203026,0.0636046855859043,0.1298943041338934,0.8764940239043825,0.085946531117292,0.0771803868944868,0.0087661442228051,0.0894222196971682,0.0735172439130321,0.015904975784136,0.0732673454544169,0.0889423912802489,-0.0156750458258319,0.0839472750173066,0.079130350173337,0.0048169248439696,0.0002,0.0091,0.0123,0.0322,-0.0285,0.0177,0.0697,-0.0007,-0.0574,-0.0215,-0.0306,-0.0109,0.0087,-0.0344,-0.0295,-0.028,0.0308,-0.0061,0.0208,-0.0257,0.0055,-0.0038,0.0331,0.0278,0.0034,0.018,0.0007,0.0194,0.0305,0.0012,-0.0059,-0.0062,-0.02653333333333334,0.04606755908445772,-0.0064999999999999945,-0.01839999999999999,0.026800074626761917,-0.006316666666666671,-0.0036666666666666757,0.015271727690954546,-0.002808333333333338,0.021433333333333318,0.021381432755235765,0.005174999999999996,0.017033333333333317,0.015597104432126651,-0.0005750000000000017,0.013576982999641848,0.017174921662359764,0.07609445977662804,0.07576277794277879,-0.19299375338692681,0.5478087649402392,0.3565737051792829,0.17276160994424092,-0.24870342356804642,0.00495505392258497,0.0056563254619546284,-0.006252870370590788,0.005683470143167134,0.025598763120982637,0.008916160965521946,5.0,1.8890909090909092,0.2972727272727273,1.5918181818181818,0.36,1.3131818181818184,-0.03515311400177057,13.949999809265137,-0.3211678672908539,38.34000015258789,0.1360000045211227
2016-04-01,0.0106550192361215,0.0715137031277762,0.1447053242019276,0.5099601593625498,0.0062602356701866,0.015031180837794,-0.0087709451676073,0.0160684763607154,0.0051253935037038,0.0109430828570115,0.0088577421857731,0.0122574108231791,-0.0033996686374059,0.0057738425441662,0.0155987751164352,-0.009824932572269,0.0001,0.0178,-0.0062,-0.0162,-0.011,-0.0254,0.0092,0.0695,-0.0007,-0.0574,0.0775,0.006,0.01,0.0087,-0.0344,-0.0206,-0.0301,0.0122,-0.0061,0.0208,-0.0047,0.018,0.0068,0.0331,0.0278,0.0095,0.0005,0.0001,0.0194,0.0305,0.0061,-0.0062,0.003799999999999993,0.052413525608059126,0.00020000000000000573,-0.005233333333333323,0.026695892318232675,-0.008050000000000003,0.008966666666666658,0.016184066238124496,-0.0014750000000000043,0.02256666666666665,0.02112320209311715,0.005683333333333329,0.016666666666666653,0.01479289243747364,-5.000000000000174e-05,0.035108828203482746,0.006862714038255118,0.07131133124628504,0.07469006740879412,0.12434646078377365,0.6354581673306775,-0.3665338645418327,0.14916438032534768,0.1140236299566082,7.741492476560398e-05,0.0035815021792288287,-0.0030737244791480215,-0.0006650328027812321,0.02362817853865229,0.011726257503534843,5.1,1.805238095238095,0.2280952380952381,1.577142857142857,0.37,1.1690476190476193,-0.026579036961380753,15.699999809265137,0.1254480303890546,45.91999816894531,0.19770469447548455
2016-05-01,0.0250051775567621,0.0635660037509774,0.1284919015607737,0.6613545816733067,0.0293345282647649,0.0206941715551491,0.0086403567096158,0.0143806046266777,0.0358577456141015,-0.0214771409874238,0.0264005167644274,0.0237611401908918,0.0026393765735355,0.0197341679942415,0.030343764164956,-0.0106095961707144,0.0001,-0.0003,0.0042,-0.0149,0.0145,0.019,0.0179,0.0091,0.0695,-0.0007,0.0057,0.0138,0.0123,0.01,0.0087,0.033,0.0082,0.0322,0.0122,-0.0061,-0.0043,-0.0111,-0.0285,0.0068,0.0331,-0.0265,-0.0176,0.0177,0.0001,0.0194,-0.0106,-0.0083,0.025966666666666662,0.04171179289681361,0.00045833333333333907,0.010333333333333342,0.026342317032992262,-0.004516666666666671,0.012766666666666657,0.020944569701953793,-0.000291666666666671,0.0037999999999999852,0.02606740621286798,0.003266666666666663,0.012399999999999986,0.0152789288455266,0.0019416666666666651,0.039071449971062044,0.009880574546257369,0.06622813082155278,0.07410316110753327,-0.11113533531606312,0.6826029216467465,0.15139442231075695,0.13436384329886494,-0.1120444097725738,0.002878518588271204,0.0017903058845745619,-0.005478445963234088,-0.005205867966337932,0.02362817853865229,0.010784764621246223,4.8,1.8061904761904761,0.27666666666666667,1.5295238095238095,0.37,1.0266666666666664,-0.02448153056399993,14.1899995803833,-0.09617835969594923,45.91999816894531,0.0
2016-06-01,0.0042262744713583,0.0665953306953215,0.1634064742340888,0.4860557768924303,0.0063038738329392,0.0021574784969027,0.0041463953360365,0.0043192148827148,0.0041313396305734,0.0001878752521413,0.0026771033856854,0.0056074631501509,-0.0029303597644655,0.0038955924244313,0.0045611960317073,-0.000665603607276,0.0002,0.0394,0.0247,-0.0124,0.0131,-0.0116,-0.0001,0.0178,0.0091,0.0695,-0.0215,-0.0154,-0.0062,0.0123,0.01,-0.0295,0.029,-0.0162,0.0322,0.0122,-0.0257,-0.0082,-0.011,-0.0285,0.0068,0.0034,0.0035,-0.0254,0.0177,0.0001,0.0012,-0.0154,0.032133333333333326,0.04228560038594703,0.0007916666666666724,0.005366666666666676,0.020804943322842155,-0.005716666666666671,0.009399999999999992,0.022490679551019965,-0.0007166666666666709,-0.010900000000000014,0.02320807330793895,0.003816666666666663,-0.0025333333333333492,0.019754164117977712,0.0005166666666666653,0.013295490421413945,0.013436236710527918,0.06722501252469185,0.07165973615065983,0.0476564006793887,0.552456839309429,-0.17529880478087645,0.14553456666559675,0.2717258617018856,0.00133860229268167,-0.0034487276260903384,-0.0012302172761119539,-0.007033377450086466,0.02362817853865229,0.010792865347959424,4.9,1.6440909090909093,0.2727272727272727,1.3713636363636366,0.38,1.0277272727272724,-0.01678117946525337,15.630000114440918,0.10147995607049332,48.33000183105469,0.05248266023972126
2016-07-01,0.044908449015052,0.0647139156870865,0.1579670905852208,0.6992031872509961,0.0420134582021735,0.0477911729177064,-0.0057777147155329,0.0339387337312517,0.0561135659143845,-0.0221748321831327,0.0457537951154169,0.0441547669496664,0.0015990281657504,0.0376269817608818,0.0522832684135064,-0.0146562866526246,0.0002,0.0049,0.0166,0.0317,-0.0185,-0.0036,0.0396,-0.0003,0.0178,0.0091,-0.0574,0.0157,0.0042,-0.0062,0.0123,-0.0344,-0.0458,-0.0149,-0.0162,0.0322,0.0208,-0.0416,0.0145,-0.011,-0.0285,0.0278,0.0031,0.019,-0.0254,0.0177,0.0305,-0.0244,0.008866666666666662,0.04070521670089314,0.0020500000000000054,0.0034333333333333425,0.0176723512866853,-0.0077833333333333365,0.0003666666666666575,0.02004651258116153,-0.0012750000000000042,-0.008333333333333347,0.02347044240457918,0.00473333333333333,0.003766666666666651,0.019998941638663403,0.003383333333333332,0.02471330034772411,0.029911064275603454,0.06495841671112862,0.06813487397870671,-0.02825145529860973,0.6155378486055779,0.21314741035856577,0.1499551554600278,-0.033287442706069204,0.00233634577670647,-0.014488032639471737,0.0004360149916068127,-0.008643828810204998,0.026683131153736106,0.008683633430518256,4.8,1.504,0.30100000000000005,1.2029999999999998,0.39,0.9340000000000006,-0.02196738284260069,11.869999885559082,-0.24056303271603208,41.599998474121094,-0.1392510470092554
2016-08-01,0.007362760760517,0.0696145063657907,0.1462164447148857,0.5059760956175299,0.0019143618547931,0.0128111596662408,-0.0108967978114476,0.0066881189110943,0.0080547753614269,-0.0013666564503326,0.0114476837473337,0.0037353491482237,0.0077123345991099,0.0053825633987488,0.0093768076498367,-0.0039942442510878,0.0002,0.0027,0.0181,-0.0119,-0.0218,0.0003,0.0051,0.0394,-0.0003,0.0178,-0.0007,-0.0602,0.0247,0.0042,-0.0062,0.0087,0.0029,-0.0124,-0.0149,-0.0162,-0.0061,0.0275,0.0131,0.0145,-0.011,0.0331,0.0066,-0.0116,0.019,-0.0254,0.0194,0.0129,0.01896666666666666,0.02740194640288658,0.004025000000000005,0.0075666666666666755,0.010124574065115395,-0.0019083333333333376,-0.014500000000000008,0.01926963068319338,0.0011583333333333291,0.005533333333333321,0.021569855508710958,0.005566666666666663,-0.006000000000000016,0.018809253042053484,0.004449999999999999,0.018832494748975744,0.02895197236001892,0.06697458424939971,0.06660135753547612,0.0757269997754455,0.563745019920319,-0.19322709163346619,0.15586333651139847,-0.07438667020328382,-0.004176039063647997,-0.007784537793774671,0.002127001000131613,-0.006438711503662799,0.026683131153736106,0.010553158595656864,4.9,1.556521739130435,0.2995652173913043,1.2569565217391305,0.4,0.9247826086956521,-0.02164263084601936,13.420000076293945,0.13058131471598222,44.70000076293945,0.07451928852225409
2016-09-01,0.0043245374229371,0.0598735085424327,0.1060221062086314,0.4840637450199203,0.0017398974660342,0.0068982717260134,-0.0051583742599791,0.0003314531393293,0.0084029440202972,-0.0080714908809678,0.0101934610687805,-0.000866303411235,0.0110597644800156,0.0003890514387318,0.0083102636537492,-0.0079212122150174,0.0002,-0.0201,-0.0402,0.0411,0.0099,0.0025,0.0029,0.0049,0.0394,-0.0003,0.0695,-0.0306,0.0166,0.0247,0.0042,0.01,-0.028,0.0317,-0.0124,-0.0149,0.0122,0.0055,-0.0185,0.0131,0.0145,0.0068,0.018,-0.0036,-0.0116,0.019,0.0001,-0.0059,0.014666666666666663,0.026536766947011504,0.009450000000000005,0.015166666666666676,0.010588610233013296,-0.000766666666666671,0.0014666666666666578,0.02302890936772012,0.0015083333333333292,0.0030333333333333197,0.01794866754571681,0.0034749999999999968,0.0012666666666666505,0.017114749973828565,0.0030749999999999983,0.018865249066168675,0.016080369743791335,0.06473397686510345,0.06597949469489751,-0.1399277008756442,0.5630810092961489,-0.021912350597609598,0.136735213836246,-0.27489615538547074,-0.0072776289289865305,-0.010537659838144371,0.006790375748291979,-0.008857247706243266,0.026683131153736106,0.015486446201652182,5.0,1.6304761904761906,0.29428571428571426,1.3361904761904764,0.4,0.8980952380952378,-0.019939516469206886,13.289999961853027,-0.009687042749765618,48.2400016784668,0.07919465000238524
2016-10-01,-0.0227099484517252,0.0619075688140103,0.1429657869583126,0.3346613545816733,-0.0245761090259917,-0.0208437878774587,-0.003732321148533,-0.0174749874366752,-0.0280340151861804,0.0105590277495051,-0.0252941240325731,-0.0204140474376652,-0.0048800765949079,-0.025706879332945,-0.019687619851173,-0.006019259481772,0.0002,0.0485,0.0696,0.0829,-0.0024,0.0371,-0.0199,0.0027,0.0049,0.0394,0.0091,0.0775,0.0181,0.0166,0.0247,0.0123,-0.0206,-0.0119,0.0317,-0.0124,0.0322,-0.0047,-0.0218,-0.0185,0.0131,-0.0285,0.0095,0.0003,-0.0036,-0.0116,0.0177,0.0061,0.015666666666666662,0.014700838978326004,0.012225000000000007,0.01980000000000001,0.011053943489392095,0.0030749999999999957,0.0024666666666666574,0.02370446512087264,5.833333333332908e-05,-0.009066666666666681,0.018321899464848097,0.00015833333333333007,-0.004966666666666683,0.017116658552416068,0.0035916666666666653,-0.003674216756090389,0.010519541795816885,0.06379852790741138,0.06437847230926987,0.03397262530783629,0.4415670650730414,-0.149402390438247,0.13173477929394328,0.34845262059766147,-0.006595831073319896,0.00037362680606822796,0.0046306741614058795,-0.005978238649292399,0.03548886021297282,0.01685924966243646,4.9,1.7645,0.3315,1.4329999999999998,0.4,0.8654999999999999,-0.015023811304759715,17.059999465942383,0.28367189728446807,46.86000061035156,-0.028606986320467653
2016-11-01,0.0484324436243792,0.0917594627597519,0.2309407300165477,0.6434262948207171,0.0440750058115117,0.0527715728750078,-0.0086965670634961,0.0509507382234177,0.0458821368058614,0.0050686014175563,0.0544912393127126,0.0430253908985359,0.0114658484141767,0.0511729927935146,0.0456570569658056,0.005515935827709,0.0001,0.0181,0.0044,0.0347,0.0124,-0.0032,0.0486,-0.0201,0.0027,0.0049,0.0178,0.0057,-0.0402,0.0181,0.0166,-0.0062,0.033,0.0411,-0.0119,0.0317,-0.0162,-0.0043,0.0099,-0.0218,-0.0185,-0.011,-0.0265,0.0025,0.0003,-0.0036,-0.0254,-0.0106,-0.004166666666666672,0.019879839033553632,0.004091666666666671,-0.0018333333333333257,0.023816268949326935,0.0014416666666666623,0.020299999999999988,0.02616661995749548,0.003874999999999995,-0.010133333333333348,0.016653047769102244,0.00019166666666666347,-0.00026666666666668256,0.014839901167685209,0.0032916666666666654,0.010015677531863677,0.014424086140419734,0.07118018003873178,0.06907738214406563,0.4822010380576569,0.48738379814077043,0.30876494023904383,0.1599762077278306,0.6153566173415161,-0.00586242082400273,0.002518712762031195,0.005881845433094813,-0.0028081786230267987,0.03548886021297282,0.016843334719788938,4.7,2.1420000000000003,0.4525,1.6895000000000002,0.41,0.8455000000000004,-0.011862778785850958,13.329999923706055,-0.21864007379851846,49.439998626708984,0.05505757538952083
2016-12-01,0.0159720313041222,0.0512406414965843,0.109665553135876,0.6135458167330677,0.0142879326855041,0.0176490834850055,-0.0033611507995013,0.0257332422715505,0.0061698068452341,0.0195634354263164,0.0102046128726057,0.0211650056687546,-0.0109603927961489,0.0198015676365448,0.0120940198282512,0.0077075478082935,0.0003,0.0194,-0.0144,-0.0276,-0.0051,-0.0106,0.0184,0.0485,-0.0201,0.0027,-0.0003,-0.0215,0.0696,-0.0402,0.0181,0.0042,-0.0295,0.0829,0.0411,-0.0119,-0.0149,-0.0257,-0.0024,0.0099,-0.0218,0.0145,0.0034,0.0371,0.0025,0.0003,0.019,0.0012,0.010366666666666663,0.026076841577665596,0.007658333333333339,0.015833333333333338,0.03535420767037507,0.004491666666666662,0.03736666666666666,0.03955211330215702,0.01114166666666666,-0.004766666666666681,0.01611591346051064,0.0021999999999999967,0.013299999999999985,0.01773690127013918,0.007266666666666665,0.01389817549225871,0.016381712279213718,0.06830255769011565,0.06651826727760941,-0.4415764875308339,0.5305444887118195,-0.029880478087649376,0.16119069003691214,-0.5251355049929127,-0.0052633463371767955,0.011730354864459261,-0.0014582069922933541,0.002401408051410168,0.03548886021297282,0.020507989115119862,4.7,2.491904761904762,0.5119047619047619,1.98,0.54,0.7719047619047625,-0.0002049641716570516,14.039999961853027,0.05326331899554693,53.720001220703125,0.08656963416018293
2017-01-01,0.033622976570968,0.0670484272099747,0.1327785034160319,0.6812749003984063,0.0310201985020606,0.0362148643550683,-0.0051946658530076,0.0167474112533857,0.0505694476251788,-0.0338220363717931,0.0430930328341136,0.0250961530033548,0.0179968798307588,0.0278240538055374,0.0394953034220369,-0.0116712496164995,0.0004,0.0355,-0.023,-0.015,0.0045,-0.018,0.0198,0.0181,0.0485,-0.0201,0.0394,-0.0574,0.0044,0.0696,-0.0402,0.0247,-0.0344,0.0347,0.0829,0.0411,-0.0124,0.0208,0.0124,-0.0024,0.0099,0.0131,0.0278,-0.0032,0.0371,0.0025,-0.0116,0.0305,0.015499999999999995,0.025339646143280475,0.010958333333333339,0.01126666666666667,0.03534151477606292,0.007316666666666662,0.052899999999999996,0.03596600709929677,0.016174999999999995,0.006633333333333318,0.015733711153655645,0.0029499999999999965,0.012133333333333317,0.017108292336369076,0.0069,0.032675817166489776,0.014500800205199718,0.0700161771554371,0.06690735253142412,0.3085009330814905,0.6460823373173973,0.06772908366533859,0.1577949288561519,0.21075852552823826,-0.005750794572001662,-0.0030633331759734755,0.006167445149595546,0.0005174113398343343,0.040707855307476226,0.025103933482571117,4.7,2.4325,0.519,1.9135,0.65,0.7389999999999994,-0.008031281419274894,11.989999771118164,-0.14601140999321627,53.720001220703125,0.0
2017-02-01,0.0398617186605782,0.0600535523069886,0.126031345419567,0.750996015936255,0.0397370947154225,0.0399858211666329,-0.0002487264512104,0.0330402891047033,0.0467118096851753,-0.0136715205804719,0.0388295763297758,0.0407910579703844,-0.0019614816406085,0.0332650476156481,0.0465418918706341,-0.013276844254986,0.0004,0.0017,0.0075,-0.0333,0.0063,-0.0095,0.0359,0.0194,0.0181,0.0485,0.0049,-0.0007,-0.0144,0.0044,0.0696,0.0166,0.0087,-0.0276,0.0347,0.0829,0.0317,-0.0061,-0.0051,0.0124,-0.0024,-0.0185,0.0331,-0.0106,-0.0032,0.0371,-0.0036,0.0194,0.028666666666666663,0.022764687566492154,0.01735833333333334,0.01986666666666667,0.03688438242219427,0.00898333333333333,0.02999999999999999,0.03969593178148108,0.012141666666666663,0.0016333333333333182,0.014090102909489383,0.0002083333333333302,0.0077666666666666535,0.01693478668303791,0.003474999999999999,0.029818908845222775,0.01991729318854325,0.059447540337849346,0.06531386018829044,-0.10432571193773632,0.6819389110225765,0.06972111553784865,0.12282513399049166,-0.05081513816528094,-0.0029348477012397633,-0.009310040508649541,0.001691668464667146,-0.0057468486877306655,0.040707855307476226,0.028103616813294208,4.6,2.4189473684210525,0.5263157894736842,1.8926315789473684,0.66,0.6894736842105265,-0.006864591168616152,12.920000076293945,0.07756466413085272,54.0099983215332,0.005398307785561274
2017-03-01,0.0031377225585667,0.0511106286184995,0.1100142929367772,0.5258964143426295,0.0010308092283269,0.0052446358888066,-0.0042138266604796,-0.0067711894620689,0.0131299027474432,-0.0199010922095121,0.008128440132678,-0.001338079710279,0.009466519842957,1.098606030400666e-05,0.0063172309808509,-0.0063062449205468,0.0003,0.0108,0.0041,-0.0205,0.0179,-0.016,0.002,0.0355,0.0194,0.0181,0.0027,0.0695,-0.023,-0.0144,0.0044,0.0181,0.01,-0.015,-0.0276,0.0347,-0.0119,0.0122,0.0045,-0.0051,0.0124,-0.0218,0.0068,-0.018,-0.0106,-0.0032,0.0003,0.0001,0.02433333333333333,0.024172856678514484,0.020375000000000004,-0.010999999999999994,0.038751744046773874,0.006341666666666661,-0.0026333333333333417,0.04262504740955331,0.011399999999999995,0.003933333333333317,0.012473879375185093,-0.002175000000000003,-0.010600000000000012,0.01907047456147849,0.0003583333333333323,0.025540805930037613,0.019719490711148185,0.05940420271182107,0.06385338020096823,-0.14891581505076734,0.6527224435590971,-0.22509960159362552,0.12294138059079207,-0.12708784810213636,-0.00321907298823253,-0.022464883053925706,0.008500639344369114,-0.010418112930677433,0.040707855307476226,0.0244119623655914,4.4,2.4817391304347827,0.7478260869565218,1.7339130434782608,0.79,0.675217391304348,0.007162067590550603,12.369999885559082,-0.04256967395410638,50.599998474121094,-0.06313645534872347
2017-04-01,0.0132334967083986,0.0483810284148266,0.1164819088051423,0.603585657370518,0.013205511654377,0.0132614817624202,-5.597010804323996e-05,0.0096256858592091,0.0168716252958166,-0.0072459394366075,0.0126249187734086,0.0137792848564452,-0.0011543660830365,0.0108643223526739,0.0156426571291989,-0.0047783347765249,0.0005,0.0107,-0.0299,-0.0382,0.0099,-0.0166,0.0113,0.0017,0.0355,0.0194,-0.0201,0.0091,0.0075,-0.023,-0.0144,-0.0402,0.0123,-0.0333,-0.015,-0.0276,0.0411,0.0322,0.0063,0.0045,-0.0051,0.0099,-0.0285,-0.0095,-0.018,-0.0106,0.0025,0.0177,0.01886666666666666,0.024297194625443257,0.014725000000000004,-0.00996666666666666,0.03813039470029136,0.006133333333333328,-0.025300000000000007,0.04630058314967534,0.007608333333333328,0.0018999999999999848,0.006844754682723726,-0.0022166666666666693,-0.012700000000000012,0.019590958799065063,-0.0004416666666666677,0.018744312642514475,0.025710064904502155,0.05318173644677171,0.061598956801104277,-0.05340572553014766,0.6268260292164677,0.07768924302788849,0.1175091823871622,0.058788869116142006,-0.0015061744065777434,-0.013606184075530506,0.002116890706437346,-0.0081204746506859,0.03884953918141698,0.02176223471915395,4.4,2.2973684210526315,0.8084210526315789,1.4889473684210526,0.9,0.7015789473684211,0.013993011097695573,10.819999694824219,-0.12530316936739472,49.33000183105469,-0.025098748643558433
2017-05-01,0.0194674123254094,0.0704557150028119,0.1420557065904245,0.6274900398406374,0.0155543601246308,0.023380464526188,-0.0078261044015572,0.0090970283361944,0.0299249423985673,-0.0208279140623729,0.0254660765858795,0.014087657869591,0.0113784187162885,0.0148729448024003,0.0241394236040811,-0.0092664788016807,0.0006,0.0078,0.0252,0.015,-0.0226,0.0004,0.0113,0.0108,0.0017,0.0355,0.0485,0.0178,0.0041,0.0075,-0.023,0.0696,-0.0062,-0.0205,-0.0333,-0.015,0.0829,-0.0162,0.0179,0.0063,0.0045,-0.0024,-0.011,-0.016,-0.0095,-0.018,0.0371,-0.0254,0.015999999999999997,0.016990193249832936,0.014866666666666672,-0.0037999999999999944,0.03251379194536795,0.005449999999999996,-0.022933333333333344,0.04586391464612095,0.0032166666666666615,0.009566666666666652,0.008691605145196242,0.001649999999999997,-0.014500000000000013,0.020500016260156108,-0.003250000000000001,0.011946210530791543,0.020882559688007184,0.056649124012046144,0.05804833217494761,0.4562674112404854,0.5856573705179284,0.0239043824701195,0.12285063611078136,0.21955167156526878,-0.004031967056693343,-0.015991648569497505,0.0065635241587363455,-0.006783686166250799,0.03884953918141698,0.018563431667619756,4.4,2.3036363636363637,0.9031818181818182,1.4004545454545454,0.91,0.6981818181818182,0.017500792534729248,10.40999984741211,-0.037892778093906454,48.31999969482422,-0.020474398920347192
2017-06-01,0.0108641603381403,0.0550177700489679,0.1386758859549005,0.5577689243027888,0.0153757921188934,0.0063336514369656,0.0090421406819278,0.0176455551895184,0.003997285719728,0.0136482694697904,0.0086269700276629,0.0128625991135074,-0.0042356290858444,0.0097474441318184,0.0120044359580977,-0.0022569918262793,0.0006,0.0188,-0.0164,-0.0023,-0.0075,-0.0015,0.0084,0.0107,0.0108,0.0017,0.0181,-0.0003,-0.0299,0.0041,0.0075,0.0044,0.0042,-0.0382,-0.0205,-0.0333,0.0347,-0.0149,0.0099,0.0179,0.0063,0.0124,0.0145,-0.0166,-0.016,-0.0095,-0.0032,0.019,0.007733333333333331,0.011452801695073083,0.014275000000000005,-0.006099999999999994,0.016026072507012056,0.003474999999999995,-0.030666666666666675,0.026517522508711144,0.0013833333333333284,0.011366666666666652,0.007835751399834091,0.003391666666666664,-0.014033333333333347,0.005625092591830353,-0.002516666666666668,0.01452168979064941,0.020031247860343538,0.05795150448886895,0.05867785360034488,-0.21911558137232545,0.5962815405046483,-0.06972111553784865,0.13240450045015578,-0.023792220084960847,0.00038668872410912357,-0.004808528009730007,0.0019961411824692124,-0.005433935134828299,0.03884953918141698,0.01640565809959127,4.3,2.186818181818182,0.9990909090909091,1.187727272727273,1.04,0.691363636363636,0.014803308546539107,11.180000305175781,0.07396738415467818,46.040000915527344,-0.047185405498690325
2017-07-01,0.0192563013458434,0.0572722457338258,0.1117939077415375,0.6633466135458167,0.0179077081623412,0.0206105371786491,-0.0027028290163078,0.0201456867827025,0.0183557051681837,0.0017899816145188,0.0210898344293286,0.0176184417534812,0.0034713926758474,0.0183334679778722,0.0201986037722107,-0.0018651357943384,0.0007,0.0018,-0.0183,-0.0213,0.002,-0.0238,0.0195,0.0078,0.0107,0.0108,0.0194,0.0394,0.0252,-0.0299,0.0041,-0.0144,0.0247,0.015,-0.0382,-0.0205,-0.0276,-0.0124,-0.0226,0.0099,0.0179,-0.0051,0.0131,0.0004,-0.0166,-0.016,-0.0106,-0.0116,0.009766666666666665,0.011846251165101513,0.014950000000000005,-0.00019999999999999415,0.020897025306647696,0.005224999999999996,-0.014566666666666674,0.019058401471966874,0.003874999999999995,0.0017333333333333183,0.01410906328097894,0.00029999999999999705,-0.010733333333333346,0.006850523094382261,-0.004066666666666668,0.016529291336464344,0.017636801989489432,0.06091524359520201,0.05704849002098674,0.0409772275912188,0.6162018592297479,0.1055776892430279,0.1308418334289542,-0.19384753180596537,-0.0004955975786457298,-0.0017965543260212407,0.0035380607687638455,-0.004462868807432799,0.04234220534251465,0.017251073506566073,4.3,2.318,1.0865,1.2315,1.15,0.6915000000000004,0.011187969195710634,10.260000228881836,-0.0822898077979507,50.16999816894531,0.08970454325132504
2017-08-01,0.0032325661778965,0.0582926783153144,0.1321457234192022,0.5039840637450199,0.0009903966687495,0.0054841171494249,-0.0044937204806753,-0.004250650296788,0.0108101089106654,-0.0150607592074534,0.005258170911763,0.0014231327002134,0.0038350382115496,-0.0030816498200947,0.0096799934838624,-0.0127616433039571,0.0009,0.0249,0.0476,0.0315,-0.0154,0.0163,0.0027,0.0188,0.0078,0.0107,0.0355,0.0049,-0.0164,0.0252,-0.0299,-0.023,0.0166,-0.0023,0.015,-0.0382,-0.015,0.0317,-0.0075,-0.0226,0.0099,0.0045,-0.0185,-0.0015,0.0004,-0.0166,-0.018,-0.0036,0.012433333333333331,0.011797188930701624,0.013233333333333338,-0.007033333333333328,0.02109041646498889,0.0017999999999999952,-0.008500000000000008,0.01980701054340783,0.0047166666666666615,-0.006733333333333348,0.014375870988106013,-0.0014166666666666696,-0.005900000000000013,0.008049596263167367,-0.003225000000000001,0.011117675953960043,0.011531943242375818,0.05686089803270284,0.05675501102237437,0.017817226623713767,0.5750332005312088,-0.15936254980079678,0.12753850570521344,0.18204762753903525,0.0006151970616482368,0.0001258306256185932,0.0010236006005175456,-0.005627923641524931,0.04234220534251465,0.0192812155729698,4.4,2.2091304347826086,1.0321739130434784,1.1769565217391302,1.16,0.675652173913043,0.008523014668689877,10.59000015258789,0.032163734536487354,47.22999954223633,-0.05860073219075401
2017-09-01,0.028901523401447,0.0673017516139253,0.1394843802282125,0.6533864541832669,0.0260694624903719,0.031745433939765,-0.0056759714493931,0.026939044675667,0.0308887392540225,-0.0039496945783554,0.0363721198454021,0.0222281842855029,0.0141439355598991,0.0331827247489031,0.024530001350458,0.0086527233984451,0.0009,0.0225,-0.0191,0.0013,0.0092,-0.0314,0.0258,0.0018,0.0188,0.0078,0.0017,0.0027,-0.0183,-0.0164,0.0252,0.0075,0.0181,-0.0213,-0.0023,0.015,-0.0333,-0.0119,0.002,-0.0075,-0.0226,0.0063,-0.0218,-0.0238,-0.0015,0.0004,-0.0095,0.0003,0.009466666666666663,0.006446394341025262,0.012975000000000006,-0.0031666666666666614,0.020382116344155096,-0.0011083333333333381,-0.002866666666666675,0.01992803720055412,0.000299999999999995,-0.009366666666666681,0.01430468454737823,0.00029166666666666344,-0.008300000000000014,0.009407372994979244,-0.004908333333333335,0.017130130308395608,0.015825910049522534,0.060955558554355305,0.05945353152161201,0.1545489683949568,0.6069057104913681,0.149402390438247,0.12780800379631743,0.05553457667131667,-0.00429084031545873,-0.005740157390430007,0.007150122149098712,-0.001991351899950132,0.04234220534251465,0.021805652303711787,4.3,2.202,1.0465,1.1555,1.15,0.6739999999999995,0.010630336308315114,9.510000228881836,-0.10198299415908263,51.66999816894531,0.09400801756812283
2017-10-01,0.0262392816913359,0.0599973072256784,0.1405180957108205,0.6772908366533864,0.0249788503009125,0.0275049868532673,-0.0025261365523547,0.0230467836688693,0.0294720212855141,-0.0064252376166448,0.0275390697832234,0.0250782061626142,0.0024608636206092,0.023438329977146,0.0290993252138419,-0.0056609952366959,0.0009,0.0312,-0.0038,-0.0009,0.0319,-0.001,0.0234,0.0249,0.0018,0.0188,0.0108,-0.0201,0.0476,-0.0183,-0.0164,0.0041,-0.0402,0.0315,-0.0213,-0.0023,-0.0205,0.0411,-0.0154,0.002,-0.0075,0.0179,0.0099,0.0163,-0.0238,-0.0015,-0.016,0.0025,0.015166666666666663,0.008199430874558858,0.014825000000000005,0.004300000000000008,0.02963192535087802,0.0013499999999999953,0.0026333333333333256,0.02585387140578115,0.003916666666666662,-0.0069666666666666835,0.015398105944130528,0.0008249999999999967,-0.0030000000000000144,0.014718650300440757,-0.003575000000000002,0.019457790423559777,0.017993540880012083,0.06186391238497285,0.06138957799008731,-0.10853275305743393,0.611553784860558,0.0239043824701195,0.13738273311941177,0.007410976633489108,-0.004231942827474363,-0.008478563800817874,0.006813279130685978,-0.003256638380735965,0.049645878998997306,0.02020757753132485,4.2,2.3600000000000003,1.0933333333333333,1.266666666666667,1.15,0.7190909090909083,0.022919955326540453,10.180000305175781,0.07045216195254733,51.66999816894531,0.0
2017-11-01,0.0372510281355375,0.0736829947139824,0.1491727930366411,0.7290836653386454,0.041671739479303,0.0328118200915888,0.0088599193877142,0.033903206258686,0.0406410494478114,-0.0067378431891253,0.0425756509550529,0.0324946456959703,0.0100810052590826,0.0396108680337026,0.0348414025855122,0.0047694654481904,0.0008,0.0106,-0.0105,0.0005,0.0073,0.0179,0.032,0.0225,0.0249,0.0018,0.0107,0.0485,-0.0191,0.0476,-0.0183,-0.0299,0.0696,0.0013,0.0315,-0.0213,-0.0382,0.0829,0.0092,-0.0154,0.002,0.0099,-0.0024,-0.0314,0.0163,-0.0238,-0.0166,0.0371,0.016399999999999998,0.00906893966606179,0.018375000000000006,0.003400000000000007,0.03080152052523827,0.003108333333333329,0.0038333333333333253,0.02491783832250839,0.0005999999999999956,-0.0014000000000000165,0.01335360126208162,0.0007666666666666633,-0.01296666666666668,0.017675595228072653,-0.0064,0.03079727774277345,0.02095747684836677,0.0669940178511955,0.061927457941949045,0.22810502872779992,0.6865869853917664,0.05179282868525903,0.1430584229918914,0.061591336560890886,0.0002192704619888037,-0.0057042584613751736,0.008895268146530312,0.002587064536646535,0.049645878998997306,0.02172493864295566,4.2,2.3533333333333335,1.2504761904761905,1.102857142857143,1.16,0.6924999999999994,0.029662701539719283,11.279999732971191,0.10805495037521173,57.400001525878906,0.1108961401198083
2017-12-01,0.010406888377018,0.0540479498960657,0.1177168711545992,0.5418326693227091,0.007901654013227,0.0129226048929589,-0.0050209508797319,0.007953478801874,0.0128912232829413,-0.0049377444810673,0.0165344773791432,0.0049332317980446,0.0116012455810986,0.0178834291089652,0.0027726147182365,0.0151108143907286,0.0009,0.0558,-0.0321,-0.0132,-0.0075,-0.0105,0.0115,0.0312,0.0225,0.0249,0.0078,0.0181,-0.0038,-0.0191,0.0476,0.0252,0.0044,-0.0009,0.0013,0.0315,0.015,0.0347,0.0319,0.0092,-0.0154,-0.0226,0.0124,-0.001,-0.0314,0.0163,0.0004,-0.0032,0.026199999999999998,0.011036786972061606,0.01693333333333334,0.00823333333333334,0.027732267607728622,-0.0030083333333333372,0.010633333333333326,0.017822728934331785,-0.006383333333333338,0.00856666666666665,0.019542057210027847,0.0036249999999999963,-0.005366666666666679,0.0175575245028069,-0.009575,0.02463239940129711,0.020881264854846385,0.06257608394524232,0.06176582124979869,-0.2664800052459143,0.6494023904382472,-0.1872509960159363,0.1358025866340203,-0.21086902806945118,0.00043761065187587013,-0.006033608428945806,0.008047704820263478,0.004739761534074369,0.049645878998997306,0.021299307195522532,4.1,2.4025,1.3415000000000001,1.0609999999999997,1.3,0.7159999999999993,0.02467143465957866,11.039999961853027,-0.02127657595741339,60.41999816894531,0.052613180536325244
2018-01-01,0.0510829514602159,0.0712230046404768,0.165731259532896,0.7310756972111554,0.0379201740706247,0.0643008032321904,-0.0263806291615656,0.035774399510949,0.0665844683500199,-0.0308100688390709,0.0553593995305283,0.0472628832234942,0.008096516307034,0.0408577930007863,0.0615238305622496,-0.0206660375614633,0.0011,-0.0364,0.0034,-0.011,0.0053,-0.0236,0.0569,0.0106,0.0312,0.0225,0.0188,0.0194,-0.0105,-0.0038,-0.0191,-0.0164,-0.0144,0.0005,-0.0009,0.0013,-0.0023,-0.0276,0.0073,0.0319,0.0092,-0.0075,-0.0051,0.0179,-0.001,-0.0314,-0.0015,-0.0106,0.021433333333333332,0.010577334257741983,0.016308333333333338,-0.011133333333333328,0.025647878404785735,-0.004250000000000005,0.0002999999999999919,0.016976886247680036,-0.009233333333333338,0.016133333333333316,0.016290539176671483,0.0031999999999999963,-0.004833333333333347,0.020247016241082653,-0.007816666666666668,0.03291362265759045,0.026185706540575133,0.06631798308350845,0.06409094773424051,0.31777439805651775,0.6673306772908368,0.18924302788844627,0.14420697457471213,0.4078802631038234,-0.0075138868845277635,-0.01416188550308784,0.009926255715738413,-0.00026191924084809776,0.05438093526978416,0.02151318868063945,4.0,2.583809523809524,1.4323809523809523,1.1514285714285715,1.41,0.7085714285714282,0.027352874765469437,13.539999961853027,0.2264492761447785,64.7300033569336,0.07133408339299718
2018-02-01,-0.0379205353690016,0.065922771889934,0.1403333785079938,0.2191235059760956,-0.0388656419227451,-0.0369675199738043,-0.0018981219489407,-0.0502342619218314,-0.0253998554287293,-0.0248344064931021,-0.0333771382964108,-0.0419630855202045,0.0085859472237936,-0.0506104395315555,-0.0249093678099275,-0.0257010717216279,0.0011,-0.0235,0.0361,-0.0021,-0.0041,0.0008,-0.0353,0.0558,0.0106,0.0312,0.0018,0.0355,-0.0321,-0.0105,-0.0038,-0.0183,-0.023,-0.0132,0.0005,-0.0009,-0.0213,-0.015,-0.0075,0.0073,0.0319,0.002,0.0045,-0.0105,0.0179,-0.001,-0.0238,-0.018,0.03253333333333333,0.018639921315999928,0.019341666666666674,-0.015466666666666658,0.02793618919370848,-0.0057250000000000035,-0.0045333333333333415,0.018012190316560647,-0.008033333333333339,0.01056666666666665,0.016290539176671483,0.002999999999999996,0.0021333333333333187,0.020365207258131814,-0.007808333333333335,0.007856434822744082,0.019326856282758785,0.06373124214215899,0.06536262999667712,-0.07441742702793275,0.4973439575033202,-0.5119521912350598,0.14126050306516302,-0.15324737829474455,-0.01109990066341273,-0.020194073271080106,0.009427903037308746,-0.010418764964120864,0.05438093526978416,0.02263468931091861,4.1,2.8589473684210525,1.5878947368421052,1.2710526315789472,1.42,0.6847368421052633,0.033994953469032696,19.850000381469727,0.46602662019159546,61.63999938964844,-0.04773681147900277
2018-03-01,-0.0025526760672816,0.0584166669964393,0.1300663249472808,0.4123505976095618,0.0076255901435153,-0.0128161160539013,0.0204417061974166,-0.0013282465390988,-0.0037976842429969,0.002469437703898,-0.0020605465522015,-0.0029905550846364,0.0009300085324349,0.0002335363746877,-0.0054094255330984,0.0056429619077861,0.0012,0.0029,0.0089,0.0053,-0.0242,0.0124,-0.0223,-0.0364,0.0558,0.0106,0.0249,0.0017,0.0034,-0.0321,-0.0105,0.0476,0.0075,-0.011,-0.0132,0.0005,0.0315,-0.0333,0.0053,-0.0075,0.0073,-0.0154,0.0063,-0.0236,-0.0105,0.0179,0.0163,-0.0095,0.01,0.03061045573002797,0.013350000000000006,-0.013066666666666659,0.027430597271417084,-0.0035250000000000043,-0.007900000000000008,0.01599395719222318,-0.007700000000000005,0.0016999999999999839,0.016241510602978664,0.0030666666666666633,-0.005400000000000015,0.020329231826772615,-0.008275000000000001,0.003536580007977548,0.014084489704637352,0.06518748117561685,0.06388178256042945,-0.11386209466475494,0.4541832669322711,0.19322709163346619,0.14537698766272358,-0.0731618783062945,-0.0026123483043632295,-0.01772501254275834,0.005870824021087513,-0.013574715791768365,0.05438093526978416,0.023309497646499366,4.0,2.8423809523809522,1.7266666666666666,1.1157142857142857,1.51,0.7742857142857136,0.03224806264183644,19.969999313354492,0.006045286124870097,64.94000244140625,0.053536714543056974
2018-04-01,0.0020392756728126,0.0649100944769982,0.1460016779247406,0.5159362549800797,5.643773907563795e-05,0.004038706392606,-0.0039822686535303,0.0097083512680802,-0.0057586919492661,0.0154670432173463,-0.002865151527918,0.0064030573553525,-0.0092682088832706,-0.0027035905866656,0.006902214495822,-0.0096058050824877,0.0014,0.0263,0.0471,-0.0314,-0.0198,-0.0149,0.0043,-0.0235,-0.0364,0.0558,0.0225,0.0108,0.0361,0.0034,-0.0321,-0.0191,0.0041,-0.0021,-0.011,-0.0132,0.0013,-0.0205,-0.0041,0.0053,-0.0075,0.0092,0.0179,0.0008,-0.0236,-0.0105,-0.0314,-0.016,-0.0013666666666666688,0.03458003277422781,0.011250000000000005,0.0024666666666666747,0.023332438078063643,-0.001141666666666671,-0.008766666666666674,0.006242969378962867,-0.005100000000000005,-0.0021000000000000164,0.013865701088176844,0.0021999999999999967,-0.011100000000000014,0.01785728609466356,-0.007416666666666669,-0.012811311921156884,0.010051155368216802,0.06308317778779066,0.06470058043564941,0.11115710317664496,0.3824701195219125,0.10358565737051789,0.1388004604600051,0.12251713104001993,0.004853771864981871,-0.0022993085239526056,8.25822909859784e-05,-0.00988797163210983,0.058762795324756034,0.024709963021052994,4.0,2.869047619047619,1.788095238095238,1.080952380952381,1.69,0.8228571428571434,0.03309758614070435,15.930000305175781,-0.20230341247318184,64.94000244140625,0.0
2018-05-01,0.0265697715309636,0.0829875023941881,0.160238263141425,0.5756972111553785,0.0258278834282681,0.0273209720366217,-0.0014930886083536,0.0081264225411865,0.0452446269934156,-0.037118204452229,0.0350534725575476,0.0190508835623047,0.0160025889952428,0.0209312117554016,0.0323267884446676,-0.011395576689266,0.0014,0.0049,0.0077,-0.0233,0.0083,0.002,0.0277,0.0029,-0.0235,-0.0364,0.0312,0.0107,0.0089,0.0361,0.0034,-0.0038,-0.0299,0.0053,-0.0021,-0.011,-0.0009,-0.0382,-0.0242,-0.0041,0.0053,0.0319,0.0099,0.0124,0.0008,-0.0236,-0.001,-0.0166,-0.019000000000000003,0.03408909894184165,0.010591666666666673,0.01613333333333334,0.022576152609926126,-0.0007416666666666707,-0.002600000000000008,0.007105959939844016,-0.0029500000000000047,-0.007666666666666683,0.01868194315375147,-0.0013083333333333367,-0.0034666666666666817,0.015102008696417332,-0.0050500000000000015,0.008685457045498179,0.00827094593412115,0.06877142128920868,0.0662513317156837,0.2784991774060024,0.5013280212483401,0.05976095617529886,0.14543542200448215,0.09750973700468646,0.004988782978510904,-0.006393907843661572,0.0025547962148023784,-0.005119473287989197,0.058762795324756034,0.02781921607842497,3.8,2.977727272727273,1.8995454545454544,1.0781818181818186,1.7,0.8304545454545451,0.022584201444366236,15.430000305175781,-0.0313873189216165,67.04000091552734,0.0323375176343097
2018-06-01,0.0107844222002042,0.0600980705669479,0.1395740649200874,0.5517928286852589,0.0150921323824144,0.0064226403420667,0.0086694920403476,0.0093116175227168,0.0122757139656936,-0.0029640964429768,0.0090611264462726,0.0123117352997672,-0.0032506088534946,0.0130499844092755,0.0084712641464046,0.0045787202628708,0.0014,0.032,-0.0193,0.0049,0.0153,0.0031,0.0063,0.0263,0.0029,-0.0235,0.0106,0.0078,0.0471,0.0089,0.0361,-0.0105,0.0252,-0.0314,0.0053,-0.0021,0.0005,0.015,-0.0198,-0.0242,-0.0041,0.0073,-0.0226,-0.0149,0.0124,0.0008,0.0179,0.0004,0.0018999999999999978,0.033439183602474554,0.011891666666666674,0.030700000000000005,0.029280192394632143,0.005674999999999996,-0.009400000000000007,0.013153060480359757,-0.002383333333333338,-0.016033333333333347,0.012837081703668774,-0.0037833333333333365,-0.0005666666666666806,0.016190295447170343,-0.004908333333333335,0.013131156467993446,0.008333868237985516,0.06933188914604489,0.06725968516083074,-0.27581781794704585,0.5478087649402391,-0.02390438247011961,0.14860466866208435,-0.128959199982713,0.0010647115928212366,-0.008205085892619838,0.0011612570861592117,-0.005474220502960964,0.058762795324756034,0.028075506935940187,4.0,2.9123809523809525,1.9352380952380952,0.9771428571428573,1.82,0.8795238095238096,0.028410387544831828,16.09000015258789,0.04277380650412055,74.1500015258789,0.10605609357479584
2018-07-01,0.0324489399461195,0.0699927067485191,0.1376649758490934,0.7250996015936255,0.0272523480139061,0.0377107610657666,-0.0104584130518604,0.0295745599846898,0.0353593999907472,-0.0057848400060573,0.0391149369247528,0.0265410367415269,0.0125739001832258,0.0332783932832593,0.0316020611187037,0.0016763321645555,0.0016,0.0346,0.0065,-0.0391,-0.0029,-0.0257,0.0336,0.0049,0.0263,0.0029,0.0558,0.0188,0.0077,0.0471,0.0089,-0.0321,-0.0164,-0.0233,-0.0314,0.0053,-0.0132,-0.0023,0.0083,-0.0198,-0.0242,-0.0075,-0.0075,0.002,-0.0149,0.0124,-0.0105,-0.0015,0.011366666666666664,0.033361534736879285,0.011650000000000006,0.02123333333333334,0.02778328634269184,0.004216666666666663,-0.016466666666666675,0.013427645611449112,-0.005575000000000004,-0.011900000000000016,0.013066904759735602,-0.001208333333333337,-0.00016666666666668054,0.013093611673891382,-0.0047750000000000015,0.02326771122576241,0.005228199652302783,0.07102609323655185,0.06705463551217111,0.16464149494697655,0.6175298804780879,0.1733067729083666,0.14582576797020197,-0.013677964255659036,-0.0010940032066221299,-0.015289046967087704,0.00844196010832468,-0.0017135080872798974,0.05617009845579002,0.02854124785561929,3.8,2.889047619047619,1.9947619047619047,0.8942857142857144,1.91,0.9171428571428577,0.032543243815604805,12.829999923706055,-0.2026103292707242,74.1500015258789,0.0
2018-08-01,0.0429664588007144,0.2370736070687721,0.1597924831613366,0.6454183266932271,0.0360252072871409,0.0499948389943747,-0.0139696317072337,0.0362018383486069,0.0498159908066141,-0.0136141524580072,0.0452958386168654,0.0409019888460081,0.0043938497708572,0.0245577241623577,0.0617619315617257,-0.037204207399368,0.0016,0.0006,-0.0249,-0.0162,0.0065,0.0136,0.0362,0.032,0.0049,0.0263,-0.0364,0.0018,-0.0193,0.0077,0.0471,0.0034,-0.0183,0.0049,-0.0233,-0.0314,-0.011,-0.0213,0.0153,0.0083,-0.0198,0.0053,0.002,0.0031,0.002,-0.0149,-0.0236,-0.0238,0.021066666666666664,0.0269032092261624,0.012750000000000006,0.011833333333333342,0.023962338505802677,0.003974999999999996,-0.016600000000000007,0.015188153278131009,-0.004975000000000005,0.0012666666666666497,0.01590044024547752,0.0006916666666666628,-0.0032666666666666803,0.013258758111778972,-0.004391666666666668,0.028733273649012677,0.01870936534725545,0.12238812812807985,0.09557977470864414,2.3871187168195647,0.6407702523240374,-0.07968127490039845,0.14567717464350585,0.16073447277177522,-0.00525285090624883,-0.007454362969013774,0.004572380366862812,-0.01031638499064723,0.05617009845579002,0.026429238568742575,3.8,2.889130434782609,2.072608695652174,0.8165217391304349,1.91,0.8813043478260876,0.04353587280888749,12.859999656677246,0.002338248881495364,69.80000305175781,-0.05866484672428374
2018-09-01,0.0019385145414988,0.052080203765615,0.1244050752801114,0.5099601593625498,-0.0025271523404945,0.0064602358195006,-0.0089873881599952,-0.0036406786630735,0.0075877394599362,-0.0112284181230098,0.0052786997564598,-0.0010218064725449,0.0063005062290047,0.0029435152025991,0.0009124004211318,0.0020311147814672,0.0015,-0.0764,-0.0438,0.0338,0.0103,0.036,0.0021,0.0346,0.032,0.0049,-0.0235,0.0249,0.0065,-0.0193,0.0077,0.0361,0.0476,-0.0391,0.0049,-0.0233,-0.0021,0.0315,-0.0029,0.0153,0.0083,-0.0041,-0.0154,-0.0257,0.0031,0.002,0.0008,0.0163,0.023833333333333328,0.022379514442156002,0.01548333333333334,-0.001699999999999993,0.023720708252495473,0.006041666666666664,-0.019166666666666676,0.019442676427556694,-0.006458333333333339,0.006899999999999983,0.015367194495634777,0.00028333333333332945,-0.006866666666666681,0.013911350281933983,-0.004550000000000001,0.025784637762777545,0.019457897115385515,0.1197155058609689,0.09452369750350675,-0.7803205324728232,0.6268260292164677,-0.13545816733067728,0.14062084476351383,-0.22145852659099008,-0.011138477639696429,-0.010209136862358107,0.007756085394362579,-0.011165586817781766,0.05617009845579002,0.02332055105808828,3.7,3.004210526315789,2.165263157894737,0.8389473684210524,1.95,0.906842105263157,0.04313826088176409,12.119999885559082,-0.057542752011967346,73.25,0.049426888214946896
2018-10-01,-0.0704234181348364,0.0842941710223215,0.2038590424473974,0.197211155378486,-0.0694589267256158,-0.0714000161307837,0.0019410894051679,-0.059134126044312,-0.0818544168206395,0.0227202907763275,-0.0759593497708788,-0.065517063037795,-0.0104422867330838,-0.069926430914287,-0.0709308462633806,0.0010044153490935,0.0019,0.0171,-0.0081,0.0036,-0.0061,0.004,-0.0745,0.0006,0.0346,0.032,0.0029,0.0225,-0.0249,0.0065,-0.0193,0.0089,-0.0191,-0.0162,-0.0391,0.0049,0.0053,0.0013,0.0065,-0.0029,0.0153,-0.0242,0.0092,0.0136,-0.0257,0.0031,0.0124,-0.0314,0.022399999999999993,0.015718449881164137,0.013458333333333338,-0.012566666666666658,0.025608566275109466,-3.469446951953614e-18,-0.01680000000000001,0.018505098396568144,-0.010433333333333338,0.0062999999999999836,0.016026727675979312,0.0021083333333333297,-0.003000000000000015,0.015619144236054185,-0.0047750000000000015,-0.008506148264207751,0.007380781480777351,0.12448266061890301,0.0977543769277273,0.6185453382956076,0.4508632138114212,-0.3127490039840638,0.16268553362961516,0.6386714287048727,-0.007005310154020329,-0.0007074266015631737,8.402308892604554e-05,-0.01138955908960243,0.043957435331920314,0.02492032470218053,3.8,3.152272727272727,2.2931818181818184,0.8590909090909085,2.19,0.9217391304347826,0.02930867401734427,21.229999542236328,0.751650143786863,65.30999755859375,-0.10839593776663825
2018-11-01,0.0292262490358152,0.0753894724677432,0.1694587479263138,0.7111553784860558,0.0257485064951082,0.0327476452485812,-0.006999138753473,0.0258794339289248,0.0326150743741728,-0.0067356404452479,0.0270353169505972,0.0311680162956554,-0.0041326993450581,0.029180910928458,0.0292725396244194,-9.16286959614307e-05,0.0018,-0.0955,-0.0281,-0.0192,-0.0003,0.0024,0.0189,-0.0764,0.0006,0.0346,0.0263,0.0312,-0.0438,-0.0249,0.0065,0.0471,-0.0038,0.0338,-0.0162,-0.0391,-0.0314,-0.0009,0.0103,0.0065,-0.0029,-0.0198,0.0319,0.036,0.0136,-0.0257,-0.0149,-0.001,-0.013733333333333335,0.04169775373646246,0.005216666666666672,-0.020733333333333326,0.03197522478419827,-0.002058333333333337,-0.007166666666666678,0.02697876325309721,-0.007725000000000005,0.0046333333333333174,0.012645592117413942,0.0021999999999999962,0.007966666666666651,0.02165148955614828,0.0008416666666666647,-0.013086218185840813,0.00782352773158595,0.07058794908522671,0.09648803860665316,-0.10563836676465199,0.47277556440903074,0.5139442231075698,0.1659076218846076,-0.16874549251333826,-0.004681812502766764,0.0015854107360232597,-0.002758159949712388,0.0009813004781997587,0.043957435331920314,0.02147328577667773,3.8,3.117,2.374,0.7429999999999999,2.2,1.0075000000000003,0.027666629800210174,18.06999969482422,-0.1488459687022321,50.93000030517578,-0.22018064294852802
2018-12-01,-0.0891437788053928,0.0556334054364463,0.1355693191267483,0.0438247011952191,-0.0924464834897134,-0.0857996175769176,-0.0066468659127957,-0.096855968723965,-0.0813347831556252,-0.0155211855683398,-0.0845111516239923,-0.0932495581896929,0.0087384065657005,-0.091982563024832,-0.0862453562620159,-0.005737206762816,0.0019,0.0836,0.0291,-0.0039,-0.0073,-0.0165,-0.0936,0.0171,-0.0764,0.0006,0.0049,0.0106,-0.0081,-0.0438,-0.0249,0.0077,-0.0105,0.0036,0.0338,-0.0162,-0.0233,0.0005,-0.0061,0.0103,0.0065,0.0083,0.0073,0.004,0.036,0.0136,0.002,0.0179,-0.019566666666666666,0.040859743839954124,0.004041666666666673,-0.025599999999999994,0.01979977272596854,-0.00241666666666667,0.007066666666666656,0.025666846319717607,-0.007350000000000005,0.0035666666666666507,0.008156142879245584,-0.0009666666666666704,0.017866666666666652,0.019947731700621953,0.0012583333333333316,-0.04344698263480468,-0.00883117243601355,0.07177234964217048,0.09574392775156955,-0.262053392663676,0.3173970783532538,-0.6673306772908367,0.16962903650015318,-0.19998630471589307,-0.00390163842036693,0.0001544882542465932,-0.0019455265041471211,-0.001608140036561308,0.043957435331920314,0.020023809043401064,3.9,2.8326315789473684,2.4121052631578945,0.42052631578947386,2.27,1.1184210526315796,0.025912536810940523,25.420000076293945,0.40675154983953776,45.40999984741211,-0.10838406488685415
2019-01-01,0.0990612538401099,0.0780398113991483,0.176521426627414,0.900398406374502,0.1001693318348117,0.0979346306070031,0.0022347012278086,0.0961296505629149,0.1020419216072999,-0.005912271044385,0.0974967943186804,0.100442378261372,-0.0029455839426916,0.0915737873366155,0.1067374800033564,-0.0151636926667408,0.0021,0.0342,0.0172,-0.0266,0.0016,-0.0154,0.0857,-0.0955,0.0171,-0.0764,0.032,0.0558,-0.0281,-0.0081,-0.0438,-0.0193,-0.0321,-0.0192,0.0036,0.0338,0.0049,-0.0132,-0.0003,-0.0061,0.0103,0.0153,-0.0075,0.0024,0.004,0.036,0.0031,-0.0105,-0.0516,0.05690725788508882,-0.004799999999999994,-0.026666666666666658,0.017317784692814336,-0.003883333333333337,0.006066666666666657,0.02516542601798483,-0.008991666666666672,0.0012999999999999841,0.008264381404557855,-0.0016000000000000035,0.014133333333333319,0.019934358947973838,-3.333333333333512e-05,0.013047908023510751,0.002270879879651517,0.06968756310111275,0.09708511186000775,0.40275093330927425,0.5517928286852591,0.8565737051792829,0.16051649789349207,0.3020750400197716,-0.0038037678128200296,-0.00938969901932424,0.0005533744259836123,-0.006997509375172742,0.03851956408309043,0.014875893578291333,4.0,2.713809523809524,2.4238095238095236,0.2900000000000005,2.4,1.190952380952381,0.01911642232351851,16.56999969482422,-0.3481510761175416,53.790000915527344,0.18454087417471787
2019-02-01,0.0448880110583501,0.0659947262441362,0.1376790742026955,0.7689243027888446,0.0468873491141776,0.0428552112777388,0.0040321378364388,0.0318629560108194,0.0581310586589775,-0.0262681026481581,0.0542839696673056,0.0365931413488816,0.0176908283184239,0.04059663247859,0.0492875756527259,-0.0086909431741359,0.0018,0.011,-0.0352,-0.0414,0.0088,-0.009,0.036,0.0836,-0.0955,0.0171,0.0346,-0.0364,0.0291,-0.0281,-0.0081,0.0065,0.0034,-0.0039,-0.0192,0.0036,-0.0391,-0.011,-0.0073,-0.0003,-0.0061,-0.0029,0.0053,-0.0165,0.0024,0.004,-0.0257,-0.0236,0.0017333333333333274,0.06814704689126304,-0.0024833333333333283,-0.002366666666666657,0.026390585442540065,0.001216666666666663,-0.006500000000000009,0.024699527660800885,-0.008216666666666672,-0.004566666666666683,0.0070332543439483326,-0.001583333333333337,-0.003366666666666681,0.021925875125066226,-0.0005333333333333352,0.01826849536435572,0.0025911385892574677,0.06655598102657707,0.06857196505590177,-0.1543453903726829,0.5710491367861887,-0.13147410358565736,0.14992327331895264,-0.22004327274503355,-0.00012667561618276307,-0.015900519753627638,0.007827883647144278,-0.009863947534564231,0.03851956408309043,0.015188615351321877,3.8,2.6763157894736844,2.437894736842105,0.2384210526315793,2.4,1.1573684210526314,0.011096417703535089,14.779999732971191,-0.10802655370067082,57.220001220703125,0.06376650393745686
2019-03-01,0.0137298659240368,0.0543188230113911,0.1241305017515168,0.6394422310756972,0.0116048051238682,0.0158904925953379,-0.0042856874714696,0.0068910851997428,0.0206831032294905,-0.0137920180297477,0.0189002165169163,0.0091654157912604,0.0097348007256558,0.0133351485714241,0.0141345341342784,-0.0007993855628542,0.0019,0.0397,-0.0115,0.0213,0.0161,-0.0218,0.0129,0.0342,0.0836,-0.0955,0.0006,-0.0235,0.0172,0.0291,-0.0281,-0.0249,0.0361,-0.0266,-0.0039,-0.0192,-0.0162,-0.0021,0.0016,-0.0073,-0.0003,0.0065,-0.0041,-0.0154,-0.0165,0.0024,0.0136,0.0008,0.007433333333333327,0.06809956436473488,0.0034000000000000054,0.006066666666666676,0.02815668067558167,0.002366666666666663,-0.016566666666666674,0.0217893322522743,-0.009516666666666672,-0.002000000000000016,0.006896496695182863,-0.0018916666666666702,-0.009833333333333348,0.019572063423836144,0.00014999999999999823,0.05255971027416558,0.0045563638196804675,0.066117786884892,0.06894506826353113,-0.1769217617412654,0.7695883134130148,-0.1294820717131474,0.14611033419387548,-0.09840691135990698,0.0006603838642592702,-0.015324130574096942,0.008160015033796047,-0.008218007134576964,0.03851956408309043,0.018831863513063984,3.8,2.570952380952381,2.453809523809524,0.117142857142857,2.41,1.0619047619047617,0.006545559146318158,13.710000038146973,-0.07239510921216497,60.13999938964844,0.05103107491526604
2019-04-01,0.0419518840761802,0.0699617546758712,0.1638742833671301,0.7270916334661355,0.0428155621999277,0.04106290994044,0.0017526522594876,0.0383741291006432,0.0456344268543479,-0.0072602977537047,0.04495574996897,0.039286975813316,0.005668774155654,0.0432372701355533,0.0406178909809484,0.0026193791546048,0.0021,-0.0692,-0.0156,-0.0245,-0.0048,0.0176,0.0418,0.011,0.0342,0.0836,-0.0764,0.0029,-0.0352,0.0172,0.0291,-0.0438,0.0089,-0.0414,-0.0266,-0.0039,0.0338,0.0053,0.0088,0.0016,-0.0073,0.0103,-0.0242,-0.009,-0.0154,-0.0165,0.036,0.0124,0.04293333333333333,0.0684347182844108,0.006275000000000005,0.003700000000000009,0.029543690809827303,-0.003575000000000004,-0.023966666666666678,0.02638239943598765,-0.012791666666666672,0.0010333333333333175,0.007328210331770519,-0.0008166666666666703,-0.01363333333333335,0.019533535266305427,-0.0006666666666666687,0.03352325368618902,0.0232855808548499,0.06342510131046632,0.0665563322057894,0.2879836269869036,0.7118193891102259,0.08764940239043828,0.14189461977378084,0.3201774024499797,0.0004997008748189369,-0.01577347281053684,0.01103146773324458,-0.0022903165274617636,0.03969824077766804,0.020005834702090608,3.7,2.532380952380952,2.432857142857143,0.09952380952380935,2.42,1.008571428571428,-0.010247462328067725,13.119999885559082,-0.04303429255625546,63.90999984741211,0.0626870717662924
2019-05-01,-0.0581128001420069,0.0843216545345557,0.193509665507204,0.249003984063745,-0.0554952760692521,-0.0608069880997378,0.0053117120304856,-0.057360168495034,-0.0588874753937028,0.0015273068986687,-0.058968091887318,-0.0573540199165947,-0.0016140719707232,-0.0611839523676906,-0.054925511907789,-0.0062584404599015,0.0021,0.0692,0.0037,-0.0064,0.0089,-0.0042,-0.0671,0.0397,0.011,0.0342,0.0171,0.0263,-0.0115,-0.0352,0.0172,-0.0081,0.0471,0.0213,-0.0414,-0.0266,0.0036,-0.0314,0.0161,0.0088,0.0016,-0.0061,-0.0198,-0.0218,-0.009,-0.0154,0.004,-0.0149,0.028299999999999995,0.05985874762026574,0.009341666666666672,-0.009833333333333324,0.025083460686277072,-0.005275000000000003,-0.015566666666666678,0.02254601221206686,-0.01145833333333334,0.008833333333333318,0.008972104918393913,0.002541666666666663,-0.015400000000000016,0.010574765560837009,-0.0035166666666666684,-0.0008103500472633149,0.008729072658546218,0.06953407740727281,0.06804502921692482,0.20525356925670457,0.5385126162018594,-0.47808764940239046,0.16050481687528367,0.18084217688800663,0.00092622560616787,-0.006508336294927908,0.004596500970195546,-0.0014794822893836306,0.03969824077766804,0.017959105553606136,3.6,2.395,2.4031818181818183,-0.00818181818181829,2.39,0.95409090909091,-0.00010156011968476264,18.709999084472656,0.4260670158287405,53.5,-0.16288530546497315
2019-06-01,0.0758293522993751,0.0653842263759253,0.1538566933736254,0.8864541832669323,0.0752317810786852,0.0764393212632328,-0.0012075401845476,0.0704709811841594,0.0813440092387846,-0.0108730280546252,0.0814203065199218,0.07086683866951,0.0105534678504118,0.0744163177296445,0.0772836003773895,-0.0028672826477449,0.0018,0.0122,-0.0182,0.005,-0.0013,0.0037,0.071,-0.0692,0.0397,0.011,-0.0955,0.0049,-0.0156,-0.0115,-0.0352,-0.0281,0.0077,-0.0245,0.0213,-0.0414,-0.0192,-0.0233,-0.0048,0.0161,0.0088,-0.0003,0.0083,0.0176,-0.0218,-0.009,0.0024,0.002,-0.00616666666666667,0.06893790442613315,0.0013833333333333382,-0.02076666666666666,0.025388087757844378,-0.010500000000000004,-0.014866666666666679,0.021804716615142432,-0.01088333333333334,0.006699999999999984,0.008746370675886175,0.0037916666666666624,-0.004400000000000014,0.014678476306029331,-0.0008083333333333354,0.019889478744516118,0.03622459450934087,0.07322254519545088,0.06967016604017132,-0.22458558555524655,0.6208499335989378,0.6374501992031872,0.17041354741598655,-0.20491468490550613,0.0019522747018085368,-0.0055353396365537405,0.0048693900117808804,-0.0021687813176805306,0.03969824077766804,0.01671194894390049,3.6,2.074,2.2195,-0.14550000000000018,2.38,1.0394999999999994,-0.0073693288629623765,15.079999923706055,-0.19401386095091377,58.470001220703125,0.09289721907856308
2019-07-01,0.0154448484224244,0.0638574901969826,0.1381824661717436,0.5976095617529881,0.0132463026707632,0.0176797337732866,-0.0044334311025234,0.0099104151511394,0.0211170684141564,-0.0112066532630169,0.0167159798382159,0.0143209523057594,0.0023950275324565,0.0098046184490835,0.0212254990590021,-0.0114208806099185,0.0019,-0.0255,-0.0325,-0.0477,0.0053,-0.0062,0.0141,0.0692,-0.0692,0.0397,0.0836,0.032,0.0037,-0.0156,-0.0115,0.0291,-0.0193,-0.0064,-0.0245,0.0213,-0.0039,0.0049,0.0089,-0.0048,0.0161,-0.0073,0.0153,-0.0042,0.0176,-0.0218,-0.0165,0.0031,0.013233333333333328,0.05422347892441676,0.006741666666666671,-0.00779999999999999,0.023434056413690042,-0.010833333333333339,-0.003200000000000012,0.022020846184165322,-0.009475000000000004,0.006733333333333316,0.008991866695334642,0.0038416666666666634,-0.0028000000000000143,0.0140568014379753,-0.0013250000000000017,0.011053800193264183,0.022288526939726615,0.07118779036915468,0.06730644583981037,-0.023350221659957482,0.5776892430278887,-0.2888446215139442,0.1618496083508577,-0.10187549763479276,-0.00010975308552846341,-0.006850791472991141,0.0037781411373817137,-0.006848867905854965,0.044158513524623855,0.01826331335037068,3.7,2.059090909090909,2.145,-0.08590909090909093,2.4,0.9859090909090908,-0.013774541767684445,16.1200008392334,0.06896557830165784,58.58000183105469,0.0018813170524205614
2019-08-01,-0.0192924143654609,0.0840615665617374,0.1923496213284203,0.4243027888446215,-0.023793839437087,-0.0147165855736427,-0.0090772538634442,-0.0296133774593244,-0.008714497833576,-0.0208988796257483,-0.0127920108265267,-0.0250398754095379,0.0122478645830112,-0.0197253338796057,-0.0188487167721258,-0.0008766171074799,0.0016,0.0142,0.0029,0.0676,0.0182,0.0338,-0.0239,0.0122,0.0692,-0.0692,0.0342,0.0346,-0.0182,0.0037,-0.0156,0.0172,0.0065,0.005,-0.0064,-0.0245,-0.0266,-0.0391,-0.0013,0.0089,-0.0048,0.0016,-0.0029,0.0037,-0.0042,0.0176,-0.0154,-0.0257,0.004066666666666662,0.046949863329584555,0.005091666666666671,-0.010033333333333323,0.01823948098676808,-0.01074166666666667,-0.008633333333333345,0.02307795484872959,-0.009466666666666672,0.0009333333333333164,0.007746848821725412,0.0024583333333333297,0.005699999999999986,0.014095070060130877,-0.0012750000000000018,0.02399392878544619,0.011591789369091448,0.07110109437821524,0.07031758589274391,0.31639321092061157,0.6361221779548475,-0.17330677290836655,0.1614629269579298,0.3919973109276662,-0.00490607505017173,-0.01432618698113014,0.008398786655293181,-0.005054926788381097,0.044158513524623855,0.017376412106666406,3.6,1.6263636363636365,1.9904545454545455,-0.364090909090909,2.13,0.8963636363636365,-0.013396749291328724,18.979999542236328,0.17741926514309903,55.099998474121094,-0.05940599604230057
2019-09-01,0.0224246503249171,0.0628308672506262,0.1397726418356787,0.6733067729083665,0.0261046652733095,0.0186838086831627,0.0074208565901467,0.0343326573673786,0.010220178376834,0.0241124789905446,0.018614815973065,0.0257931911225005,-0.0071783751494355,0.0302361624003126,0.014418660770466,0.0158175016298465,0.0018,0.0207,0.0025,-0.0192,0.0043,-0.0103,0.016,-0.0255,0.0122,0.0692,0.011,0.0006,-0.0325,-0.0182,0.0037,-0.0352,-0.0249,-0.0477,0.005,-0.0064,-0.0414,-0.0162,0.0053,-0.0013,0.0089,0.0088,0.0065,-0.0062,0.0037,-0.0042,-0.009,0.0136,0.01863333333333333,0.04866278523334509,8.333333333333803e-05,-0.01566666666666666,0.01431606323912669,-0.013991666666666671,-0.01636666666666668,0.027003215857869012,-0.010183333333333338,0.0042999999999999835,0.007578654234097356,0.003141666666666663,-0.0022333333333333476,0.013189149580873838,0.0003499999999999983,0.006192361460626853,0.013040920102571497,0.07024997466978221,0.07173625993261641,-0.25256130928179554,0.5650730411686589,0.24900398406374497,0.15676824311194756,-0.27334069664203275,-0.002029942791940297,-0.002664351299406873,0.002488172322010747,0.0011733346374827025,0.044158513524623855,0.016844977040391562,3.5,1.6995,1.9344999999999999,-0.23499999999999988,2.04,0.8824999999999994,-0.01737457300836487,16.239999771118164,-0.14436247825089898,55.099998474121094,0.0
2019-10-01,0.0146392731966713,0.0696749914495216,0.1504396693087511,0.5876494023904383,0.010513631606258,0.0188158486338797,-0.0083022170276216,0.0116406974918173,0.0176998029450139,-0.0060591054531965,0.0143543125013613,0.0148902578090789,-0.0005359453077175,0.0145543488739859,0.0147259521541228,-0.0001716032801369,0.0015,0.0387,0.0039,-0.02,-0.0164,-0.0114,0.0222,0.0142,-0.0255,0.0122,0.0397,-0.0764,0.0029,-0.0325,-0.0182,-0.0115,-0.0438,0.0676,-0.0477,0.005,0.0213,0.0338,0.0182,0.0053,-0.0013,0.0161,0.0103,0.0338,-0.0062,0.0037,-0.0218,0.036,0.00029999999999999705,0.04874294478862217,0.0012166666666666714,-0.015933333333333324,0.013713448387137143,-0.011675000000000005,0.008299999999999988,0.03981440694020194,-0.0032000000000000062,0.007399999999999983,0.009196231112073499,0.0041166666666666634,0.010433333333333317,0.019543839609111217,0.0020333333333333314,0.00592383638537582,0.008488818289320015,0.07218914175396189,0.07168846606155815,0.10892932882168993,0.561752988047809,-0.08565737051792821,0.16085397749095007,0.07631699117208446,-0.003319538100306363,-0.000948502029466739,0.00151118137528608,0.004923093747409902,0.04853984395254085,0.017339736996186295,3.6,1.7068181818181818,1.6786363636363637,0.028181818181818086,1.83,0.9168181818181815,-0.024594751580988228,13.220000267028809,-0.1859605632175093,54.18000030517578,-0.016696881931447027
2019-11-01,0.039893562220464,0.0730325722837587,0.1538425638466976,0.7290836653386454,0.0402224081216579,0.0395606564933296,0.0006617516283282,0.0333780185131775,0.0465437245993888,-0.0131657060862112,0.0434969416374524,0.0367198165031935,0.0067771251342589,0.0374687157305184,0.0423685088444995,-0.004899793113981,0.0012,0.0276,0.0099,0.0173,0.0005,0.0119,0.0399,0.0207,0.0142,-0.0255,-0.0692,0.0171,0.0025,0.0029,-0.0325,-0.0156,-0.0081,-0.0192,0.0676,-0.0477,-0.0245,0.0036,0.0043,0.0182,0.0053,-0.0048,-0.0061,-0.0103,0.0338,-0.0062,0.0176,0.004,0.00313333333333333,0.04675198391512388,0.009308333333333337,-0.009033333333333326,0.014925771895170924,-0.00781666666666667,0.00023333333333332035,0.0394311044734991,-0.007616666666666672,0.00926666666666665,0.00807093550959254,0.0036166666666666626,0.00576666666666665,0.016916461410905782,-0.0018250000000000018,0.025652495247350787,0.024823212016398494,0.06851281032796898,0.06980695235309199,0.04818918186261434,0.6633466135458169,0.14143426294820716,0.14801829166370917,0.02261966244397029,-7.320293638222968e-05,0.0016292224837122931,-0.00031239844096468683,0.0035820350785762023,0.04853984395254085,0.020922903948629168,3.6,1.8121052631578947,1.572105263157895,0.23999999999999977,1.55,0.8836842105263152,-0.02047601522464615,12.619999885559082,-0.045385807061301686,55.16999816894531,0.01827238571785239
2019-12-01,0.0280317608072493,0.0569715647805843,0.1206379340874646,0.6912350597609562,0.028867911628258,0.0271852871365985,0.0016826244916594,0.0289504691685786,0.0270940708682066,0.0018563983003719,0.028273842411058,0.0278185427792794,0.0004552996317785,0.0284343694757509,0.0276208337778283,0.0008135356979225,0.0014,-0.0009,-0.0437,-0.0622,-0.0119,-0.0219,0.029,0.0387,0.0207,0.0142,0.0692,-0.0955,0.0039,0.0025,0.0029,0.0037,-0.0281,-0.02,-0.0192,0.0676,-0.0064,-0.0192,-0.0164,0.0043,0.0182,0.0089,-0.0003,-0.0114,-0.0103,0.0338,-0.0042,0.0024,0.024533333333333327,0.03137039474833985,0.011108333333333336,0.003100000000000009,0.015454244292966065,-0.00681666666666667,0.009466666666666653,0.039008293989868374,-0.009583333333333338,0.0020333333333333154,0.011554335405667793,0.0027583333333333297,0.004033333333333317,0.016990585628517865,-0.003108333333333335,0.027521532074794852,0.016856946767710865,0.06655970950462169,0.06840484208720182,-0.21991567599141126,0.6693227091633469,-0.03784860557768921,0.1416400557476378,-0.21583512994700893,-0.00198594696921133,-0.005789471079678606,0.00223215981943998,-0.0014192868987317972,0.04853984395254085,0.023195274699624457,3.6,1.8628571428571428,1.5652380952380955,0.29761904761904723,1.55,0.8714285714285714,-0.022991807373363926,13.779999732971191,0.09191757986776872,55.16999816894531,0.0
2020-01-01,-0.0022139676281972,0.0847571675487033,0.1930264881024694,0.4621513944223107,-0.0058729284818989,0.0014901655817229,-0.0073630940636219,-0.0117896587594138,0.0075595683611022,-0.0193492271205161,-0.0023796903305601,-0.0020680041711161,-0.0003116861594439,-0.0107170641687173,0.0064648127251434,-0.0171818768938608,0.0013,-0.0815,0.0008,-0.0382,-0.0143,-0.0253,0.0004,0.0276,0.0387,0.0207,0.0122,0.0836,0.0099,0.0039,0.0025,-0.0182,0.0291,0.0173,-0.02,-0.0192,0.005,-0.0039,0.0005,-0.0164,0.0043,-0.0013,-0.0073,0.0119,-0.0114,-0.0103,0.0037,-0.0165,0.028999999999999998,0.0219131695562281,0.021366666666666673,0.005433333333333343,0.016431646296096062,-0.0036500000000000035,-0.007300000000000014,0.039840883524339676,-0.006541666666666672,-0.003866666666666685,0.01122491276877768,0.0028249999999999964,-0.0032666666666666816,0.01729270559127936,-0.0023166666666666683,0.02190378513317202,0.013913810759273932,0.07158710153768225,0.07188812164582194,0.487710015954981,0.6274900398406377,-0.22908366533864555,0.15583566201221055,0.6000480243844515,-0.0016729059812114297,-0.010219511635451806,0.0023069128688645133,-0.007089378103306431,0.03029794046874712,0.02599767976845202,3.6,1.7576190476190479,1.5523809523809524,0.20523809523809544,1.55,0.8309523809523807,-0.02290379015513233,18.84000015258789,0.36719887646367044,51.560001373291016,-0.06543405683283732
2020-02-01,-0.0825085047371391,0.0730453383251228,0.1436587006359288,0.0677290836653386,-0.0845147367419772,-0.080477504435945,-0.0040372323060322,-0.0961857278326723,-0.068548694387566,-0.0276370334451062,-0.0752240857269869,-0.0889243968653116,0.0137003111383247,-0.0903104358166863,-0.0745453767344607,-0.0157650590822255,0.0012,-0.1335,-0.0818,-0.1383,-0.0161,0.0119,-0.0803,-0.0009,0.0276,0.0387,-0.0255,0.0342,-0.0437,0.0099,0.0039,-0.0325,0.0172,-0.0622,0.0173,-0.02,-0.0477,-0.0266,-0.0119,0.0005,-0.0164,0.0053,0.0016,-0.0219,0.0119,-0.0114,-0.0062,-0.0154,0.021799999999999996,0.02283914767820089,0.014325000000000003,-0.009966666666666658,0.0225934503783731,-0.00971666666666667,-0.021633333333333348,0.04710600810936967,-0.011400000000000006,-0.009266666666666685,0.012558980850371635,0.002441666666666663,-0.007133333333333348,0.020175967552181095,-0.0027666666666666686,-0.01889690385269568,0.0033777956973275666,0.07159135688480361,0.07005208360638616,-0.13818098884499208,0.4070385126162021,-0.3944223107569721,0.1524410409419543,-0.25575654383937896,-0.003239233959331563,-0.015043287421750139,0.004614641536886447,-0.010711133426054597,0.03029794046874712,0.023413166797595197,3.5,1.5042105263157897,1.5447368421052632,-0.04052631578947352,1.58,0.8321052631578949,-0.014232217750208775,40.11000061035156,1.1289809068734002,44.7599983215332,-0.13188523798760665
2020-03-01,-0.1696694165543548,0.1560902852861501,0.3575666215670126,0.0936254980079681,-0.1833139672471757,-0.1558564146184126,-0.027457552628763,-0.2009763791602979,-0.1377156158780408,-0.0632607632822571,-0.15834508450881,-0.1796435397790846,0.0212984552702746,-0.1791763355287433,-0.1599660736342144,-0.0192102618945288,0.0012,0.1358,0.0257,-0.0134,0.0276,-0.0102,-0.1323,-0.0815,-0.0009,0.0276,0.0142,0.011,0.0008,-0.0437,0.0099,0.0029,-0.0352,-0.0382,-0.0622,0.0173,0.0676,-0.0414,-0.0143,-0.0119,0.0005,0.0182,0.0088,-0.0253,-0.0219,0.0119,0.0338,-0.009,-0.01826666666666667,0.043528687858315575,0.004683333333333338,-0.01099999999999999,0.019721029384897927,-0.011083333333333339,-0.027700000000000013,0.04575388143826344,-0.012366666666666672,-0.008566666666666686,0.013423958680905863,0.0011166666666666632,-0.01176666666666668,0.022583592864437327,-0.003591666666666668,-0.0847972963065637,-0.028637882115884417,0.10463093038665888,0.08559531994564014,1.1368959178667435,0.20783532536520602,0.0258964143426295,0.23141727010180366,1.4890008052710018,-0.012952626332805696,-0.036749007949293144,0.011562360083051814,-0.017385732623538364,0.03029794046874712,0.014940399642909163,4.4,0.87,0.29545454545454547,0.5745454545454545,0.65,1.2699999999999996,-0.053150549643890654,53.540000915527344,0.33482922215936783,44.7599983215332,0.0
2020-04-01,0.1488612799711581,0.1579540544973007,0.2666213556520388,0.9282868525896414,0.1578187069646223,0.1397937206785938,0.0180249862860284,0.1493599550237842,0.1483523441149799,0.0010076109088043,0.1605135382331571,0.1386766725589528,0.0218368656742042,0.1553296897693454,0.1422057674102133,0.0131239223591321,0.0,0.0559,0.0192,-0.05,0.0096,-0.0316,0.1358,-0.1335,-0.0815,-0.0009,0.0207,0.0397,-0.0818,0.0008,-0.0437,0.0025,-0.0115,-0.1383,-0.0382,-0.0622,-0.0192,0.0213,-0.0161,-0.0143,-0.0119,0.0043,0.0161,0.0119,-0.0253,-0.0219,-0.0103,-0.0218,-0.07196666666666668,0.06983415830857183,-0.0073583333333333304,-0.04156666666666666,0.03677665926462971,-0.01496666666666667,-0.07956666666666669,0.05329948092305094,-0.020441666666666674,-0.01410000000000002,0.009042215805136897,-0.000958333333333337,-0.01176666666666668,0.016124319107071294,-0.0018500000000000012,-0.034438880440111945,-0.0062675476534699475,0.12902989270285803,0.10030849712027001,0.011940328046257775,0.3632138114209829,0.8346613545816732,0.2559488926183268,-0.2543449540016124,-0.004489932882922264,-0.029963395272853008,0.018945210694267845,-0.007283799539207397,-0.06727970704466935,0.003130472940411133,14.8,0.6576190476190477,0.1380952380952381,0.5195238095238095,0.05,1.6985714285714288,-0.17318282261376305,34.150001525878906,-0.3621591157654439,18.84000015258789,-0.5790884526569717
2020-05-01,0.0647410975271903,0.0865998772939177,0.186219978245862,0.7768924302788844,0.0645511288853407,0.0649334018490627,-0.0003822729637219,0.0517941839811472,0.0779544084713002,-0.026160224490153,0.0704614380481797,0.0597412579115164,0.0107201801366632,0.0669664029278804,0.0624514237884637,0.0045149791394167,0.0001,0.0244,0.0195,-0.0217,0.0014,0.0055,0.056,0.1358,-0.1335,-0.0815,0.0387,-0.0692,0.0257,-0.0818,0.0008,0.0039,-0.0156,-0.0134,-0.1383,-0.0382,-0.02,-0.0245,0.0276,-0.0161,-0.0143,-0.0164,-0.0048,-0.0102,0.0119,-0.0253,-0.0114,0.0176,-0.026400000000000007,0.09501016787691728,0.0006500000000000047,-0.01843333333333332,0.04041148351644626,-0.01186666666666667,-0.06330000000000001,0.05387636463855622,-0.023333333333333334,-0.000933333333333352,0.01720592921059485,-3.469446951953614e-18,-0.007866666666666682,0.016120918087999758,-0.0008833333333333346,0.014644320314664524,-0.002126291769015564,0.13354807235912297,0.10256971462196317,-0.45174007992686493,0.5996015936254983,-0.15139442231075695,0.27013598515497117,-0.3015564046231418,-0.0032716131021521635,-0.02947112562120195,0.017951833693714014,-0.0005237867986599979,-0.06727970704466935,0.001982013035848551,13.2,0.674,0.1275,0.5465,0.05,1.4514999999999998,-0.1604773810453941,27.510000228881836,-0.1944363396869916,35.4900016784668,0.8837580356172043
2020-06-01,0.0151043300074824,0.0792517731834421,0.1763660280848843,0.5219123505976095,0.0122649432045316,0.0179786273039122,-0.0057136840993805,0.0085129572149898,0.0218313277545531,-0.0133183705395633,0.0163325866055179,0.014030777484772,0.0023018091207458,0.0154811685021797,0.0147165912257485,0.0007645772764311,0.0001,0.0583,-0.0319,-0.0144,0.0038,0.0097,0.0245,0.0559,0.1358,-0.1335,0.0276,0.0692,0.0192,0.0257,-0.0818,0.0099,0.0037,-0.05,-0.0134,-0.1383,0.0173,-0.0064,0.0096,0.0276,-0.0161,0.0005,0.0089,-0.0316,-0.0102,0.0119,0.0119,-0.0042,0.01939999999999999,0.09673840326709279,0.011075000000000003,-0.012299999999999986,0.042224104490208046,-0.00896666666666667,-0.06723333333333335,0.05275474070324554,-0.025458333333333336,0.007033333333333315,0.017064309733085252,0.0011999999999999962,-0.009966666666666683,0.018957918310475556,-0.004983333333333335,0.07623556916861025,-0.004280863568976714,0.10793523499155366,0.10628308268910613,-0.08485120695421222,0.7423638778220454,-0.2549800796812749,0.2097357873275951,-0.05291564446413888,0.00397634307430867,-0.012823661373637343,0.011619618310537747,0.0061344929249933025,-0.06727970704466935,0.007166562831830481,11.0,0.7286363636363636,0.15954545454545455,0.5690909090909091,0.08,1.205,-0.10586064673581452,30.43000030517578,0.10614322253724784,39.27000045776367,0.10650883630671548
2020-07-01,0.0506733120294673,0.0858502120380688,0.1957804237201132,0.7370517928286853,0.0521045797490082,0.0492244467559975,0.0028801329930106,0.0476440375504233,0.0537649172591089,-0.0061208797086856,0.04603190808317,0.0547301116619179,-0.0086982035787479,0.050192970927153,0.051167547295898,-0.0009745763687449,0.0001,0.0762,-0.0089,-0.0302,0.0427,-0.0151,0.0584,0.0244,0.0559,0.1358,-0.0009,0.0122,0.0195,0.0192,0.0257,-0.0437,-0.0182,-0.0217,-0.05,-0.0134,-0.0622,0.005,0.0014,0.0096,0.0276,-0.0119,-0.0013,0.0055,-0.0316,-0.0102,-0.0219,0.0037,0.07203333333333332,0.09656822803938503,0.00734166666666667,0.02146666666666668,0.04337034701267684,-0.007650000000000004,-0.02836666666666668,0.04501336097945444,-0.026733333333333335,0.012866666666666646,0.01708161780004072,0.0005749999999999961,-0.012100000000000015,0.017548409234647577,-0.004175000000000002,0.043506246521379986,0.004533683040634035,0.08390062083847634,0.10646525677066705,0.08325919521514602,0.6786188579017267,0.21513944223107573,0.18612214335028654,0.11008013190547561,-0.0010719413566972632,-0.015199824912800643,0.0014412618928870472,0.0014349933490343028,-0.0005863562984330661,0.009968647625897997,10.2,0.6236363636363637,0.12681818181818183,0.4968181818181818,0.09,1.1686363636363635,-0.06783544959427434,24.459999084472656,-0.19618801054325652,40.27000045776367,0.02546473105024627
2020-08-01,0.0483895696802232,0.0895701269248239,0.1901493429992228,0.7211155378486056,0.0432004528818173,0.053642487095003,-0.0104420342131857,0.0373320884507681,0.0596745710995848,-0.0223424826488166,0.052434906991763,0.0448537595873126,0.0075811474044503,0.0496132080647791,0.0471305367969405,0.0024826712678386,0.0001,-0.0364,-0.0001,-0.0272,-0.0138,-0.0193,0.0763,0.0583,0.0244,0.0559,-0.0815,-0.0255,-0.0319,0.0195,0.0192,0.0008,-0.0325,-0.0144,-0.0217,-0.05,-0.0382,-0.0477,0.0038,0.0014,0.0096,-0.0143,0.0053,0.0097,0.0055,-0.0316,-0.0253,-0.0062,0.04619999999999999,0.09943554696384992,0.011183333333333337,0.0022666666666666785,0.0417775737288162,-0.008791666666666672,-0.028700000000000014,0.04742982184238104,-0.028350000000000004,0.004933333333333315,0.016186537616179737,0.0009999999999999961,-0.005466666666666682,0.018665333285710826,-0.0036750000000000016,0.03805573723905762,0.026350028776861087,0.08489070404877841,0.10921938820395057,0.04333029352455853,0.660026560424967,-0.015936254980079667,0.1874319316014068,-0.028762225629568428,-0.00442519510651853,-0.013927244299021842,0.00039491764881608083,0.0007575573918416025,-0.0005863562984330661,0.012810698495523853,8.4,0.65,0.10428571428571429,0.5457142857142857,0.1,1.0280952380952382,-0.06512241935326724,26.40999984741211,0.07972202926930305,42.61000061035156,0.05810777566397474
2020-09-01,-0.0209506320580568,0.0626991047321171,0.1426916703803898,0.3326693227091633,-0.0171709680415772,-0.0247767673534276,0.0076057993118504,-0.0235760063141129,-0.0182712377555799,-0.005304768558533,-0.0223243628376515,-0.0197499284377241,-0.0025744343999273,-0.0217608447258789,-0.0201169834866201,-0.0016438612392588,0.0001,-0.0208,0.0467,0.0425,-0.0077,-0.0057,-0.0363,0.0762,0.0583,0.0244,-0.1335,0.0142,-0.0089,-0.0319,0.0195,-0.0818,0.0029,-0.0302,-0.0144,-0.0217,-0.1383,0.0676,0.0427,0.0038,0.0014,-0.0161,0.0182,-0.0151,0.0097,0.0055,0.0119,0.0338,0.05296666666666666,0.0909219317143376,0.019658333333333337,-0.007099999999999988,0.041552135925846306,-0.006825000000000005,-0.02210000000000001,0.04780391894674193,-0.02689166666666667,0.015966666666666646,0.020781337781769542,0.0041166666666666634,3.3333333333318095e-05,0.017020889126795478,-0.0044166666666666686,0.02603741655054455,0.05113649285957742,0.07937314789833674,0.09365419144494506,-0.2999998226558238,0.5969455511288183,-0.38844621513944233,0.1762071456999086,-0.24958104966487826,1.4632697225103996e-05,-0.011256043638678409,-0.0012304968580749524,-4.525544672169744e-05,-0.0005863562984330661,0.013910228912373812,7.8,0.6795238095238095,0.10857142857142857,0.570952380952381,0.09,1.0509523809523813,-0.061831018547937044,26.3700008392334,-0.001514540265422637,40.220001220703125,-0.05609010456263208
2020-10-01,-0.0049245413694876,0.0771446842205747,0.1822777980810994,0.4163346613545817,0.0036674389233848,-0.0135866602769958,0.0172540992003807,0.0023087063002063,-0.0122763668698323,0.0145850731700386,-0.0090989700820948,-0.0012599665454431,-0.0078390035366516,-0.0130342518353062,0.0033854088609191,-0.0164196606962254,0.0001,0.1244,0.0712,0.0209,-0.0225,0.0128,-0.0207,-0.0364,0.0762,0.0583,0.1358,0.0207,-0.0001,-0.0089,-0.0319,0.0257,0.0025,-0.0272,-0.0302,-0.0144,-0.0134,-0.0192,-0.0138,0.0427,0.0038,0.0276,0.0043,-0.0193,-0.0151,0.0097,-0.0102,-0.0103,0.032699999999999986,0.05698858365204972,0.015441666666666671,-0.013633333333333318,0.021973476435618314,-0.007075000000000004,-0.023933333333333345,0.013466662541253643,-0.03479166666666667,0.010899999999999981,0.020183004401393485,0.0014499999999999964,-0.00823333333333335,0.015538811623372763,-0.00884166666666667,0.007504798750892918,0.025505522636136466,0.07647130529250538,0.08018596306549074,0.23039530708096345,0.49003984063745043,0.08366533864541842,0.17170627048690404,0.27742423643356506,0.004805954766348471,-0.004354059345770343,-0.0009440968440428526,-0.005193616889215197,0.007018715038473289,0.012303863428671624,6.9,0.7871428571428571,0.10047619047619047,0.6866666666666666,0.09,1.0852380952380956,-0.04622683457542831,38.02000045776367,0.44178988425352483,35.790000915527344,-0.11014421110697159
2020-11-01,0.150118169330013,0.1483799695996022,0.3140387683660136,0.9063745019920318,0.1434991246940418,0.1567912469834207,-0.0132921222893788,0.1557232157936921,0.1444212368587326,0.0113019789349594,0.154188947195861,0.146544585707322,0.007644361488539,0.1514151434537632,0.1487891711538245,0.0026259722999387,0.0001,0.0463,0.0493,-0.0168,-0.0197,-0.0006,0.1245,-0.0208,-0.0364,0.0762,0.0559,0.0387,0.0467,-0.0001,-0.0089,0.0192,0.0039,0.0425,-0.0272,-0.0302,-0.05,-0.02,-0.0077,-0.0138,0.0427,0.0096,-0.0164,-0.0057,-0.0193,-0.0151,-0.0316,-0.0114,0.006333333333333325,0.045920525548676705,0.011983333333333337,0.012566666666666679,0.027190323033510894,-0.0033916666666666713,-0.004966666666666675,0.031420417990005646,-0.02965,0.007066666666666647,0.019827153098717975,0.0004499999999999964,-0.013366666666666681,0.015645116383928386,-0.008458333333333335,0.041414331967489525,0.03973503460327358,0.09607458618409814,0.09048264511643815,0.9233984959397741,0.5517928286852591,0.49003984063745015,0.21300274560916763,0.7228580313785162,0.0038559254076174364,0.00686076118215499,-0.0009230254826799525,-0.005145849878515164,0.007018715038473289,0.011757452138405844,6.7,0.8700000000000001,0.09105263157894737,0.7789473684210527,0.09,0.993684210526316,-0.04763324870606622,20.56999969482422,-0.45896897824408545,35.790000915527344,0.0
2020-12-01,0.0404480951122149,0.0646946388869177,0.1480362147559286,0.7191235059760956,0.039577225499851,0.0413260738642717,-0.0017488483644206,0.0358507202763037,0.0451208367487149,-0.0092701164724112,0.0419847781993693,0.0390990985089878,0.0028856796903815,0.0323559681155104,0.0487400277137764,-0.016384059598266,0.0001,-0.0007,0.0681,0.0322,-0.0365,0.0497,0.0464,0.1244,-0.0208,-0.0364,0.0244,0.0276,0.0712,0.0467,-0.0001,0.0195,0.0099,0.0209,0.0425,-0.0272,-0.0217,0.0173,-0.0225,-0.0077,-0.0138,0.0014,0.0005,0.0128,-0.0057,-0.0193,0.0055,0.0119,0.02239999999999999,0.060849730210303064,0.019125000000000003,0.03926666666666668,0.03788236617037897,0.002216666666666662,0.012066666666666658,0.029739496745349776,-0.026241666666666667,-0.014666666666666687,0.02277338358698596,-5.833333333333674e-05,-0.004066666666666681,0.013392298782011416,-0.0064416666666666685,0.06188057435758009,0.04395899545406234,0.09673976423569834,0.08805645606701741,-0.5639934482970055,0.6806108897742366,-0.1872509960159362,0.21478426040101387,-0.5286052880471377,0.0007377095155271037,0.0055389785441955905,0.0008970125474229806,-0.010059249331517564,0.007018715038473289,0.013204191315779434,6.7,0.9336363636363636,0.08727272727272727,0.8463636363636363,0.09,0.9031818181818179,-0.0328150457766595,22.75,0.10597959832368442,48.52000045776367,0.35568592390601106
2021-01-01,-0.0048402151980678,0.0841151871923731,0.1679124071403086,0.3884462151394422,-0.0040822391837589,-0.0055981912123766,0.0015159520286176,0.0024341199071175,-0.0121736912390676,0.0146078111461852,-0.0143549932854465,0.0035168712589073,-0.0178718645443538,-0.0022108184736863,-0.0075125408485616,0.0053017223748752,0.0,0.0281,0.045,0.072,0.0033,-0.0199,-0.0007,0.0463,0.1244,-0.0208,0.0583,-0.0009,0.0493,0.0712,0.0467,-0.0319,-0.0437,-0.0168,0.0209,0.0425,-0.0144,-0.0622,-0.0197,-0.0225,-0.0077,0.0038,-0.0119,-0.0006,0.0128,-0.0057,0.0097,-0.0219,0.04996666666666666,0.06054967106984702,0.02068333333333334,0.055733333333333336,0.04029648868077722,0.005499999999999995,0.015533333333333324,0.029253034030677964,-0.029083333333333336,-0.01663333333333335,0.024217734548604417,-0.00174166666666667,0.002166666666666652,0.012931151018631886,-0.007483333333333335,0.06190868308138669,0.034706740916139824,0.09906326522629783,0.08776728525940147,0.30018790798726513,0.6713147410358568,-0.3306772908366534,0.20999579675408364,0.13426574313015527,-0.004508339541727263,0.00554655786957779,-0.0024472744551444193,-0.002818788307817364,0.042731130982061716,0.013553199782346148,6.4,1.0810526315789473,0.08368421052631579,0.9973684210526315,0.09,0.7926315789473684,-0.021295843569181794,33.09000015258789,0.45450550121265443,52.20000076293945,0.07584501794016263
2021-02-01,0.0560344512467553,0.1101605240457261,0.2763161954977379,0.647410358565737,0.0590925531736466,0.052976349319864,0.0061162038537825,0.0675759321020126,0.044399137213813,0.0231767948881995,0.0529364492584203,0.0587555100273842,-0.0058190607689639,0.0618592441133376,0.0501145597211268,0.0117446843922107,0.0,0.0316,-0.0084,0.0735,0.0635,0.0352,0.0281,-0.0007,0.0463,0.1244,0.0762,-0.0815,0.0681,0.0493,0.0712,-0.0089,0.0008,0.0322,-0.0168,0.0209,-0.0302,-0.0382,-0.0365,-0.0197,-0.0225,0.0427,-0.0143,0.0497,-0.0006,0.0128,-0.0151,-0.0253,0.05666666666666665,0.06201625593342445,0.020700000000000003,0.06286666666666668,0.03424140281394254,0.014816666666666664,0.012099999999999991,0.03205524398076966,-0.021216666666666672,-0.026233333333333355,0.02738089966868634,-0.00379166666666667,0.02063333333333332,0.025251032982170542,-0.001516666666666668,0.03054744372030078,0.03598088784389517,0.08632345004167245,0.09119901811288517,0.30963893349945004,0.5849933598937586,0.2589641434262948,0.19742160579799176,0.6455972503976222,0.0019611025059931707,0.009504829853991157,-0.0069350818743120525,0.0002207823896066361,0.042731130982061716,0.01667502410800381,6.2,1.2578947368421052,0.04263157894736842,1.2152631578947368,0.08,0.7210526315789476,-0.056805772711803426,27.950000762939453,-0.15533391858405443,61.5,0.17816090232058546
2021-03-01,0.0550010914925057,0.0749075116150066,0.1689323670056187,0.8107569721115537,0.0585167690357821,0.0514711804369083,0.0070455885988738,0.0641347400889584,0.0457560569375596,0.0183786831513987,0.0527227550001968,0.0569946359232759,-0.0042718809230791,0.0576573620962948,0.0523124273447679,0.0053449347515268,0.0,0.0497,-0.0316,-0.0102,0.0243,-0.0272,0.0316,0.0281,-0.0007,0.0463,-0.0364,-0.1335,0.045,0.0681,0.0493,-0.0001,-0.0818,0.072,0.0322,-0.0168,-0.0272,-0.1383,0.0033,-0.0365,-0.0197,-0.0138,-0.0161,-0.0199,0.0497,-0.0006,-0.0193,0.0119,0.024566666666666657,0.058065391298661465,0.02983333333333334,0.05413333333333334,0.025526848610825534,0.018499999999999996,0.02913333333333332,0.037255388871947126,-0.01203333333333334,-0.017633333333333355,0.013581421133298258,-0.002325000000000003,0.009733333333333318,0.026027344594995946,-0.0010666666666666687,0.03539844251373105,0.048639508435655586,0.08972774095103542,0.09323375259336675,-0.32001493035823314,0.6155378486055779,0.1633466135458167,0.20438698988122175,-0.38862661777274765,0.00489258149375797,0.018721096395261125,-0.009320935412132253,0.007463780506204237,0.042731130982061716,0.02623645747764214,6.1,1.6108695652173912,0.03130434782608695,1.5795652173913042,0.07,0.7073913043478259,0.010038210492383515,19.399999618530273,-0.3059034315214091,59.15999984741211,-0.03804878296890879
2021-04-01,0.0508092772597406,0.0597895006315064,0.1423877529061465,0.8067729083665338,0.0538844272438075,0.0477216772757383,0.0061627499680692,0.0504575881931525,0.0511652552173847,-0.0007076670242321,0.0459988695813405,0.0550183839783408,-0.0090195143970003,0.0484033910287001,0.0532445035667695,-0.0048411125380693,0.0,0.0029,0.0127,0.0704,0.0234,0.0301,0.0497,0.0316,0.0281,-0.0007,-0.0208,0.1358,-0.0084,0.045,0.0681,0.0467,0.0257,0.0735,0.072,0.0322,0.0425,-0.0134,0.0635,0.0033,-0.0365,-0.0077,0.0276,0.0352,-0.0199,0.0497,-0.0057,-0.0102,0.01966666666666666,0.05013411679352365,0.04359166666666667,0.03490000000000001,0.02860904868510437,0.02461666666666666,0.059233333333333325,0.033950871368297275,0.005616666666666663,0.010099999999999979,0.03539772120725666,0.004308333333333331,0.021666666666666654,0.026267045259538893,0.0008749999999999982,0.05394827333300051,0.05792847820719362,0.08161917876407986,0.0903412219951887,-0.20182236277184695,0.754980079681275,-0.003984063745019917,0.19587877180316773,-0.1571316058016835,0.006441514140241837,0.013615937005122024,-0.006370152029681085,0.004082835535222735,0.173743282929385,0.04137373453318349,6.1,1.635,0.02090909090909091,1.614090909090909,0.07,0.7047619047619049,0.1655213518144698,18.610000610351562,-0.04072159916045193,63.58000183105469,0.0747126774009943
2021-05-01,0.0164452388226074,0.0597088449515549,0.135174111554972,0.6115537848605578,0.0150297473141757,0.0178607303310392,-0.0028309830168635,0.0258628943882055,0.0069513269366401,0.0189115674515654,0.0160579064855482,0.0167856217854777,-0.0007277152999295,0.0189783632692299,0.0138916032468626,0.0050867600223672,0.0,0.0273,-0.003,-0.0786,-0.0214,-0.0093,0.0029,0.0497,0.0316,0.0281,0.1244,0.0559,-0.0316,-0.0084,0.045,0.0712,0.0192,-0.0102,0.0735,0.072,0.0209,-0.05,0.0243,0.0635,0.0033,-0.0225,0.0096,-0.0272,0.0352,-0.0199,0.0128,-0.0316,0.036466666666666654,0.04211193021777403,0.036416666666666674,0.001666666666666675,0.04239064362175541,0.019841666666666664,0.04509999999999998,0.03882890675772371,0.00588333333333333,0.030366666666666643,0.03697186317548344,0.004033333333333331,-0.003966666666666682,0.030306808915929514,-0.0005416666666666683,0.04075186919161788,0.03564965645595935,0.06480195239935611,0.07556270122051416,-0.0013489940390803978,0.7430278884462154,-0.19521912350597603,0.14883141048891244,-0.05066195093288184,0.00345911851669317,0.01219419452624399,-0.004673036873336286,0.0018635274119415696,0.173743282929385,0.049264665639830785,5.8,1.621,0.018,1.603,0.06,0.6640000000000001,0.15673379835366053,16.760000228881836,-0.09940893717331145,66.31999969482422,0.043095278151300986
2021-06-01,0.008041806792772,0.0690836631126387,0.1554790284831,0.4661354581673306,0.00199438652701,0.0140892270585339,-0.0120948405315238,-0.0109407240363931,0.0271780423250073,-0.0381187663614004,0.0171880723497623,4.179485113810327e-06,0.0171838928646485,-0.000140065050885,0.0162899286108716,-0.0164299936617566,0.0,0.0134,-0.0455,-0.0179,0.055,-0.0059,0.0273,0.0029,0.0497,0.0316,0.0463,0.0244,0.0127,-0.0316,-0.0084,0.0493,0.0195,0.0704,-0.0102,0.0735,-0.0168,-0.0217,0.0234,0.0243,0.0635,-0.0197,0.0014,0.0301,-0.0272,0.0352,-0.0006,0.0055,0.028066666666666656,0.02123887159588923,0.03200000000000001,-0.009099999999999992,0.038161520759354875,0.019299999999999994,0.044566666666666664,0.04199522591914469,0.015916666666666662,0.037066666666666644,0.035595079247933537,0.005183333333333331,0.012699999999999984,0.03161160651828161,0.004599999999999999,0.02509877429170665,0.03024860840271887,0.06286066956523348,0.07629420525813431,0.15700886809467018,0.6281540504648077,-0.14541832669322718,0.14434696431473953,0.15021305999019252,-0.002921024526772696,-0.006638288644689042,0.002478887722572914,-0.005394782059152898,0.173743282929385,0.05317418943207719,5.9,1.5190909090909093,0.03590909090909091,1.4831818181818184,0.08,0.6581818181818178,0.08958396565691418,15.829999923706055,-0.05548927759399125,73.47000122070312,0.10781063870295693
2021-07-01,0.0165082250027384,0.0706491978075519,0.156775514703405,0.6095617529880478,0.0136589349213658,0.0193575150841111,-0.0056985801627453,0.0070143881791173,0.0260789349990205,-0.0190645468199032,0.013067099892531,0.0195322440389813,-0.0064651441464502,0.0126548448019443,0.0203928066626483,-0.0077379618607039,0.0,0.0295,-0.0066,-0.0023,-0.0026,-0.0172,0.0134,0.0273,0.0029,0.0497,-0.0007,0.0583,-0.003,0.0127,-0.0316,0.0681,-0.0319,-0.0786,0.0704,-0.0102,0.0322,-0.0144,-0.0214,0.0234,0.0243,-0.0365,0.0038,-0.0093,0.0301,-0.0272,0.0497,0.0097,0.026633333333333325,0.018957399610706208,0.032241666666666675,-0.0072999999999999905,0.03676786640532745,0.017424999999999996,-0.006133333333333342,0.06104397595176777,0.011174999999999996,0.008766666666666643,0.03588167591775319,0.0032833333333333312,-0.0021333333333333495,0.032450433998124965,0.0033666666666666654,0.013665090206039248,0.0338066817695199,0.06648056862391531,0.07404987369399745,0.02266143143510857,0.562416998671979,0.14342629482071723,0.14914288491382569,0.008338656556796886,-0.006874801237044197,-0.012757248576579408,0.0033303444727562814,-0.006360398500031099,0.1049528260051158,0.05269167647240969,5.4,1.3185714285714287,0.05238095238095238,1.2661904761904763,0.1,0.6757142857142857,0.054998863464161385,18.239999771118164,0.1522425684792985,73.94999694824219,0.006533220628337277
2021-08-01,0.0260829125568811,0.0591447715402391,0.1436523312100275,0.6593625498007968,0.0274543844375275,0.0247114406762346,0.0027429437612929,0.0240135784227224,0.0281690024330168,-0.0041554240102944,0.0286162962571334,0.0238566056687805,0.0047596905883529,0.0219221119445661,0.0302774038624132,-0.008355291917847,0.0,-0.044,0.0112,0.0512,-0.0192,0.02,0.0295,0.0134,0.0273,0.0029,0.0281,0.0762,-0.0455,-0.003,0.0127,0.045,-0.0089,-0.0179,-0.0786,0.0704,0.072,-0.0302,0.055,-0.0214,0.0234,0.0033,0.0427,-0.0059,-0.0093,0.0301,-0.0199,-0.0151,0.014533333333333323,0.01606250291828779,0.028500000000000008,-0.011933333333333324,0.03217624382470201,0.01629166666666666,-0.008700000000000008,0.06349390521932008,0.010883333333333333,0.01899999999999998,0.031649797261067404,0.007549999999999997,0.0049666666666666505,0.026079493860119256,0.0020666666666666654,0.016877648117463815,0.028814758654540865,0.06629254415347671,0.06554724827641628,-0.1628387387872514,0.5783532536520587,0.04980079681274896,0.15196895813217756,-0.08370684362417524,-0.005016825644325397,-0.020446245730532674,0.0051594797688504146,-0.0108410824801025,0.1049528260051158,0.05181323173271246,5.1,1.2831818181818182,0.05454545454545454,1.2286363636363637,0.09,0.691363636363636,0.04261168528131454,16.479999542236328,-0.09649124182932722,73.94999694824219,0.0
2021-09-01,-0.0365789037238521,0.0667771174373295,0.1566534575449937,0.2310756972111553,-0.0368490543927142,-0.0363087530549901,-0.0005403013377241,-0.0279774914308905,-0.0452499630799146,0.0172724716490241,-0.0404582212069364,-0.0331698065417478,-0.0072884146651886,-0.0367453037715538,-0.0364111563073432,-0.0003341474642105,0.0,0.0663,-0.027,-0.0053,0.0171,-0.0154,-0.044,0.0295,0.0134,0.0273,0.0316,-0.0364,-0.0066,-0.0455,-0.003,-0.0084,-0.0001,-0.0023,-0.0179,-0.0786,0.0735,-0.0272,-0.0026,0.055,-0.0214,0.0635,-0.0138,-0.0172,-0.0059,-0.0093,0.0352,-0.0193,0.02339999999999999,0.01611789895323427,0.02460833333333334,-0.01836666666666666,0.02107886777478037,0.01648333333333333,-0.03293333333333334,0.05790182783528227,0.013208333333333329,0.010333333333333312,0.03252654300721187,0.003774999999999997,-0.010800000000000016,0.0256772856820965,0.0018916666666666654,0.0020040779452557833,0.013551426118481232,0.06552369559504032,0.06419218258013677,0.12904514969506198,0.5000000000000002,-0.4282868525896415,0.15236043448614212,0.0905041096476038,-0.0011653125797254959,-0.001982499727057841,-0.0029979560744286195,-0.005475800414253797,0.1049528260051158,0.05363523425270289,4.7,1.3747619047619049,0.0419047619047619,1.332857142857143,0.08,0.7009523809523808,0.030124970172007215,23.139999389648438,0.40412621555864137,75.02999877929688,0.014604487838053348
2021-10-01,0.0594841934180269,0.0788605209463708,0.1832440394327153,0.7729083665338645,0.0505392020911998,0.068429184744854,-0.0178899826536542,0.0480811385201808,0.0709795807441956,-0.0228984422240148,0.0636084570526059,0.0558598405270332,0.0077486165255726,0.051502460273996,0.0675305559802281,-0.0160280957062321,0.0,-0.0158,-0.017,-0.0037,0.0719,0.017,0.0663,-0.044,0.0295,0.0134,0.0497,-0.0208,0.0112,-0.0066,-0.0455,-0.0316,0.0467,0.0512,-0.0023,-0.0179,-0.0102,0.0425,-0.0192,-0.0026,0.055,0.0243,-0.0077,0.02,-0.0172,-0.0059,-0.0272,-0.0057,-0.0003666666666666772,0.03217046264303128,0.023975000000000007,-0.013633333333333324,0.023455461339881467,0.017424999999999996,0.010333333333333325,0.05321435896447502,0.01974166666666666,0.011066666666666643,0.029686253833494533,0.003324999999999997,-0.001033333333333349,0.022126673194736362,0.005166666666666666,0.01632940075035195,0.014997245478195616,0.06826080330797996,0.0673706859659475,0.1809512595445828,0.5544488711819391,0.5418326693227092,0.16118327606257887,0.16974142993354802,-0.005229113410028462,-0.0032604648617617082,0.0017399641495789804,-0.008239178362763196,0.12344004389880814,0.06226591220771449,4.5,1.5825,0.052000000000000005,1.5305,0.08,0.6700000000000004,0.03562870970876397,16.260000228881836,-0.29732062844583884,83.56999969482422,0.11382115226534961
2021-11-01,-0.0234367222100198,0.0772030865580864,0.1597910857048813,0.3306772908366533,-0.0239147491317296,-0.0229586952883101,-0.0009560538434195,-0.0337202736267202,-0.0130699031705121,-0.0206503704562081,-0.0178920333783683,-0.0283093275469257,0.0104172941685574,-0.0249906988692286,-0.0218701627438539,-0.0031205361253747,0.0,0.0324,-0.0078,0.0326,0.0488,0.0429,-0.0158,0.0663,-0.044,0.0295,0.0029,0.1244,-0.027,0.0112,-0.0066,0.0127,0.0712,-0.0053,0.0512,-0.0023,0.0704,0.0209,0.0171,-0.0192,-0.0026,0.0234,-0.0225,-0.0154,0.02,-0.0172,0.0301,0.0128,0.017266666666666656,0.036382248418700074,0.031233333333333335,-0.007466666666666657,0.022689204481427007,0.011283333333333328,0.014533333333333323,0.05302510411745242,0.01575833333333333,-0.0015666666666666895,0.029128845954940762,0.0053916666666666635,-0.004200000000000016,0.019796102309966594,0.004358333333333331,-0.0001771441719483497,0.00835025197275775,0.07428024164726238,0.07028639290036942,-0.021017289366012992,0.4448871181938912,-0.4422310756972112,0.1665628608941968,-0.12798753946070707,-0.0064621126115992624,-0.00875878034373294,0.0036258320096471466,-0.00649425976527243,0.12344004389880814,0.06865559520296194,4.2,1.5595,0.051500000000000004,1.508,0.08,0.6590476190476191,0.03897545981936834,27.190000534057617,0.6722017313235555,66.18000030517578,-0.20808902061926726
2021-12-01,0.061657507847522,0.0687959175195447,0.1488500155686187,0.8625498007968128,0.0638028653029651,0.0595121503920788,0.0042907149108862,0.064406051567115,0.0588867087131954,0.0055193428539195,0.0586492271894458,0.0643011484258313,-0.0056519212363855,0.064731414975864,0.058558710782918,0.0061727041929459,0.0001,-0.0615,-0.0401,0.1286,0.0077,0.0773,0.0325,-0.0158,0.0663,-0.044,0.0273,0.0463,-0.017,-0.027,0.0112,-0.003,0.0493,-0.0037,-0.0053,0.0512,-0.0786,-0.0168,0.0719,0.0171,-0.0192,-0.0214,-0.0197,0.017,-0.0154,0.02,-0.0093,-0.0006,0.002166666666666657,0.03846023487534457,0.01955000000000001,-0.010933333333333324,0.01989228493662826,0.0039333333333333295,0.014066666666666656,0.041552264278456236,0.013708333333333331,0.023266666666666644,0.03905621589452827,0.01325833333333333,0.007199999999999984,0.016271816124821408,0.004708333333333333,0.032568326351843015,0.017286202148549416,0.07495317500800079,0.07023843530152042,-0.10889679951094033,0.6553784860557771,0.5318725099601594,0.16396171356873845,-0.06847109203869906,-0.004851773862062495,-0.012676489942101141,0.00417132981924818,-0.0043253092128869635,0.12344004389880814,0.07159457345112474,3.9,1.4649999999999999,0.05863636363636364,1.4063636363636363,0.08,0.651904761904762,0.022463731281071153,17.219999313354492,-0.36667896376886466,75.20999908447266,0.13644603713594505
2022-01-01,-0.0453929651290503,0.095428202176832,0.2238883196601176,0.3147410358565737,-0.0523844167534903,-0.0384015135046104,-0.0139829032488798,-0.0131775698472443,-0.077869213813948,0.0646916439667037,-0.0571254004264803,-0.0350826432010058,-0.0220427572254744,-0.038009179119901,-0.0528365388791645,0.0148273597592635,0.0,-0.0228,0.0286,0.0306,-0.0203,0.0303,-0.0615,0.0324,-0.0158,0.0663,0.0134,-0.0007,-0.0078,-0.017,-0.027,-0.0455,0.0681,0.0326,-0.0037,-0.0053,-0.0179,0.0322,0.0488,0.0719,0.0171,0.055,-0.0365,0.0429,0.017,-0.0154,-0.0059,0.0497,0.027633333333333326,0.03889908310830309,0.01839166666666667,-0.017266666666666656,0.019420993795375346,-0.0008250000000000041,0.007866666666666655,0.026663908190661077,0.017824999999999997,0.045933333333333305,0.03569414517816617,0.018966666666666663,0.014833333333333318,0.02371311873204362,0.008333333333333331,-0.0023907264971827166,0.006969337126584634,0.08047573541815452,0.0743682693630671,0.38712013179737226,0.5026560424966802,-0.547808764940239,0.17750980697787258,0.5041202300506769,-0.0035494140604710287,0.016520205454805027,-0.0057591280977674865,0.005959842608944904,0.1132969790649696,0.07578082463000535,4.0,1.764,0.14550000000000002,1.6185,0.08,0.6509999999999998,0.013181341030033655,24.829999923706055,0.4419280437746498,88.1500015258789,0.17205162344002423
2022-02-01,-0.0117392343423936,0.0823957177414443,0.1832388396836935,0.4083665338645418,-0.00820990867855,-0.0152543860075873,0.0070444773290372,-0.0048821265541073,-0.0186239917588585,0.0137418652047511,-0.0124506678709186,-0.0111113403569909,-0.0013393275139277,-0.0196803100594978,-0.003701708312936,-0.0159786017465617,0.0,0.0308,-0.0211,-0.019,-0.015,0.0321,-0.0228,-0.0615,0.0324,-0.0158,0.0295,0.0281,-0.0401,-0.0078,-0.017,-0.0066,0.045,0.1286,0.0326,-0.0037,-0.0023,0.072,0.0077,0.0488,0.0719,-0.0026,0.0033,0.0773,0.0429,0.017,-0.0172,-0.0199,-0.014966666666666677,0.0495492785013062,0.013325000000000005,-0.021633333333333324,0.01780805997294505,-0.00984166666666667,0.05249999999999999,0.052017359281942295,0.02585833333333333,0.04279999999999998,0.033846324271132745,0.022649999999999993,0.04573333333333331,0.035917052588800555,0.010633333333333333,0.0015084361253593498,0.0006656459767055162,0.08220661247927381,0.07824342706326796,-0.1365684791089118,0.5285524568393096,0.0936254980079681,0.18532572497080999,-0.18156141436111373,-0.0008825703363187958,0.027984284008458093,-0.009678001991929185,0.0016738207352159026,0.1132969790649696,0.07949220898953979,3.8,1.9342105263157894,0.3147368421052632,1.6194736842105262,0.08,0.7173684210526319,0.05429593086433182,30.149999618530273,0.21425693560897008,95.72000122070312,0.08587634218703699
2022-03-01,0.0324990325303662,0.0834838224753413,0.1946856952324531,0.649402390438247,0.0277027354979787,0.0372760673256758,-0.009573331827697,0.0372308405628307,0.027748144626803,0.0094826959360276,0.0329026083524221,0.0321428462934759,0.0007597620589461,0.0251609568420798,0.0399262346440163,-0.0147652778019364,0.0,-0.0941,-0.0035,0.0618,0.0341,0.0592,0.0308,-0.0228,-0.0615,0.0324,-0.044,0.0316,0.0286,-0.0401,-0.0078,0.0112,-0.0084,0.0306,0.1286,0.0326,0.0512,0.0735,-0.0203,0.0077,0.0488,-0.0192,0.0635,0.0303,0.0773,0.0429,0.02,0.0352,-0.01730000000000001,0.048144892425538474,0.009083333333333339,-0.006433333333333323,0.025210507068813073,-0.011208333333333334,0.06393333333333333,0.04914122505595482,0.022408333333333332,0.012066666666666644,0.03690748794847286,0.02068333333333333,0.050166666666666644,0.03073612966309624,0.014816666666666665,-0.008211055647025916,0.012178635352408568,0.08710258079787268,0.0810278779029366,0.013205840834003446,0.45750332005312105,0.2410358565737052,0.20060428485875478,0.062469591973618455,-0.005503919249179863,0.029305401702494127,-0.007540774226818653,-0.00530550659641153,0.1132969790649696,0.08540780148538585,3.7,2.1278260869565218,0.44739130434782615,1.6804347826086956,0.2,0.8613043478260867,0.030544104015221674,20.559999465942383,-0.3180762943258497,100.27999877929688,0.04763892081530274
2022-04-01,-0.0637816047987127,0.0834940243802365,0.2090848629133049,0.2191235059760956,-0.0537900655261187,-0.0737330174075614,0.0199429518814427,-0.0538836842780039,-0.0737194362892631,0.0198357520112592,-0.0623886277321537,-0.0650110125885167,0.002622384856363,-0.0528045683323526,-0.0748919655946238,0.0220873972622711,0.0,-0.0033,-0.0003,0.0844,0.0155,0.0395,-0.0941,0.0308,-0.0228,-0.0615,0.0663,0.0497,-0.0211,0.0286,-0.0401,-0.027,-0.0316,-0.019,0.0306,0.1286,-0.0053,-0.0102,-0.015,-0.0203,0.0077,0.0171,0.0243,0.0321,0.0303,0.0773,-0.0154,-0.0272,-0.017833333333333343,0.046479586917269444,0.009016666666666671,-0.010866666666666656,0.02350656645847441,-0.012266666666666669,0.04673333333333332,0.05379241582230716,0.014699999999999996,-0.009200000000000022,0.03609939981033853,0.014141666666666665,0.046566666666666645,0.03044805412501754,0.014558333333333331,-0.01434060220358005,-0.008365664350381366,0.08312452153234084,0.08180012847524755,0.00012220217753222684,0.4256308100929617,-0.4302788844621514,0.19566979927648387,0.07396109746871393,0.005804699127594306,0.014353437717345962,0.0006809398004604805,-0.002885494095408997,0.10396104142805984,0.08235161744022501,3.7,2.7475,0.7635,1.984,0.33,0.8950000000000005,0.029234354755085068,33.400001525878906,0.6245137350906051,104.69000244140625,0.04397690183278935
2022-05-01,0.0088541264170444,0.0859287945669807,0.1939559506983326,0.547808764940239,0.0082813181233635,0.0094246342758108,-0.0011433161524472,0.0252310751701349,-0.0075888584197279,0.0328199335898629,-2.945798624045461e-05,0.0166945626517617,-0.0167240206380022,0.0101020569047438,0.007591038878887,0.0025110180258568,0.0003,-0.084,0.0133,-0.06,0.0176,-0.0458,-0.003,-0.0941,0.0308,-0.0228,-0.0158,0.0029,-0.0035,-0.0211,0.0286,-0.017,0.0127,0.0618,-0.019,0.0306,-0.0037,0.0704,0.0341,-0.015,-0.0203,0.0719,0.0234,0.0592,0.0321,0.0303,0.017,0.0301,-0.028700000000000014,0.05008946662389881,-0.002966666666666662,0.0013333333333333426,0.022869783558223885,-0.009925000000000003,0.024466666666666654,0.05262168437694358,0.020699999999999996,-0.000400000000000023,0.03664314396991616,0.01495833333333333,0.04053333333333332,0.02188576401834453,0.021758333333333334,-0.007476148617100716,-0.002983856245870666,0.08430221380751964,0.0832544131433966,0.0291610112797549,0.47211155378486075,0.3286852589641434,0.1992421696146969,-0.07235775944835066,0.003075434633766172,0.02071279384571656,-0.004447291240897685,0.0032777124953971685,0.10396104142805984,0.08530051713089226,3.6,2.8980952380952383,0.9928571428571429,1.9052380952380954,0.77,0.9819047619047625,0.019110298059100916,26.190000534057617,-0.2158682833063601,104.69000244140625,0.0
2022-06-01,-0.0912465208716481,0.0787785987928182,0.1942347499507447,0.1155378486055776,-0.0914271209514045,-0.0910666460934167,-0.0003604748579878,-0.101493669988482,-0.0809580526051494,-0.0205356173833325,-0.0839526338629462,-0.0976839287240251,0.0137312948610789,-0.095844226961939,-0.0865929721972645,-0.0092512547646745,0.0006,0.0957,0.0178,-0.0415,0.0077,-0.0685,-0.0834,-0.0033,-0.0941,0.0308,0.0324,0.0273,-0.0003,-0.0035,-0.0211,-0.0078,-0.003,0.0844,0.0618,-0.019,0.0326,-0.0786,0.0155,0.0341,-0.015,0.0488,-0.0214,0.0395,0.0592,0.0321,0.0429,-0.0093,-0.022200000000000008,0.05064743823728902,-0.0034833333333333283,-0.008299999999999991,0.02288559954789636,-0.011008333333333335,0.04239999999999999,0.05075532156007553,0.021866666666666663,0.01153333333333331,0.027001629580453147,0.014299999999999998,0.04359999999999998,0.018115233000617577,0.022541666666666668,-0.04872466641777215,-0.028467861032399015,0.08273380591334528,0.08491819335560885,-0.08321070730939883,0.2941567065073043,-0.4322709163346614,0.19909185452079411,0.0014374359302113948,0.006146386957002572,0.01070668940592986,-0.00012344697352008557,0.005115720174484468,0.10396104142805984,0.08999298141923107,3.6,3.1433333333333335,1.5385714285714287,1.6047619047619048,1.21,1.0319047619047623,0.012217594016755706,28.709999084472656,0.09621987396059883,105.76000213623047,0.010220648293738366
2022-07-01,0.0950569707818158,0.0830063246105456,0.1904695089069765,0.8824701195219123,0.0959494094498633,0.0941681162048046,0.0017812932450587,0.0778950156403969,0.1122881273552564,-0.0343931117148595,0.0986004912656093,0.0919295455063464,0.0066709457592629,0.0846733137597756,0.1055667450956216,-0.0208934313358459,0.0008,-0.0377,0.0149,0.0018,-0.0478,0.0132,0.0965,-0.084,-0.0033,-0.0941,-0.0615,0.0134,0.0133,-0.0003,-0.0035,-0.0401,-0.0455,-0.06,0.0844,0.0618,0.1286,-0.0179,0.0176,0.0155,0.0341,0.0077,0.055,-0.0458,0.0395,0.0592,0.0773,-0.0059,-0.06046666666666667,0.0489409746531473,-0.01275833333333333,0.0031666666666666757,0.024378166460995526,-0.009650000000000002,0.02873333333333333,0.06904359975165453,0.02341666666666666,0.022399999999999975,0.020726022290830478,0.017549999999999996,0.017633333333333317,0.042199194305104895,0.0195,0.004221525442404016,-0.005059538380587998,0.08257123932344833,0.08284788042789444,0.05366591793344799,0.5152722443559098,0.7669322709163348,0.19288673651868463,-0.019385002141599328,9.250074487457246e-05,-0.0073695985027763715,0.0012260733274465478,-0.009211222691554532,0.09815227254977499,0.08447778206754553,3.5,2.896,2.298,0.5979999999999999,1.68,1.1555,0.00968659945597028,21.329999923706055,-0.25705327050177285,98.62000274658203,-0.06751133931002895
2022-08-01,-0.0282868803060193,0.069589437153047,0.1565823117343318,0.2948207171314741,-0.0294045436380567,-0.027173705581741,-0.0022308380563157,-0.0224878537645729,-0.0341092900190037,0.0116214362544307,-0.0226253712243451,-0.0332835909727999,0.0106582197484548,-0.0317163096596187,-0.0248157979643194,-0.0069005116952992,0.0019,-0.0934,-0.0097,0.0003,-0.0137,-0.0077,-0.0358,0.0957,-0.084,-0.0033,-0.0228,0.0295,0.0178,0.0133,-0.0003,0.0286,-0.0066,-0.0415,-0.06,0.0844,0.0306,-0.0023,0.0077,0.0176,0.0155,-0.0203,-0.0026,-0.0685,-0.0458,0.0395,0.0303,-0.0172,0.002799999999999988,0.07147370845282904,-0.0058999999999999955,0.010266666666666676,0.017705366418123262,-0.004375000000000003,-0.005700000000000011,0.05836767655703515,0.021449999999999997,0.013599999999999978,0.020726022290830478,0.013608333333333332,-0.024933333333333352,0.051842530802421266,0.014283333333333334,-0.008158810131950552,-0.007817479374525616,0.07712478685213708,0.08071350032982823,-0.16163692972130528,0.4309428950863216,-0.5876494023904382,0.1804288568640177,-0.17791402606700113,-0.0002700065564149276,-0.014435764281253772,0.010353486789598881,-0.012348399265273197,0.09815227254977499,0.08216255059541266,3.6,2.8978260869565218,2.721739130434783,0.1760869565217389,2.33,1.08304347826087,0.010521402147261716,25.8700008392334,0.21284580083292037,89.55000305175781,-0.09196916895379592
2022-09-01,-0.0897293595024152,0.0629895414448786,0.144092882188243,0.0657370517928286,-0.0902847931756088,-0.0891761564865437,-0.0011086366890651,-0.0950119215824128,-0.0844254967688692,-0.0105864248135436,-0.0803087023668158,-0.0980438031107284,0.0177351007439125,-0.088541086840104,-0.090932064626212,0.0023909777861079,0.0019,0.0786,0.0181,0.0797,0.0327,0.0643,-0.0915,-0.0377,0.0957,-0.084,0.0308,-0.044,0.0149,0.0178,0.0133,-0.0211,0.0112,0.0018,-0.0415,-0.06,-0.019,0.0512,-0.0478,0.0077,0.0176,-0.015,-0.0192,0.0132,-0.0685,-0.0458,0.0321,0.02,-0.008666666666666678,0.0721401321503272,-0.011499999999999996,0.015333333333333343,0.014826249244723822,-0.0025833333333333364,-0.033233333333333344,0.057450932687526234,0.021791666666666664,-0.007500000000000023,0.029180638558240435,0.009841666666666663,-0.03370000000000002,0.05081813652624422,0.016816666666666664,-0.007653089675539584,-0.02818887804665585,0.07186176773615723,0.07729778682475112,-0.09484048123069799,0.41434262948207196,-0.22908366533864552,0.1637149009431838,-0.07976271015387226,-0.0005193938334406943,-0.011119366757990806,0.011688088750543413,-0.008467655081679064,0.09815227254977499,0.08205751582451759,3.5,3.5190476190476194,3.221904761904762,0.2971428571428576,2.56,1.1061904761904762,0.024620187157526008,31.6200008392334,0.22226516480354275,79.48999786376953,-0.11233952925913171
2022-10-01,0.1004930606719685,0.0977182741839514,0.2200256208478832,0.8565737051792829,0.0955418926068686,0.1054243445279716,-0.009882451921103,0.1062175355281484,0.0947455032558846,0.0114720322722638,0.110154671539637,0.0919659571410338,0.0181887143986032,0.1036973920248708,0.0972498103147799,0.0064475817100908,0.0023,0.0469,-0.0275,0.0148,0.063,0.0315,0.0809,-0.0934,-0.0377,0.0957,-0.0941,0.0663,-0.0097,0.0149,0.0178,-0.0035,-0.027,0.0003,0.0018,-0.0415,0.0618,-0.0053,-0.0137,-0.0478,0.0077,0.0341,0.0171,-0.0077,0.0132,-0.0685,0.0592,-0.0154,-0.01180000000000001,0.07401531373078597,-0.015616666666666662,0.007666666666666676,0.011367746771751808,-0.004325000000000003,-0.013133333333333346,0.05639705666078686,0.01755,-0.017933333333333357,0.029033474932681904,0.010299999999999998,-0.02100000000000002,0.04913513678282238,0.014508333333333331,-0.005841059712155349,-0.0008097671348756506,0.07676575092729249,0.07966849512537026,0.5513412535232298,0.40571049136786214,0.7908366533864543,0.17356693825681938,0.5269707809747439,-0.0044073088888279275,0.004169014571050297,0.015527344963656847,0.0006460159336331702,0.07886457426572524,0.07757261470809462,3.6,3.9835000000000003,3.8725,0.11100000000000021,3.08,1.1580952380952372,0.010648183730078253,25.8799991607666,-0.18153072505123813,86.52999877929688,0.08856461321828868
2022-11-01,0.0693340100624657,0.0786084052813594,0.1816233738741592,0.8406374501992032,0.0692181277744088,0.0694494269598075,-0.0002312991853987,0.0616654882060307,0.0770334533779992,-0.0153679651719684,0.068410774658447,0.0701488352485883,-0.0017380605901412,0.0695211370487772,0.0691446102787496,0.0003765267700275,0.0029,-0.0638,-0.0019,0.0134,0.0032,0.0428,0.0498,0.0786,-0.0934,-0.0377,-0.0033,-0.0158,0.0181,-0.0097,0.0149,-0.0003,-0.017,0.0797,0.0003,0.0018,0.0844,-0.0037,0.0327,-0.0137,-0.0478,0.0155,0.0719,0.0643,-0.0077,0.0132,0.0395,0.017,-0.017500000000000005,0.08027958021813521,-0.01459166666666666,0.007766666666666675,0.011399371327694943,-0.0005666666666666699,0.02726666666666665,0.06017200068691974,0.02463333333333333,-0.009600000000000023,0.02873019317721344,0.011599999999999997,0.023266666666666647,0.050426170454107105,0.02115,0.02669923707733965,0.009270213472694565,0.07977207363672996,0.07844843024443339,-0.19556085145976188,0.5876494023904385,-0.015936254980079667,0.18191395897009519,-0.1745353419558069,-0.0037407959318555943,-0.004827452571082737,0.01139525151745818,0.0030716954220754034,0.07886457426572524,0.0713138036897829,3.6,3.8909999999999996,4.323,-0.43200000000000083,3.78,1.1684999999999999,0.0008902953837490735,20.579999923706055,-0.20479132182875825,80.55000305175781,-0.0691089311441182
2022-12-01,-0.0507481877092424,0.056933641852353,0.1386596406935542,0.1673306772908366,-0.0516010554496881,-0.0498987451404451,-0.0017023103092429,-0.0451609995576547,-0.0563579048453124,0.0111969052876576,-0.0551002823883413,-0.0469071344507954,-0.0081931479375459,-0.0491371878292064,-0.0523787543894409,0.0032415665602345,0.0033,0.0659,0.0439,-0.0394,-0.0242,-0.0443,-0.0605,0.0469,0.0786,-0.0934,-0.084,0.0324,-0.0275,0.0181,-0.0097,0.0133,-0.0078,0.0148,0.0797,0.0003,-0.06,0.0326,0.063,0.0327,-0.0137,0.0176,0.0488,0.0315,0.0643,-0.0077,-0.0458,0.0429,0.010699999999999993,0.08334351604454106,-0.009366666666666662,-0.0063666666666666585,0.018831294874932892,-0.0014416666666666699,0.03159999999999999,0.04877029492084982,0.026174999999999993,0.02733333333333331,0.03818331660118944,0.010858333333333331,0.02936666666666665,0.049238183015487734,0.02235833333333333,0.03969296100839725,0.01601993566642885,0.07775344043922142,0.07480760408768919,-0.27573086302192407,0.6215139442231078,-0.6733067729083666,0.18010287847186557,-0.23655398677029948,-0.003938687138581527,0.002433657462650996,0.0027525019569720477,0.003355225013450937,0.07886457426572524,0.06410831677385809,3.5,3.616190476190476,4.358095238095238,-0.7419047619047623,4.1,1.1652380952380952,-0.008016099812473643,21.670000076293945,0.05296405037068652,80.26000213623047,-0.0036002595225353984
2023-01-01,0.0767832810100983,0.0990740973478438,0.2352560501020859,0.7768924302788844,0.0764988527398427,0.0770654338541918,-0.0005665811143491,0.0710412250446096,0.0825253369755869,-0.0114841119309772,0.0763376382350342,0.0771782825607233,-0.0008406443256891,0.0764390335450548,0.0771331033328753,-0.0006940697878205,0.0035,-0.0257,0.0058,-0.008,0.0097,-0.0151,0.0694,-0.0638,0.0469,0.0786,0.0957,-0.0615,-0.0019,-0.0275,0.0181,0.0178,-0.0401,0.0134,0.0148,0.0797,-0.0415,0.1286,0.0032,0.063,0.0327,0.0077,0.0077,0.0428,0.0315,0.0643,-0.0685,0.0773,0.02056666666666666,0.07954378458853131,-0.01738333333333333,-0.003766666666666658,0.01842604135456141,-0.0009500000000000033,0.035966666666666654,0.03922812341505351,0.024575,0.032966666666666644,0.038056138357256755,0.007058333333333329,0.046199999999999984,0.046758528633822495,0.02235,0.03178970112110718,0.012974320704475933,0.07820538149385221,0.07748556621057222,0.7401679239978072,0.5949535192563083,0.6095617529880478,0.18517968822326644,0.6966440193077907,-0.0008333968696635609,-0.005218390605096004,-0.0035906176177920527,0.0009746745141471701,0.0778641972722196,0.06340296309929161,3.5,3.5315,4.6875,-1.1560000000000001,4.33,1.102500000000001,0.003188082918103907,19.399999618530273,-0.10475313566089717,80.26000213623047,0.0
2023-02-01,-0.0285163596524114,0.0621297076633361,0.1421867283802232,0.2569721115537848,-0.0337653205116895,-0.0233093904800076,-0.0104559300316818,-0.0387017579163066,-0.0183309613885162,-0.0203707965277903,-0.0207492960048582,-0.0354008024309245,0.0146515064260662,-0.0326295473198292,-0.0243365616583958,-0.0082929856614334,0.0034,0.0249,-0.0689,-0.0905,0.0227,-0.021,-0.0223,0.0659,-0.0638,0.0469,-0.0377,-0.0228,0.0439,-0.0019,-0.0275,0.0149,0.0286,-0.0394,0.0134,0.0148,0.0018,0.0306,-0.0242,0.0032,0.063,-0.0478,-0.0203,-0.0443,0.0428,0.0315,0.0132,0.0303,0.016333333333333325,0.07339431631037019,-0.006766666666666663,0.004833333333333342,0.024870223159433193,0.006049999999999996,-0.0037333333333333454,0.03866691953940305,0.010574999999999996,0.013999999999999978,0.040193681095416,0.004399999999999996,0.009999999999999981,0.038715870991967424,0.012216666666666667,-0.0008270887838518504,0.01293607414674392,0.07271248228784445,0.07624227796228707,-0.3728965559463837,0.40039840637450214,-0.5199203187250996,0.1720341397252878,-0.39560862167615507,-0.004241607151757928,-0.006886001057036638,0.0018725713876104136,-0.0019151629630064634,0.0778641972722196,0.05957648712766894,3.6,3.7468421052631578,4.787894736842105,-1.0410526315789475,4.57,1.0300000000000002,-0.001634816837026265,20.700000762939453,0.06701036958616524,77.05000305175781,-0.039995003725817435
2023-03-01,0.0042935490463041,0.0804420912868045,0.1737256408026735,0.5557768924302788,-0.0094570657177102,0.0179341588922064,-0.0273912246099166,-0.0208309705107891,0.0294180686033974,-0.0502490391141865,0.0162522098938026,-0.0063061730685239,0.0225583829623265,-0.0024766000773986,0.0111733362124961,-0.0136499362898948,0.0036,0.0063,-0.0257,-0.0012,0.0242,0.0285,0.0285,-0.0257,0.0659,-0.0638,-0.0934,0.0308,0.0058,0.0439,-0.0019,-0.0097,-0.0211,-0.008,-0.0394,0.0134,0.0003,-0.019,0.0097,-0.0242,0.0032,-0.0137,-0.015,-0.0151,-0.0443,0.0428,-0.0077,0.0321,-0.007866666666666675,0.0723364753541854,-0.007008333333333329,0.01593333333333334,0.024515824821259302,0.004149999999999997,-0.011333333333333346,0.03937266395186728,0.0073583333333333304,-0.003766666666666689,0.03188375239313385,0.006899999999999996,-0.005533333333333353,0.040881116260037036,0.008433333333333333,0.017520156801330317,0.0286065589048638,0.08054863209932828,0.07915103626927472,0.29474440347761166,0.5298804780876496,0.29880478087649404,0.18372280642832758,0.22181333505411094,-0.012804578585315828,-0.027367982524318005,0.01212308168756788,-0.007545663913049563,0.0778641972722196,0.04931348641757127,3.5,3.6630434782608696,4.858695652173913,-1.1956521739130435,4.65,1.1182608695652183,-0.0036512224493961964,18.700000762939453,-0.09661835392686213,75.66999816894531,-0.017910510423802206
2023-04-01,0.0060359553943637,0.0629093760085248,0.1564868647874455,0.547808764940239,0.0077529329716769,0.0043327136376691,0.0034202193340077,0.0085719634233186,0.0034999473654089,0.0050720160579097,0.0056099036749715,0.0064135921456432,-0.0008036884706717,0.0077292645117657,0.0043152242669633,0.0034140402448024,0.0035,0.0033,-0.0043,-0.0779,-0.0178,-0.0708,0.0098,0.0249,-0.0257,0.0659,0.0786,-0.0941,-0.0689,0.0058,0.0439,0.0181,-0.0035,-0.0905,-0.008,-0.0394,0.0797,0.0618,0.0227,0.0097,-0.0242,0.0327,0.0341,-0.021,-0.0151,-0.0443,0.0643,0.0592,0.021699999999999987,0.05548263391969302,-0.007499999999999995,-0.006399999999999993,0.03909088981676773,0.00016666666666666335,-0.045966666666666676,0.05728402918789847,0.0013999999999999974,0.0027333333333333116,0.02943404491401076,0.010041666666666662,-0.026800000000000018,0.04248656258159746,0.004008333333333333,-0.0060622850705812185,0.012863708025263001,0.06849372498622196,0.07334955324003696,-0.21795449369620912,0.45351925630810114,-0.007968127490039834,0.15746641132344744,-0.09922988878083161,-0.011475645102530227,-0.021849273194689035,0.012135400305907014,-0.006176293902175264,0.06452744124307475,0.049469474880623254,3.4,3.46,5.0735,-1.6135000000000002,4.83,1.0678947368421055,-0.001843454258675048,15.779999732971191,-0.15614978132809798,76.77999877929688,0.014668965735578743
2023-05-01,-0.0255985903989793,0.1103337635559281,0.2054408674151081,0.2669322709163346,-0.0407859726099141,-0.010532707245732,-0.0302532653641821,-0.0519031337900315,0.0007059529920727,-0.0526090867821043,-0.0111421172391998,-0.0384122825178748,0.027270165278675,-0.0410025086338949,-0.0099452159983162,-0.0310572926355786,0.0036,0.0646,0.0128,-0.0013,0.0232,-0.0154,0.0069,0.0063,0.0249,-0.0257,0.0469,-0.0033,-0.0257,-0.0689,0.0058,-0.0275,-0.0003,-0.0012,-0.0905,-0.008,0.0148,0.0844,0.0242,0.0227,0.0097,0.063,0.0155,0.0285,-0.021,-0.0151,0.0315,0.0395,0.0018333333333333233,0.04782887900282287,0.0008666666666666706,-0.029599999999999998,0.037969272664441105,-0.0016833333333333368,-0.03323333333333335,0.04039021746248306,-0.0038500000000000027,0.018866666666666646,0.028773506332504372,0.009216666666666663,-0.0025333333333333514,0.03516877402848533,0.0014499999999999997,-0.005089695319437184,-0.002958392051644499,0.08456174361708595,0.07863711295246506,0.7538524550136512,0.45683930942895096,-0.2808764940239044,0.17855112433507578,0.3128313848843245,-0.018074756880030327,-0.03259536994612704,0.016341619923443282,-0.013764396226890331,0.06452744124307475,0.04125314539356473,3.6,3.5736363636363637,5.308181818181819,-1.7345454545454548,5.06,1.0990909090909096,-0.003995717112307395,17.940000534057617,0.13688218235981697,68.08999633789062,-0.11318054935616173
2023-06-01,0.0803123634302931,0.0760225944208015,0.1603639297329882,0.9103585657370518,0.0837055634759325,0.0769327361848362,0.0067728272910962,0.0753788092417628,0.0852657310894601,-0.0098869218476972,0.0876227882586182,0.0738571203743381,0.01376566788428,0.0860273588525866,0.0744816798415564,0.0115456790110302,0.004,0.0321,0.0286,0.0406,-0.0059,0.0066,0.0686,0.0033,0.0063,0.0249,-0.0638,-0.084,-0.0043,-0.0257,-0.0689,-0.0019,0.0133,-0.0779,-0.0012,-0.0905,0.0134,-0.06,-0.0178,0.0242,0.0227,0.0032,0.0176,-0.0708,0.0285,-0.021,0.0428,-0.0458,0.01149999999999999,0.04410108464274627,0.0014166666666666709,-0.032966666666666665,0.03729731446990084,-0.00201666666666667,-0.056533333333333345,0.04277193784091004,-0.017375000000000005,0.009699999999999978,0.020272806087630494,0.006441666666666664,-0.021100000000000018,0.04295166663433055,-0.0077416666666666675,0.020249909475225817,0.018885033138278086,0.08308857799508494,0.08181860504720649,-0.31097615117365496,0.5750332005312087,0.6434262948207172,0.17409722064518066,-0.2194156316086746,-0.006686739579692728,-0.01914133085729727,0.01341071489742778,-0.005365857793248663,0.06452744124307475,0.030592533347792994,3.6,3.7480952380952384,5.4157142857142855,-1.6676190476190471,5.08,1.1038095238095238,-0.008893464531073647,13.59000015258789,-0.24247493043334134,70.63999938964844,0.03745048008379448
2023-07-01,0.0384751613555424,0.0689590413203294,0.1652508473160907,0.7330677290836654,0.0355634133731045,0.0413752623460506,-0.005811848972946,0.0471880930156555,0.0297272380020153,0.0174608550136401,0.0343488372808752,0.0421187833686447,-0.0077699460877695,0.0376343411034038,0.0393330022605583,-0.0016986611571545,0.0045,-0.0236,-0.0365,-0.0115,0.0335,-0.0241,0.0366,0.0646,0.0033,0.0063,0.0659,0.0957,0.0128,-0.0043,-0.0257,0.0439,0.0178,-0.0013,-0.0779,-0.0012,-0.0394,-0.0415,0.0232,-0.0178,0.0242,-0.0242,0.0077,-0.0154,-0.0708,0.0285,-0.0443,-0.0685,0.024733333333333326,0.03636748089525408,0.013800000000000007,-0.005733333333333324,0.038288518731686066,-0.0020583333333333365,-0.026800000000000015,0.03983884620149876,-0.012483333333333334,0.009866666666666643,0.02189794510907363,0.00690833333333333,-0.01923333333333335,0.03321128824160039,-0.005208333333333335,0.031062978128952052,0.012500346529185436,0.0851051330990198,0.07679942904262076,-0.09291386533553181,0.6367861885790175,-0.1772908366533864,0.17701854815472903,0.030473920109337582,-0.009764095682010627,-0.015011717872053803,0.011088629025061846,-0.007070091593900964,0.06601313532832864,0.0328032820234625,3.5,3.8994999999999997,5.4885,-1.5890000000000004,5.12,1.0775000000000006,-0.0031247838929887584,13.630000114440918,0.0029433378516490194,81.80000305175781,0.1579841981672605
2023-08-01,-0.028249659029017,0.0704069546364697,0.1496282057529503,0.3306772908366533,-0.036295195892161,-0.0202363043133256,-0.0160588915788353,-0.0374565194386736,-0.0190058232763497,-0.0184506961623239,-0.021526964583347,-0.034185925067835,0.012658960484488,-0.0320476244719536,-0.0243748116945229,-0.0076728127774307,0.0045,-0.0523,-0.0178,0.0149,0.0187,-0.0077,-0.0191,0.0321,0.0646,0.0033,-0.0257,-0.0377,0.0286,0.0128,-0.0043,0.0058,0.0149,0.0406,-0.0013,-0.0779,-0.008,0.0018,-0.0059,0.0232,-0.0178,0.0097,-0.0478,0.0066,-0.0154,-0.0708,-0.0151,0.0132,0.033333333333333326,0.03059283685222197,0.008500000000000006,0.012366666666666677,0.034629895562456936,-0.0011583333333333365,-0.01286666666666668,0.050569427522960994,-0.00564166666666667,-0.00016666666666668908,0.017665644624524798,0.005774999999999996,-0.026533333333333353,0.03318829110795951,0.0010499999999999995,0.030179288585606156,0.0125447966330845,0.07179619679253368,0.07817897020480968,0.020996714693501062,0.658034528552457,-0.40239043824701204,0.15841432760067642,-0.0945389498261241,-0.005032637753561695,-0.003625587665460338,0.0062182274269995145,0.0007247350254816704,0.06601313532832864,0.037186358677607556,3.7,4.167826086956522,5.559130434782609,-1.391304347826087,5.33,1.0647826086956522,-0.0025421306219911566,13.569999694824219,-0.00440208504130013,83.62999725341797,0.02237156642283078
2023-09-01,-0.0469342645459367,0.0536348436366984,0.1348519696921365,0.1673306772908366,-0.0561352277872995,-0.0377701051575394,-0.01836512262976,-0.0464892779412499,-0.0473810382454214,0.0008917603041715,-0.0426310259070149,-0.0507341054572865,0.0081030795502716,-0.0529370978258833,-0.0408099164222665,-0.0121271814036168,0.0043,-0.0315,-0.0403,0.002,0.0241,-0.0069,-0.048,-0.0236,0.0321,0.0646,0.0249,-0.0934,-0.0365,0.0286,0.0128,-0.0689,-0.0097,-0.0115,0.0406,-0.0013,-0.0905,0.0003,0.0335,-0.0059,0.0232,0.0227,-0.0137,-0.0241,0.0066,-0.0154,-0.021,-0.0077,0.024366666666666658,0.030004977364875157,0.009675000000000003,0.0016333333333333432,0.03540500906180755,-0.00544166666666667,0.00926666666666665,0.05038093554775131,-0.006750000000000003,0.01693333333333331,0.02024385503471779,0.012549999999999997,-0.010966666666666685,0.03342158982853245,-0.002058333333333334,-0.012236254073137116,0.0040068277010443685,0.06433361319783264,0.07371109559645866,-0.23821668024657916,0.41035856573705193,-0.16334661354581673,0.14991034092039254,-0.09875301241806445,-0.013411954393847096,-3.269361483743785e-05,0.004330697982330048,-0.00716621844606733,0.06601313532832864,0.03695082332223443,3.8,4.379,5.5555,-1.1765000000000008,5.33,1.0295000000000005,-0.002672476942852109,17.520000457763672,0.29108333469204406,90.79000091552734,0.08561525645412771
2023-10-01,-0.0359772141436634,0.0710778747485539,0.1626012955113464,0.3067729083665338,-0.0509044297284418,-0.0211097074212242,-0.0297947223072176,-0.0390703907586768,-0.0328716151326058,-0.0061987756260709,-0.0239916352301857,-0.0465607064672626,0.0225690712370768,-0.0486537820932962,-0.0230440355067911,-0.025609746586505,0.0047,0.0888,-0.002,0.0167,-0.0373,-0.0108,-0.0268,-0.0523,-0.0236,0.0321,0.0063,0.0786,-0.0178,-0.0365,0.0286,-0.0257,0.0181,0.0149,-0.0115,0.0406,-0.0012,0.0797,0.0187,0.0335,-0.0059,0.0242,0.0327,-0.0077,-0.0241,0.0066,0.0285,0.0643,-0.01460000000000001,0.04096919167699884,0.013100000000000006,-0.008566666666666656,0.024507692669853847,-0.0061166666666666696,0.014666666666666653,0.039631637193871645,-0.005533333333333337,0.015433333333333313,0.019936574429926576,0.015249999999999994,-0.008400000000000019,0.03346732237073448,-0.002058333333333334,-0.037053712572872384,-0.0029953672219601487,0.06503989100724082,0.07507251205313019,0.32521827098085376,0.2682602921646748,0.13944223107569723,0.14902715698547778,0.20577619950647263,-0.021406245505270965,-0.007919237161407772,0.014443703757278813,-0.01513658025585083,0.06179216431929557,0.03246537507676717,3.9,4.798095238095239,5.604761904761905,-0.8066666666666666,5.33,1.0152380952380957,-0.007742988102069082,18.139999389648438,0.03538806596377819,90.79000091552734,0.0
2023-11-01,0.0974001072731871,0.0918306933299338,0.2022197944137939,0.8764940239043825,0.0911970186272642,0.1036031959191099,-0.0124061772918457,0.0782703336662857,0.1165298808800885,-0.0382595472138028,0.1016985952618141,0.0935882405662915,0.0081103546955226,0.0897862812751894,0.1051988845100025,-0.015412603234813,0.0044,0.0486,0.0727,0.0489,-0.0297,0.0129,0.0932,-0.0315,-0.0523,-0.0236,0.0033,0.0469,-0.0403,-0.0178,-0.0365,-0.0043,-0.0275,0.002,0.0149,-0.0115,-0.0779,0.0148,0.0241,0.0187,0.0335,-0.0178,0.063,-0.0069,-0.0077,-0.0241,-0.0708,0.0315,-0.035800000000000005,0.04356565925894697,0.003925000000000004,-0.03153333333333332,0.02728526464351546,-0.010983333333333336,0.001799999999999985,0.03973163307324115,-0.012008333333333336,0.02543333333333331,0.019925026139673414,0.014533333333333329,-0.012900000000000017,0.027013286854188332,-0.007991666666666666,0.004829542861195644,0.017504415723400918,0.07218113723839552,0.07198866701546447,0.2919729754835152,0.4501992031872512,0.5697211155378487,0.1665576865390923,0.24365426350297992,-0.020188674076274424,-0.014522187511900738,0.012927501827623679,-0.017716510408311594,0.06179216431929557,0.03139855644977696,3.7,4.502857142857143,5.522857142857143,-1.0200000000000005,5.33,1.0099999999999998,-0.0009043615385835313,12.920000076293945,-0.28776182408987716,75.95999908447266,-0.16334399913546416
2023-12-01,0.0676643465713185,0.0717806107232401,0.1796291596788795,0.8306772908366534,0.0765094403012931,0.058819252841344,0.017690187459949,0.066092884980829,0.0692358081618081,-0.0031429231809791,0.064753902994321,0.0702453059697881,-0.005491402975467,0.0745625891849419,0.0605985353112104,0.0139640538737315,0.0043,0.0073,-0.0572,-0.0238,0.0067,-0.0097,0.0529,0.0888,-0.0315,-0.0523,0.0646,-0.0638,-0.002,-0.0403,-0.0178,0.0128,-0.0019,0.0167,0.002,0.0149,-0.0013,0.0134,-0.0373,0.0241,0.0187,0.0232,0.0032,-0.0108,-0.0069,-0.0077,-0.0154,0.0428,0.001666666666666659,0.05719599344942503,0.007416666666666671,-0.020033333333333323,0.02739029025037902,-0.008858333333333338,0.011199999999999986,0.018214682722097288,-0.011850000000000005,0.0018333333333333118,0.02641517871729564,0.0061749999999999965,-0.008466666666666685,0.010184187089142864,-0.011516666666666668,0.043029079900280716,0.015396412913571819,0.07822972626724274,0.07128166973253758,-0.2183374847738193,0.6713147410358569,-0.04581673306772904,0.1814834165346733,-0.11171327119781427,-0.008170237379704763,-0.015867082006950937,0.00839600765237748,-0.009019431982528829,0.06179216431929557,0.03322200208829762,3.8,4.0200000000000005,5.442,-1.4219999999999997,5.33,0.9030000000000005,0.008386591076755323,12.449999809265137,-0.03637772943137829,71.6500015258789,-0.05674035822197343
2024-01-01,-0.0026717553580077,0.0764031732062276,0.1493474249224674,0.4860557768924303,-0.0160823285451752,0.0107388178291596,-0.0268211463743349,-0.010867184284971,0.0055236735689555,-0.0163908578539265,0.0042952760359848,-0.0088500662168314,0.0131453422528162,-0.0079601591867723,0.0027451117216579,-0.0107052709084302,0.0047,0.0507,-0.0082,-0.0343,-0.0206,-0.0217,0.012,0.0486,0.0888,-0.0315,0.0321,0.0659,0.0727,-0.002,-0.0403,0.0286,0.0439,0.0489,0.0167,0.002,0.0406,-0.0394,-0.0297,-0.0373,0.0241,-0.0059,-0.0242,0.0129,-0.0108,-0.0069,0.0066,-0.0443,0.03529999999999999,0.05462522311167254,0.016783333333333338,0.010133333333333341,0.043305307603880086,-0.0026416666666666693,0.02253333333333332,0.022807717991943043,-0.00889166666666667,-0.014300000000000021,0.029526304656469764,0.00343333333333333,-0.001600000000000018,0.013147775477243195,-0.014008333333333331,0.054130899495499284,0.008538593461313469,0.08000482575313397,0.07252235838018727,0.06439848360736877,0.7310756972111556,-0.34462151394422313,0.1770654596717136,-0.1685791706120896,-0.007179045402077194,-0.019264442749569472,0.005254764657623947,-0.004051273423170563,0.0548093625012378,0.031079425939238847,3.7,4.058095238095238,5.453809523809523,-1.395714285714285,5.33,0.809047619047619,-0.012762549126908995,14.350000381469727,0.1526104900652796,75.8499984741211,0.05861823948077949
2024-02-01,0.0471604582558064,0.0882980238955404,0.1884578583551793,0.7191235059760956,0.038361028341668,0.0559598881699447,-0.0175988598282767,0.0267872832396501,0.0675336332719627,-0.0407463500323125,0.061551821261985,0.0343983061559876,0.0271535151059974,0.0414465294046524,0.0530131869980815,-0.0115666575934291,0.0042,0.0284,-0.0121,0.0416,0.0133,0.0114,0.0549,0.0073,0.0486,0.0888,-0.0236,-0.0257,-0.0572,0.0727,-0.002,-0.0365,0.0058,-0.0238,0.0489,0.0167,-0.0115,-0.008,0.0067,-0.0297,-0.0373,0.0335,0.0097,-0.0097,0.0129,-0.0108,-0.0241,-0.0151,0.04823333333333332,0.05357855603379649,0.011900000000000006,0.004500000000000008,0.04634243915318522,-0.011066666666666669,0.013933333333333317,0.0253909170111414,-0.007591666666666669,-0.02010000000000002,0.029422281805914854,0.00600833333333333,-0.002533333333333351,0.01189595169234745,-0.011125000000000001,0.03738434982303905,0.021106946342117367,0.07882726927500285,0.07550420325669906,0.15568529669842635,0.6786188579017267,0.23306772908366535,0.17247814765217542,0.2618755124369625,-0.008909939580887526,-0.020093377022406038,0.01160248479444888,-0.0027692915427092635,0.0548093625012378,0.0316642120765831,3.9,4.2075000000000005,5.4405,-1.2329999999999997,5.33,0.7404999999999999,-0.003543266402759926,13.399999618530273,-0.06620214199897845,78.26000213623047,0.03177328557141146
2024-03-01,0.0464599839308155,0.0629011971173054,0.1451868932309989,0.8047808764940239,0.0479785094654155,0.0449414583962156,0.0030370510691999,0.0583835273591422,0.0345364405024889,0.0238470868566532,0.0453601197262148,0.0474353352065936,-0.0020752154803787,0.0505839530218185,0.0422358374529866,0.0083481155688319,0.0043,-0.0465,-0.0259,-0.0045,0.0114,-0.0031,0.0327,0.0507,0.0073,0.0486,-0.0523,0.0249,-0.0082,-0.0572,0.0727,-0.0178,-0.0689,-0.0343,-0.0238,0.0489,0.0149,-0.0905,-0.0206,0.0067,-0.0297,0.0187,0.0227,-0.0217,-0.0097,0.0129,-0.0077,-0.021,0.035533333333333326,0.05389426685650343,0.01826666666666667,0.0024333333333333416,0.044954777276725644,-0.012233333333333337,-0.0030666666666666815,0.030132418865180238,-0.009783333333333337,-0.014533333333333355,0.02619616384129556,0.0034833333333333296,-0.006166666666666684,0.011258137797462962,-0.011675,0.030316228942871382,0.03667265442157607,0.07586746473969126,0.07704859550346689,-0.28762621922638176,0.6699867197875168,0.08565737051792821,0.16099739216954856,-0.22960552296327852,-0.013794318377803892,-0.011096707009861937,0.012741213959478312,-0.0046412709776757965,0.0548093625012378,0.034690014354717524,3.9,4.2085,5.468500000000001,-1.2600000000000007,5.33,0.7459999999999996,-0.00557312624665296,13.010000228881836,-0.029104432891858045,83.16999816894531,0.06273953358917383
2024-04-01,-0.0464079248170498,0.066424472292405,0.1599443116219643,0.2589641434262948,-0.0523324606257857,-0.040483389008314,-0.0118490716174717,-0.0429417421205766,-0.0498741075135231,0.0069323653929465,-0.0481478953609482,-0.0448518002174124,-0.0032960951435358,-0.0513600439455215,-0.0413359963548248,-0.0100240475906967,0.0047,0.0432,0.0059,-0.0131,0.0317,-0.0285,-0.0418,0.0284,0.0507,0.0073,-0.0315,0.0063,-0.0121,-0.0082,-0.0572,-0.0403,-0.0257,0.0416,-0.0343,-0.0238,0.002,-0.0012,0.0133,-0.0206,0.0067,0.0241,0.0242,0.0114,-0.0217,-0.0097,-0.0069,0.0285,0.028799999999999992,0.04124748477180158,0.01855833333333334,-0.025833333333333323,0.04478646000746217,-0.007500000000000003,-0.005500000000000014,0.0338005571946184,0.001224999999999997,-0.00020000000000002077,0.02523868063112652,0.0026999999999999962,-0.006666666666666685,0.013587445185415254,-0.008975,0.01573750578985735,0.03493420264267833,0.07254123110175041,0.07627302842744206,0.05601284771304105,0.5942895086321384,-0.545816733067729,0.16452968773604754,0.10164428801080327,-0.008803626792182826,-0.003322299260904271,0.0072607348273609805,-0.0044141965384312965,0.05873540753914219,0.033540471111874304,3.9,4.539090909090909,5.443636363636364,-0.9045454545454552,5.33,0.7236363636363645,-0.009971062585799939,15.649999618530273,0.2029207796466992,81.93000030517578,-0.014909196718397077
2024-05-01,0.0291589742757919,0.0802495638489562,0.1735135110185451,0.6633466135458167,0.0267917969273509,0.0315261516242329,-0.004734354696882,0.0266331429204806,0.0316848056311032,-0.0050516627106226,0.0332839039970659,0.025469886185445,0.0078140178116209,0.021218513743975,0.0372915427237012,-0.0160730289797261,0.0044,0.028,-0.0432,-0.0336,0.0056,-0.018,0.0476,-0.0465,0.0284,0.0507,0.0888,0.0033,-0.0259,-0.0121,-0.0082,-0.002,-0.0043,-0.0045,0.0416,-0.0343,0.0167,-0.0779,0.0114,0.0133,-0.0206,-0.0373,-0.0178,-0.0031,0.0114,-0.0217,-0.0108,-0.0708,0.010866666666666658,0.04604514089456132,0.014158333333333337,-0.01539999999999999,0.0430520034377032,-0.007516666666666669,0.0009333333333333199,0.0341535161684221,0.0009499999999999969,0.001366666666666646,0.022463629863997213,0.0016333333333333295,-0.004466666666666685,0.013521094630243423,-0.011608333333333332,0.009737011129852514,0.0235606804764458,0.06985841108622233,0.07434284018061248,0.20813250116150295,0.5756972111553788,0.4043824701195219,0.15954823862383613,0.08483702395526405,-0.00451545841505126,0.008575929846325695,0.0008142357292354804,-0.0059163203338636295,0.05873540753914219,0.03238866396761142,4.0,4.482272727272727,5.455,-0.9727272727272727,5.33,0.6981818181818182,-0.0006499644303002983,12.920000076293945,-0.17444086957062233,76.98999786376953,-0.06029540367393571
2024-06-01,-0.0007583964167421,0.0637505208486461,0.1356561186369558,0.4243027888446215,-0.0165592728825217,0.0150424800490373,-0.0316017529315591,-0.0170964254112742,0.0155796325777898,-0.032676057989064,0.0089406207329173,-0.0094326117543622,0.0183732324872795,-0.0130788088103244,0.0118600904702331,-0.0249388992805575,0.0041,0.0122,0.0834,0.0562,0.0026,0.0028,0.0321,0.0432,-0.0465,0.0284,0.0486,0.0646,0.0059,-0.0259,-0.0121,0.0727,0.0128,-0.0131,-0.0045,0.0416,0.0489,-0.0013,0.0317,0.0114,0.0133,-0.0297,0.0232,-0.0285,-0.0031,0.0114,0.0129,-0.0154,0.00836666666666666,0.03722895378599839,0.01748333333333334,-0.010699999999999989,0.04329871437660332,-0.0066666666666666706,0.007999999999999986,0.034698856849565946,0.006349999999999997,0.01879999999999998,0.022959849012279418,0.00575833333333333,-0.006733333333333352,0.016932778862313105,-0.008083333333333333,-0.006002448986000018,0.012156889978435703,0.07014151899666925,0.07300449186818013,-0.20559666880388539,0.44887118193891123,-0.23904382470119517,0.1563713137591551,-0.21818123648908871,-0.016061726415304258,-0.010265118435580037,0.007630385051788213,-0.017011991950326762,0.05873540753914219,0.029700853998204435,4.1,4.3052631578947365,5.5063157894736845,-1.201052631578948,5.33,0.6915789473684208,0.007734749239909133,12.4399995803833,-0.0371517409501696,81.54000091552734,0.05909862550988576
2024-07-01,0.0451002571584653,0.0875989325460253,0.2025345216123867,0.7250996015936255,0.0560803862999059,0.0341201280170248,0.0219602582828811,0.0606444887216031,0.0295560255953276,0.0310884631262754,0.0316810347224423,0.0571015994880407,-0.0254205647655984,0.0531981589000023,0.0368064384393106,0.0163917204606916,0.0045,0.0161,-0.0355,-0.011,0.0076,0.0082,0.0167,0.028,0.0432,-0.0465,0.0073,0.0321,-0.0432,0.0059,-0.0259,-0.0572,0.0286,-0.0336,-0.0131,-0.0045,-0.0238,0.0406,0.0056,0.0317,0.0114,0.0067,-0.0059,-0.018,-0.0285,-0.0031,-0.0097,0.0066,0.008233333333333325,0.0351727972539386,0.014433333333333338,-0.02106666666666666,0.02348588938064745,-0.011333333333333336,-0.017066666666666678,0.028391647832886887,0.00365833333333333,0.01623333333333331,0.01689229607444378,0.004291666666666663,-0.016533333333333355,0.014376647731651407,-0.0083,0.02450027833917168,0.020118892064514535,0.07719967241454267,0.07487045175814643,0.3740896761298489,0.6042496679946882,0.300796812749004,0.17056805042262924,0.49299953181184186,-0.004791949781853325,-0.002213085857803738,0.0002555618444340148,-0.00820673593319733,0.051178125785623196,0.029384633061405374,4.2,4.248636363636364,5.431818181818182,-1.1831818181818177,5.33,0.7181818181818187,-0.009226344732312097,16.360000610351562,0.3151126336169441,77.91000366210938,-0.04451799377802956
2024-08-01,0.0262515146995095,0.072701903839602,0.1494825434383925,0.7151394422310757,0.0207424110373736,0.0317606183616454,-0.0110182073242718,0.0173889067849251,0.0351141226140939,-0.0177252158291687,0.036704314052473,0.0169031620706327,0.0198011519818403,0.0197587153949984,0.032901397858162,-0.0131426824631636,0.0048,0.0173,-0.0092,-0.0277,0.002,-0.0029,0.0209,0.0122,0.028,0.0432,0.0507,-0.0236,0.0834,-0.0432,0.0059,-0.0082,-0.0365,0.0562,-0.0336,-0.0131,-0.0343,-0.0115,0.0026,0.0056,0.0317,-0.0206,0.0335,0.0028,-0.018,-0.0285,-0.0217,-0.0241,0.02779999999999999,0.03491622354531874,0.012775000000000003,0.015366666666666674,0.04413857345527464,-0.006766666666666668,0.003166666666666653,0.038369506121398056,0.004958333333333331,0.013299999999999979,0.01703850541176275,0.004999999999999997,-0.014566666666666684,0.015563729201790433,-0.008616666666666667,0.023531125147077548,0.01663406813846505,0.07468378574475794,0.07227109841549002,-0.17005947759233553,0.6215139442231078,-0.009960159362549792,0.16255772789591172,-0.2619404225592996,-0.006886567324316593,-0.006437603563985771,0.004251273234507148,-0.00722995376100983,0.051178125785623196,0.026109140322338353,4.2,3.8709090909090906,5.295454545454546,-1.4245454545454552,5.33,0.7377272727272732,-0.004050008280501727,15.0,-0.08312961855826828,73.55000305175781,-0.0559620126480882
2024-09-01,0.0245035502200461,0.06229016539571,0.1376528390451829,0.6653386454183267,0.0232453399764237,0.0257617604636685,-0.0025164204872447,0.0137955671560799,0.0352115332840124,-0.0214159661279325,0.0318012378083438,0.0179769390561724,0.0138242987521713,0.0260014981494725,0.0229693616149078,0.0030321365345647,0.004,-0.01,-0.0089,0.0086,-0.0148,0.0098,0.0213,0.0161,0.0122,0.028,0.0284,-0.0523,-0.0355,0.0834,-0.0432,-0.0121,-0.0178,-0.011,0.0562,-0.0336,0.0416,0.0149,0.0076,0.0026,0.0056,0.0133,0.0187,0.0082,0.0028,-0.018,0.0114,-0.0077,0.018766666666666657,0.03137761410092665,0.016083333333333335,0.0015666666666666745,0.04649506066956656,-0.006683333333333335,0.003866666666666655,0.03498454897046222,0.0049999999999999975,0.005266666666666646,0.010380879859947756,0.002841666666666663,-0.002333333333333351,0.01566903528193948,-0.005925,0.03195177402600694,0.012974662520003484,0.07419700059377925,0.07216925979522412,-0.14321135890557712,0.7018592297476762,-0.04980079681274907,0.16322330136532073,-0.07913769809573168,0.0028085434904548735,-0.0026842396102752714,0.0027349619894710808,0.0020937248440309037,0.051178125785623196,0.02432541464144644,4.1,3.7235,4.922,-1.1984999999999997,5.13,0.7350000000000003,-0.012004422838397089,16.729999542236328,0.11533330281575527,73.55000305175781,0.0
2024-10-01,-0.013165635129595,0.0804252901358685,0.1750025709965453,0.4183266932270916,-0.0244186888426068,-0.0019125814165832,-0.0225061074260235,-0.0201827265716691,-0.0061485436875208,-0.0140341828841483,-0.0062552079535439,-0.0193459039625162,0.0130906960089723,-0.0249641705721263,-0.0010816512489379,-0.0238825193231883,0.0039,0.0649,0.0459,0.0015,-0.0231,-0.0205,-0.0061,0.0173,0.0161,0.0122,-0.0465,-0.0315,-0.0092,-0.0355,0.0834,-0.0259,-0.0403,-0.0277,-0.011,0.0562,-0.0045,0.002,0.002,0.0076,0.0026,0.0114,0.0241,-0.0029,0.0082,0.0028,-0.0031,-0.0069,0.01519999999999999,0.03064685410717829,0.021883333333333338,0.012900000000000009,0.04641609275527912,-0.005966666666666669,0.0058333333333333215,0.03218157340259594,0.0014499999999999975,0.0040666666666666455,0.011104908824479476,0.0014499999999999962,0.002699999999999982,0.01372813412910379,-0.0055249999999999995,0.012529809929986847,0.018515044134579283,0.0718057864570603,0.07450272943580137,0.2911394539563621,0.5996015936254983,-0.24701195219123506,0.15404598449337362,0.2713328123882921,-0.012013578412513326,-0.01772512161374984,0.015572048914327981,-0.01133102175059573,0.04926908344081604,0.025714034967967203,4.1,4.095454545454545,4.718181818181818,-0.622727272727273,4.83,0.6840909090909086,-0.009947356843759692,23.15999984741211,0.3843395386199917,69.26000213623047,-0.05832767828042684
2024-11-01,0.0667784045185154,0.0886918133514767,0.1794364804515575,0.7808764940239044,0.0607433158065674,0.0728134932304634,-0.012070177423896,0.0609053648596395,0.0726514441773913,-0.0117460793177517,0.0724804078677049,0.0616788769949007,0.0108015308728041,0.0541547079211504,0.0797075131303328,-0.0255528052091824,0.004,-0.0315,-0.0383,-0.03,0.0189,-0.0121,0.0689,-0.01,0.0173,0.0161,0.0432,0.0888,-0.0089,-0.0092,-0.0355,0.0059,-0.002,0.0086,-0.0277,-0.011,-0.0131,0.0167,-0.0148,0.002,0.0076,0.0317,-0.0373,0.0098,-0.0029,0.0082,-0.0285,-0.0108,0.0077999999999999875,0.017643922466390627,0.023675,-0.01786666666666666,0.04532402232812097,-0.0033500000000000023,-0.010033333333333347,0.03271248487453483,0.001999999999999998,-0.001733333333333354,0.014987517028069343,-0.0017916666666666706,0.005033333333333315,0.015358732586599203,-0.004133333333333333,0.02603877320298881,0.0247849491750332,0.07713575629435188,0.07590977101955478,0.10278512146667973,0.6215139442231078,0.36254980079681276,0.16403063016442862,0.025336253231958095,-0.012364235112388058,-0.015732076109944173,0.012572175211315914,-0.015467729332601996,0.04926908344081604,0.027141684004842848,4.2,4.35578947368421,4.62,-0.26421052631579034,4.64,0.6405263157894732,-0.015579409481489392,13.510000228881836,-0.4166666529407841,68.0,-0.01819234908125067
2024-12-01,-0.0626470581959053,0.0636423747344194,0.1358287217699601,0.1115537848605577,-0.0655630495835491,-0.0597310668082615,-0.0058319827752875,-0.0745343046898398,-0.0507598117019708,-0.0237744929878689,-0.0557320079865377,-0.0688314615906982,0.0130994536041605,-0.0699340743209348,-0.0551837432936573,-0.0147503310272774,0.0037,0.028,-0.0123,0.0163,-0.0235,-0.0324,-0.0278,0.0649,-0.01,0.0173,0.028,0.0486,0.0459,-0.0089,-0.0092,-0.0432,0.0727,0.0015,0.0086,-0.0277,-0.0336,0.0489,-0.0231,-0.0148,0.002,0.0056,-0.0297,-0.0205,0.0098,-0.0029,-0.018,0.0129,0.024066666666666653,0.024703474789322055,0.021683333333333336,0.009266666666666675,0.04934909995802026,0.0006416666666666648,-0.00586666666666668,0.03239104814605423,0.000733333333333331,-0.011966666666666688,0.012531520258931124,-0.0006083333333333371,-0.004533333333333352,0.01306180181547187,-0.004941666666666666,-0.00301142960232832,0.014470172211839336,0.07758649274058833,0.07589174666718367,-0.2824323651810895,0.4369189907038515,-0.6693227091633467,0.16342259107268767,-0.24302615929523974,-0.01346942254173566,-0.01651825172992297,0.012330560161978981,-0.021395218519882696,0.04926908344081604,0.02872366268806581,4.1,4.3914285714285715,4.39095238095238,0.00047619047619118504,4.48,0.6047619047619044,-0.0027414662172438042,17.350000381469727,0.2842339072932578,68.0,0.0
2025-01-01,0.0367703519373042,0.0689976615164531,0.1637925328209253,0.7270916334661355,0.0261608721016685,0.0473798317729398,-0.0212189596712712,0.0287162615274544,0.0448244423471539,-0.0161081808196994,0.0413274932448317,0.0326947199000059,0.0086327733448257,0.0251357848136208,0.0486864005236573,-0.0235506157100364,0.0037,-0.0243,-0.0491,0.0491,0.0108,0.0306,0.0317,-0.0315,0.0649,-0.01,0.0122,0.0073,-0.0383,0.0459,-0.0089,0.0834,-0.0572,-0.03,0.0015,0.0086,0.0562,-0.0238,0.0189,-0.0231,-0.0148,0.0026,0.0067,-0.0121,-0.0205,0.0098,0.0028,-0.0097,0.007799999999999992,0.03230510795524454,0.015008333333333337,-0.0004333333333333249,0.04841535569079995,-0.008608333333333336,-0.006633333333333346,0.031692207244052965,-0.005841666666666669,-0.006333333333333354,0.015301459625364763,0.0034416666666666628,-0.007600000000000019,0.011917843764708344,-0.007025,0.013633899419971415,0.013081854674979151,0.07377728320078321,0.07279153482892164,0.08414655808148885,0.5398406374501994,0.6155378486055778,0.15968591168081434,0.20587553712185236,-0.013040373290151558,-0.01720958437510667,0.01084458594059678,-0.0212845839821654,0.046465950918973986,0.029994125128311122,4.0,4.629047619047618,4.342857142857143,0.286190476190475,4.33,0.6138095238095236,0.00849002693950851,16.43000030517578,-0.05302593983090231,72.52999877929688,0.06661762910730706
2025-02-01,-0.0070660764946643,0.0891188314303885,0.2139610856135549,0.4940239043824701,-0.0153464724691277,0.001214319479799,-0.0165607919489267,0.0009521343906558,-0.0150842873799845,0.0160364217706403,-0.0135433717053838,-0.0012731747401717,-0.012270196965212,-0.0069062859453039,-0.0072297329444124,0.0003234469991085,0.0033,-0.0639,-0.0149,0.029,0.0211,-0.0047,-0.021,0.028,-0.0315,0.0649,0.0161,0.0507,-0.0123,-0.0383,0.0459,-0.0355,-0.0082,0.0163,-0.03,0.0015,-0.011,-0.0343,-0.0235,0.0189,-0.0231,0.0076,-0.0206,-0.0324,-0.0121,-0.0205,0.0082,-0.0217,0.020466666666666657,0.03300985711369667,0.01673333333333334,-0.0015666666666666583,0.030274108850083033,-0.004866666666666668,-0.00406666666666668,0.019141447176219555,-0.002500000000000002,-0.009233333333333352,0.01756968032340565,0.0009249999999999965,-0.021666666666666685,0.0165717128464943,-0.008916666666666666,-0.010980927584421818,0.007528922809283519,0.07391962256042048,0.07552768942738605,0.29162104152091195,0.44422310756972133,-0.23306772908366535,0.17119411340148014,0.30629328412351375,-0.014537244798495127,-0.007948750678976003,0.003154009994591415,-0.012659166579401762,0.046465950918973986,0.028142703731568686,4.1,4.451052631578947,4.332105263157895,0.11894736842105225,4.33,0.602631578947368,0.008119858403550007,19.6299991607666,0.19476559927894566,69.76000213623047,-0.038191047700073644
2025-03-01,-0.0357893047058053,0.0731967317936333,0.1773118384660633,0.3127490039840637,-0.033653970256489,-0.0379246391551215,0.0042706688986325,-0.0212479160348339,-0.0503306933767766,0.0290827773419427,-0.0435262988748229,-0.0288698042603064,-0.0146564946145164,-0.0377005572569738,-0.0338318121735601,-0.0038687450834137,0.0034,-0.0084,-0.0186,-0.034,-0.0285,-0.0267,-0.0605,-0.0243,0.028,-0.0315,0.0173,0.0284,-0.0491,-0.0123,-0.0383,-0.0092,-0.0121,0.0491,0.0163,-0.03,-0.0277,0.0416,0.0108,-0.0235,0.0189,0.002,0.0133,0.0306,-0.0324,-0.0121,-0.0029,0.0114,-0.009266666666666675,0.03646773916765343,0.010483333333333338,-0.03323333333333333,0.03297892761547403,-0.008275000000000001,0.011799999999999986,0.029553995781732623,0.004449999999999998,0.0020666666666666472,0.018087205422618526,0.003541666666666663,-0.004633333333333351,0.022499725924256593,-0.004558333333333332,-0.002028343087721818,-0.0025198863450250474,0.07710440824682512,0.0773454504937066,-0.17866144990009314,0.51128818061089,-0.18127490039840644,0.18502181896684786,-0.17128931199052488,-0.011169694240521793,0.009670339430961196,-0.006097972744967553,-0.009031971264780532,0.046465950918973986,0.024055852640280317,4.2,4.2804761904761905,4.335714285714285,-0.055238095238094864,4.33,0.6428571428571432,0.005802453773984029,22.280000686645508,0.1349975363817293,71.4800033569336,0.02465598004633418
2025-04-01,-0.0209451457354489,0.0775944898631423,0.1855245910394917,0.3525896414342629,-0.034522036531705,-0.0073682549391928,-0.0271537815925122,-0.0443733542309918,0.0024830627600939,-0.0468564169910857,-0.0129079081336641,-0.0281331657793093,0.0152252576456452,-0.0434304726515488,0.0020841810253953,-0.0455146536769441,0.0035,0.0606,-0.0072,-0.0288,0.0129,0.0251,-0.0049,-0.0639,-0.0243,0.028,-0.01,-0.0465,-0.0149,-0.0491,-0.0123,-0.0089,-0.0259,0.029,0.0491,0.0163,0.0086,-0.0045,0.0211,0.0108,-0.0235,-0.0148,0.0114,-0.0047,0.0306,-0.0324,0.0098,-0.0031,-0.020066666666666674,0.0459048000395021,0.0027916666666666715,-0.025433333333333325,0.03296480951964801,-0.008508333333333335,0.03146666666666665,0.026715794329696976,0.003399999999999998,0.002799999999999981,0.021001111081718222,0.004191666666666663,-0.002166666666666685,0.022484787449888518,-0.0059,-0.021266842311972855,-0.003816471446000698,0.0799700176957215,0.07687365044825224,0.06008134464128512,0.3864541832669324,0.03984063745019922,0.19226583837303668,0.04631812880898134,-0.013147968214268793,-0.0005790726261675714,-0.003900477978027719,-0.016353317253749763,0.04592867118874899,0.023337465177498906,4.2,4.279047619047619,4.322380952380952,-0.043333333333333,4.33,0.7309523809523819,0.008823523543694645,24.700000762939453,0.10861759433178464,58.209999084472656,-0.1856463856919187
2025-05-01,0.0440272795916825,0.0841320547554892,0.1907469735873282,0.6952191235059761,0.0343925412376704,0.0536620179456946,-0.0192694767080242,0.026579222616118,0.061475336567247,-0.034896113951129,0.0580184402715254,0.031514430228955,0.0265040100425703,0.0342142111707881,0.0540777609582437,-0.0198635497874556,0.0038,0.0486,-0.0002,-0.016,-0.032,0.0145,0.0644,-0.0084,-0.0639,-0.0243,0.0649,0.0432,-0.0186,-0.0149,-0.0491,0.0459,0.0059,-0.034,0.029,0.0491,0.0015,-0.0131,-0.0285,0.0211,0.0108,-0.0231,0.0317,-0.0267,-0.0047,0.0306,-0.0205,-0.0285,-0.03220000000000001,0.04588248758150185,0.00596666666666667,-0.027533333333333323,0.032965299937965216,-0.007900000000000003,0.014699999999999986,0.0328820569105199,0.0009416666666666641,0.0011333333333333137,0.0233184690749629,0.0008666666666666628,-0.00026666666666668587,0.022654594824597155,-0.007866666666666666,-0.004235723616523919,-0.0076083256004728485,0.0783077588040884,0.0761136906822543,0.08425295280473599,0.45351925630810114,0.34262948207171323,0.1845278010309611,0.028149274005001557,-0.014050863133967958,-0.017556584533424003,0.009024257691233046,-0.023082316182604465,0.04592867118874899,0.023759340869898393,4.2,4.423809523809524,4.361428571428571,0.06238095238095287,4.33,0.7428571428571429,0.0011332203087355275,18.56999969482422,-0.24817817322956737,60.790000915527344,0.04432231354806704
2025-06-01,0.0342328637642769,0.0717130663452178,0.1587638018441713,0.6852589641434262,0.0224133445879544,0.0460523829405994,-0.0236390383526449,0.0286590994193852,0.0398066281091686,-0.0111475286897834,0.0326224610128575,0.0356731107532821,-0.0030506497404245,0.0261808471311585,0.0424796872514224,-0.0162988401202638,0.0034,0.0198,-0.0015,-0.0127,-0.0029,-0.0207,0.052,0.0606,-0.0084,-0.0639,-0.0315,0.028,-0.0072,-0.0186,-0.0149,-0.0383,-0.0432,-0.0288,-0.034,0.029,-0.03,-0.0336,0.0129,-0.0285,0.0211,0.0189,0.0056,0.0251,-0.0267,-0.0047,-0.0121,-0.018,-0.0039000000000000076,0.044570906056155865,0.007416666666666671,-0.01356666666666666,0.016513267393220808,-0.008991666666666667,-0.011266666666666682,0.03578411193066931,-0.0003666666666666688,0.0018333333333333136,0.02203249872347668,-0.0007000000000000037,-0.0021000000000000172,0.02618974353953593,-0.003399999999999999,0.019104999206836813,0.00853832805955752,0.07781320365461658,0.07745880595072073,-0.1476130405511238,0.5776892430278887,-0.009960159362549903,0.17834512215699708,-0.16767328540871607,-0.02335409888439376,-0.03096668654399937,0.012892872649263682,-0.02722568119488783,0.04592867118874899,0.026726833178446263,4.1,4.3835,4.421,-0.03750000000000053,4.33,0.6875,0.005292683410311749,16.729999542236328,-0.09908455481023681,60.790000915527344,0.0
2025-07-01,0.0102843665853716,0.0936517494695542,0.1894933813504419,0.5697211155378487,0.0092188553420133,0.0113498778287298,-0.0021310224867164,0.0039517299057945,0.0166170032649486,-0.0126652733591541,0.0106772407136385,0.0099330036857517,0.0007442370278868,0.0084796824706394,0.0121327124125569,-0.0036530299419175,0.0034,0.0185,0.0488,0.0442,-0.0068,0.0207,0.0232,0.0486,0.0606,-0.0084,0.028,0.0122,-0.0002,-0.0072,-0.0186,-0.0123,0.0834,-0.016,-0.0288,-0.034,0.0163,0.0562,-0.032,0.0129,-0.0285,-0.0235,0.0026,0.0145,0.0251,-0.0267,-0.0324,0.0028,0.03359999999999999,0.04751389972067827,0.009133333333333339,-0.00866666666666666,0.01695721085556258,-0.005408333333333334,-0.026266666666666685,0.0338182790809941,0.0010999999999999977,-0.015866666666666685,0.023919253054112445,-0.0038333333333333366,0.004299999999999982,0.02666283305777284,-0.0006916666666666664,0.029514836647110316,0.004123997167568754,0.08316562352342054,0.08156782060957089,0.3059230938295998,0.6500664010624172,-0.11553784860557759,0.17966805226064717,0.1935553265248211,-0.015013179182461827,-0.01956963866668884,0.008065865776677547,-0.013271806616545631,0.04592867118874899,0.027318012794754543,4.2,4.391818181818182,4.412272727272728,-0.02045454545454639,4.33,0.6477272727272734,0.01615692613305031,16.719999313354492,-0.0005977423284794225,69.26000213623047,0.13933214497681745
2025-08-01,0.0282912640451791,0.074802709002825,0.168941547833885,0.6752988047808764,0.0312432479938588,0.0253392800964994,0.0059039678973594,0.0392373691445105,0.0173451589458476,0.0218922101986629,0.025936774941594,0.0303969769415929,-0.0044602019999989,0.0321674580250788,0.0243212911786689,0.0078461668464098,0.0038,0.0339,-0.0218,-0.0105,-0.0203,-0.0222,0.0223,0.0198,0.0486,0.0606,-0.0243,0.0161,-0.0015,-0.0002,-0.0072,-0.0491,-0.0355,-0.0127,-0.016,-0.0288,0.0491,-0.011,-0.0029,-0.032,0.0129,0.0108,0.0076,-0.0207,0.0145,0.0251,0.0306,0.0082,0.04299999999999999,0.04689490377429092,0.009766666666666672,-0.0029666666666666596,0.018097154472458073,-0.012483333333333332,-0.019166666666666683,0.03353986682541644,-0.004641666666666669,-0.007333333333333352,0.022428820744747172,-0.00429166666666667,0.006299999999999982,0.024022857171174795,-0.0026499999999999996,0.024269498131609182,0.010016887257542654,0.0800558416058658,0.07918180020497699,-0.20126736097820508,0.6434262948207173,0.1055776892430278,0.17239957700949946,-0.10845673537562306,-0.006622030980667294,-0.0006401972834248713,-0.002255538237512185,-0.004035234405257164,0.04592867118874899,0.029392196249335534,4.3,4.2647619047619045,4.3047619047619055,-0.040000000000000924,4.33,0.6442857142857141,0.008952424004962767,15.359999656677246,-0.08133969572540567,64.01000213623047,-0.07580132599005052
