Ticker,Alpha,Beta_MKT,Beta_SMB,Beta_HML,Beta_RMW,Beta_CMA,R_squared,Adj_R_squared,ResidVar,N_obs,Weight
A,0.004782510165197552,1.3997041460330053,0.3363479629817736,-0.5477867799549052,-0.9704168036695712,0.6745736430592144,0.4713934915010145,0.46275613025103113,0.007867658578318644,312,0.0020161290322580645
AAPL,0.01423406092304891,1.08519973512139,0.3494149833155218,-0.5321431959923981,0.21452347049044276,-0.7581412154042451,0.2805280347255805,0.2720436955124388,0.01025560461436718,430,0.0020161290322580645
ABBV,0.009228188123573091,0.7255811721295833,0.06235124246436091,0.09066262943429133,0.15129457225419046,0.5180723478854573,0.1969313375716697,0.16980063951665847,0.004536570921326335,154,0.0020161290322580645
ABNB,0.0007976188500746873,1.0782387408009824,0.542246145327359,-0.4844112532029853,-1.2300330719370254,0.5107308992274064,0.37466761747550914,0.3156739964826326,0.008596186784920726,59,0.0020161290322580645
ABT,0.003006399774663758,0.7019464791379567,-0.2963924126342773,-0.2742860557472909,0.3437500828083428,0.5205646713256348,0.2463776957033964,0.23749064022820066,0.002461134664620803,430,0.0020161290322580645
ACGL,0.005052958966780275,0.44029119618322843,0.42129455949106365,0.16787743518409437,0.4030558025902973,0.11914757783990994,0.1511768774148352,0.13925520434481875,0.003469433204233349,362,0.0020161290322580645
ACN,0.0035529040050427873,1.1045214076652048,0.18264943001410403,-0.4611574764456353,0.07621155012471478,-0.0011025568002510137,0.4885339708766767,0.47959225708081443,0.0027396226437029357,292,0.0020161290322580645
ADBE,0.010286808247977512,1.3053399455543562,0.3084969309333307,-0.5382698128509218,-0.42339061848446824,0.017618644877311233,0.3007689763375645,0.29252332747362064,0.011404376491946065,430,0.0020161290322580645
ADI,0.010601353647989724,1.3668756466331724,0.36920062957230043,-0.29653065576693843,-0.8359792935176862,-0.12307793852635562,0.45324096591588836,0.4467933357969719,0.0074124004839753,430,0.0020161290322580645
ADM,-0.0011506220596476334,0.7590818624780254,-0.02262392886200064,0.09090569078846447,0.4534315440239989,0.5643265979789639,0.1693851480999511,0.15959016163886552,0.004960983414425119,430,0.0020161290322580645
ADP,0.002588565330982169,0.8893849910860733,-0.18652651210787755,-0.06472480326760416,0.26108199080504435,0.22930493056514353,0.359483429318044,0.3519301678713228,0.0023003718161676246,430,0.0020161290322580645
ADSK,0.005016092915998102,1.4143403127087775,0.4962590313766779,-0.1157619184607593,-0.10046388697845511,-0.4423625996066435,0.3578323103275518,0.3502595781380182,0.009558191858832568,430,0.0020161290322580645
AEE,0.0018414645025679123,0.5000865283934042,-0.24643241675642572,0.039143423764869394,0.265297384309173,0.5510673659101427,0.20059266651409202,0.1884065791133922,0.0022328787504302845,334,0.0020161290322580645
AEP,0.001182619843913194,0.5021345517766238,-0.27117945870035354,0.1788478072120298,0.23516926187419732,0.5602755448926492,0.19442315276596878,0.18492342579386944,0.0024985823136856036,430,0.0020161290322580645
AES,0.001738299342191387,1.3280550842497232,0.3461148199886163,0.2733402419023403,-0.3569442992816282,0.1533867565836089,0.23918066202006683,0.22983398710630842,0.013244794233500475,413,0.0020161290322580645
AFL,0.0029595246743119572,1.1679068015942635,-0.37436158452648494,0.7552034567154027,0.2978045238986501,-0.02347355377560046,0.4083540059554438,0.4013770484785033,0.004061052722177604,430,0.0020161290322580645
AIG,-0.0004522455001578606,1.5365066934282428,-0.760855891454784,1.808025879404021,-0.9144011972457418,-0.4680833374693315,0.23293840704918745,0.2238928693964657,0.02285368067778318,430,0.0020161290322580645
AIZ,0.005962521906044246,0.811844409331022,0.05960299977634616,0.40828474866898784,-0.25688147274630857,-0.09985702938328878,0.29857436374223956,0.28482091989404823,0.0040353523558185654,261,0.0020161290322580645
AJG,0.003815088120490213,0.7036718755469227,0.1065544071443713,0.28807441977080056,0.47852951020440565,0.10331941956051992,0.20624642811357619,0.19688612655831172,0.003801664524442073,430,0.0020161290322580645
AKAM,0.01294770005849547,1.3131649632086355,-0.20440253197952826,-0.6150104493040404,-2.1098185325270813,0.15030901398687388,0.30232240063402815,0.2909595732827909,0.025089309293471494,313,0.0020161290322580645
ALB,0.0005786832274555828,1.3300523014132606,0.43793979319065135,0.5214488871770494,0.49546572110513315,-0.3071666438795106,0.34824319902192136,0.33955310834221364,0.007420824524094158,381,0.0020161290322580645
ALGN,0.013286607409391329,1.640512454699639,1.3310699030120328,-0.799709078634135,-0.8315923731294862,-0.17097406689100916,0.31968995501332487,0.3080408104073886,0.02275616355706137,298,0.0020161290322580645
ALL,0.0008263578964508516,0.9349448284275497,-0.34045620386323344,0.7936803686774446,0.23529924411357037,0.17597373331996832,0.3945827768426423,0.3866791577413713,0.0033815772437916663,389,0.0020161290322580645
ALLE,0.0021376345070208877,0.9389568995917893,0.5260726394003056,0.18710166169743797,0.409188674983136,-0.04970362353654259,0.5022365092568939,0.48420160017199876,0.002466481418427377,144,0.0020161290322580645
AMAT,0.010645484434979499,1.587629022767092,0.34703994950346834,-0.2061010598804978,-0.3563456520007898,-0.5044483025536584,0.4564452439188128,0.45003540009710064,0.008221286941379016,430,0.0020161290322580645
AMCR,-0.004625879697317892,0.7456334542257806,-0.00681281464381149,0.2478732780776817,0.34049066085300883,0.12664912310379522,0.31268113238608564,0.2906516815010243,0.002524284128715447,162,0.0020161290322580645
AMD,0.010333239775614695,2.0097605514875214,0.13456043241039556,-0.32577894167189475,-0.40098164807123143,-0.07192413461867385,0.2680774519857618,0.2594462898629525,0.025362124026743513,430,0.0020161290322580645
AME,0.0006135626212080889,1.0845987340058805,0.33766562358175306,3.305903915768009e-05,0.8219803152298932,0.3163014893459802,0.39208501126591033,0.3849162024364988,0.003301723282659601,430,0.0020161290322580645
AMGN,0.010883259861478829,0.7463135551302023,-0.06226127409428261,-0.4900180550566087,-0.04303128318510662,0.3674604811347825,0.14787607804728575,0.13782744689218296,0.0068695246263109295,430,0.0020161290322580645
AMP,0.003559865570514903,1.521624039344123,0.1348651207499211,0.7437040300353693,-0.09716218944637434,-0.23105590550273547,0.7003171207597767,0.6939679072165517,0.002599495222455362,242,0.0020161290322580645
AMT,0.010355574532579742,0.977596248786005,-0.18995981393071962,-0.7237616142501738,-1.3010509338272989,1.3120423893041562,0.20844082216604676,0.19633747082302,0.0169101204462394,333,0.0020161290322580645
AMZN,0.026838786040815632,1.4978296275309948,-0.5736126997659735,-0.7444466226723111,-0.49324528894609293,-0.8203312626336459,0.31323100540217663,0.30301122869685193,0.01827655364261192,342,0.0020161290322580645
ANET,0.01668316404790047,1.2616916901159312,-0.1299239294041448,-0.6088290063282417,0.12541475955216622,-0.11442301096659752,0.2772599766138233,0.24967447953801503,0.009960669899255554,137,0.0020161290322580645
AON,0.0030816701494350146,0.8330766479804219,-0.3691183468181723,0.4703407820894179,0.3189784122296481,-0.3126914221217111,0.25036386885917983,0.24152382014289664,0.004360500866513795,430,0.0020161290322580645
AOS,0.0024573433028681375,0.9832275060694593,0.7793141701193322,-0.04864689447182987,1.0152746249831817,0.39173834230943877,0.25925453783403574,0.2505193319122673,0.006408222609001801,430,0.0020161290322580645
APA,-0.004391306345083687,1.583572925278811,0.5669318875720017,0.7876315289547502,0.783675411184791,0.5506893983419995,0.2254158324744685,0.21628158521591268,0.019344108141764568,430,0.0020161290322580645
APD,-0.001569917031380104,1.1107541220876442,0.024668330707937346,0.01613462920825131,0.6304026954754887,0.33071103997352724,0.39653747919151006,0.3894211758800892,0.003105521358067383,430,0.0020161290322580645
APH,0.01224270599594614,1.231037608641951,0.07122412686554153,-0.30275381806716195,-0.24075231999559996,0.06283265879323821,0.3478560462864776,0.33974480308108557,0.006512449303918725,408,0.0020161290322580645
APO,0.004905267239452841,1.535370002777651,0.07249988150659445,0.2573006490553411,-0.0873846960117366,-0.3174116700699566,0.44918489192502076,0.4329844475698743,0.00585298649244443,176,0.0020161290322580645
APTV,-0.003805016808772869,1.528454721607137,0.8576343476304593,0.202192777565565,0.7908047245472968,-0.5102168457492909,0.5504599168776354,0.5365852229541056,0.004925926367692135,168,0.0020161290322580645
ARE,-0.0011056547778977989,0.8286644245969352,0.45502402864074254,0.256696568877236,0.37524440761811595,0.2819630711115975,0.27856424508057076,0.26782859396569825,0.004557658265100869,342,0.0020161290322580645
ATO,0.003103594984620282,0.45629636416519137,0.2503770031352929,-0.06463097124169238,0.5055016642304276,0.41467704031216857,0.13820188877660122,0.12803917520085362,0.002725844472115677,430,0.0020161290322580645
AVB,0.0011500351219105235,0.756467814505848,0.3571626969367998,0.386623030587397,0.3271129737960644,-0.051711574238661635,0.3580418066013926,0.3494594778126412,0.0025229682219364983,380,0.0020161290322580645
AVGO,0.02083443634511127,1.0486442916219405,-0.06430878109598992,-0.3702992650400406,-0.17227010699599019,-0.15232715726473312,0.27295078993397837,0.25371668384757573,0.006056208028269644,195,0.0020161290322580645
AVY,-0.001354889272142466,1.0541286619983576,0.05903554957595961,0.2538766793296252,0.31664582187291085,0.12601324870490085,0.3590773213685864,0.35151927091302726,0.003562249384724391,430,0.0020161290322580645
AWK,0.005114866365902049,0.47516034050540745,-0.04238907643125159,-0.3881536368716274,0.34608436547728455,0.6294806619583242,0.16466381487108683,0.14428976157525963,0.002524062386119651,211,0.0020161290322580645
AXON,0.03182389999839672,1.0203314221717532,1.903707373239252,-0.9677004838934266,-0.936462584048066,1.3534116183898988,0.20581785323204382,0.19198192733016306,0.02986369676601394,293,0.0020161290322580645
AXP,0.000955894984636432,1.3525831522182543,-0.11946914415631521,0.7104178433796609,-0.05523293756810727,-0.07930192451435102,0.4836325570517692,0.4775433183377571,0.0039703382208744874,430,0.0020161290322580645
AZO,0.007903958632374058,0.6836113501639414,0.3539228747070635,-0.0028844021045402483,0.857856018012652,-0.06514625235891112,0.15700073222529742,0.14669511770482435,0.005472102014850907,415,0.0020161290322580645
BA,-0.002811172703743154,1.1564738310054585,0.29991104329360685,0.3495856625253838,0.48898492875086,0.14376530603055535,0.3223545854692276,0.3143634838827798,0.005472899061943577,430,0.0020161290322580645
BAC,0.0009046675460121546,1.3226413172922975,-0.24816188143603984,1.9789853885799829,-0.5673146007810119,-1.2654415969240567,0.5505011057873965,0.5452004112801725,0.005070238436447182,430,0.0020161290322580645
BALL,0.0018077302399184903,0.6671707643643953,0.0664980844116867,-0.02990781090652173,0.7694587497926905,-0.09738443647796126,0.17764603328114537,0.16794846291889476,0.0042176384457908835,430,0.0020161290322580645
BAX,-0.002175003465908634,0.7842603765030098,-0.2741332012949407,-0.10781954277612496,0.12528311856791335,0.8246570854984323,0.19258323460691928,0.18306181048671788,0.004210610137505429,430,0.0020161290322580645
BBY,0.015032365805749905,1.1909698534780488,0.8111869281386485,0.12498998201808376,0.1960397320035546,-0.9169211534316685,0.19208181146093006,0.18255447433193162,0.019632742863455992,430,0.0020161290322580645
BDX,0.0028380163320325985,0.6526078820692587,0.09789851579660294,-0.3166042138815797,0.11056647763289755,0.68453603761593,0.17537293221790473,0.16564855641858767,0.0034808296660247258,430,0.0020161290322580645
BEN,-0.0037868338797191624,1.5095769040306926,0.22928803501685588,0.44992724993210137,0.3886205895431525,0.23027602741828387,0.4960297110949776,0.4900866652352486,0.004379580054964336,430,0.0020161290322580645
BF-B,-0.001122693878064674,0.7193927066368905,0.02666840724249342,0.029772965104608157,0.7778177426705043,0.016927466485786965,0.25330596650200465,0.24450061233339626,0.002971629928117192,430,0.0020161290322580645
BG,0.004934123161618036,0.7798912955546102,-0.34204226908049845,0.6231688276103351,-0.2124642731802937,-0.3571975092873851,0.20541010207502797,0.19146992842722144,0.005958245487836414,291,0.0020161290322580645
BIIB,0.014407105779777938,0.7748324154232918,0.7137592949922683,-0.9505710349140795,-0.32398599928058797,0.08379383022512941,0.1667587516552902,0.15644635996785572,0.018311570562791785,410,0.0020161290322580645
BK,0.0024771094380716153,1.1954640892006045,-0.41455434909435573,0.8715531173243382,-0.2871644653915493,-0.3837881730558614,0.4584253167344733,0.4520388228280402,0.0038009419654833226,430,0.0020161290322580645
BKNG,0.016470694629049317,1.5803064673576455,-0.18620814736002425,-0.14577954041191368,-0.8786119554306058,-0.5506151361581705,0.22266976746789913,0.21029189752312039,0.02745495938530635,320,0.0020161290322580645
BKR,-0.003217042338362007,1.1989930226273926,0.2932377573431352,0.6451317141280779,0.038605127635662706,0.46198519527685217,0.2741487040475439,0.26558913687829333,0.00870923970567262,430,0.0020161290322580645
BLDR,0.010918165717000116,1.540699156071878,1.142810948359004,1.0302751347164112,0.11009064937807471,-1.3643218416193974,0.31316189527913185,0.2987928972724191,0.021234995626303103,245,0.0020161290322580645
BLK,0.007268709263825093,1.1154619263201635,0.3920533719342585,0.06871272284820502,0.3392631710709669,0.41552166761423504,0.35670775171543956,0.34623067926780826,0.004857106712630493,313,0.0020161290322580645
BMY,-0.0008464464948814936,0.7376677572804446,-0.22051828815837538,-0.06922738600884987,0.3160999611010975,0.4980208472772974,0.18350454084213108,0.17387605665394867,0.0038315404506179063,430,0.0020161290322580645
BR,0.005553981611875873,0.84831560445174,0.14363747555544323,-0.140016532836416,0.29330222054420185,-0.37354847001592917,0.3508094519269599,0.3359197604573947,0.003239713187188816,224,0.0020161290322580645
BRK-B,0.0023338764371350117,0.7131892772692691,-0.3672973966030922,0.5269547800660423,0.23095438092089746,-0.05601855193588256,0.41708423340407064,0.4087090068725199,0.001777616083941285,354,0.0020161290322580645
BRO,0.007810370625169528,0.6117250400129075,0.061412771153958004,0.2550407168579805,0.21663402292479128,0.06727888747242937,0.1499073256915976,0.13988264792852678,0.004093524481037541,430,0.0020161290322580645
BSX,0.004066548549054484,0.8817791869262378,-0.20196509328683254,0.05507415265966535,-0.12667087684604458,0.18115596806172565,0.14242183493266902,0.13159382779798046,0.008601059700331301,402,0.0020161290322580645
BX,0.004419601898425465,1.6593824510915178,-0.012471369327066807,0.548129734948872,-0.4010124853560712,-0.6254369149540251,0.5946875555041612,0.5852616847019324,0.004981643243967094,221,0.0020161290322580645
BXP,0.0001691345783728477,0.8581804738750226,0.4548983506006899,0.6140394423218647,0.18481262303566307,-0.016979971721354528,0.4088721698565788,0.4000493664216024,0.0033474764855607893,341,0.0020161290322580645
C,-0.0008740090985052606,1.6491208739284762,-0.47493662779150686,1.7511208191201095,-0.71734497985952,-0.9807702543760212,0.6035573214443701,0.5988822898576293,0.004972932797549732,430,0.0020161290322580645
CAG,-0.002942194956592846,0.669812119312073,-0.07742961810048812,0.07355596353767485,0.7342882176130304,0.3589552352429377,0.19533344444515943,0.18584445204474853,0.0037765895232541253,430,0.0020161290322580645
CAH,0.004848967756174339,0.7754944147108075,0.016414653907051997,-0.10990635270342414,0.5117638312131881,0.3030097090820749,0.14826939308922016,0.13822540008319684,0.005599621976118756,430,0.0020161290322580645
CARR,0.002052446294142496,1.092380847283335,0.5759533316470895,-0.29256105501610125,0.7270189457751834,0.28695316364630025,0.4640594867399618,0.4208384776060877,0.004585161956422621,68,0.0020161290322580645
CAT,0.0010341116756121943,1.3631498375919837,0.18563586249755867,0.4205009956105747,0.36748793957152576,0.4586797345196599,0.42844697856974256,0.4217069665245744,0.004651840082244486,430,0.0020161290322580645
CB,0.003934918660164195,0.7921714132864843,-0.13648368864358298,0.573866081871593,0.053621215999473164,0.035316099818378896,0.28763356425191344,0.27840601974740464,0.003482020311501426,392,0.0020161290322580645
CBOE,0.008514055082127981,0.440356760919395,-0.05993407940744732,0.3696455155103432,0.12269251407159663,-0.331600630238389,0.1038638770339787,0.07883214175559827,0.00411054259563062,185,0.0020161290322580645
CBRE,0.005691088639018461,1.5474128061625279,0.8218438134865039,0.9142519200645921,0.042640584491176775,-0.9224059564351508,0.5550594770116954,0.5461961199800559,0.006431869330303457,257,0.0020161290322580645
CCI,0.00800448396672148,1.19651113120882,0.017106233536592703,-0.6174042522641481,-0.3631162977229451,-0.0438672888887911,0.2647839012548555,0.2533319370999467,0.01220032127021441,327,0.0020161290322580645
CCL,-0.004080938984045104,1.5355274585417358,0.4727581208824963,0.7083494635748474,0.4820711554870202,-0.2676298393217078,0.3784171274895216,0.3710871407853885,0.008457051013329954,430,0.0020161290322580645
CDNS,0.005080288880174576,1.3564454459953215,0.20189240880911097,-0.6464671240871874,0.06916752034429868,-0.0685093735091848,0.3304986771169155,0.32260361434706786,0.009141131622060374,430,0.0020161290322580645
CDW,0.004635594268006292,0.947211392819059,0.042036366170157116,0.3192310012382904,0.3091514983993145,-0.6090391404606907,0.4151812576005073,0.39473304982430124,0.0030158619785177255,149,0.0020161290322580645
CEG,0.04246838514841235,1.136433754445651,-0.643667852272883,-0.8080535464062626,-1.120905587411486,0.7646981231768931,0.25177286989583036,0.1582444786328091,0.01478924917807808,46,0.0020161290322580645
CF,0.01251677961230089,0.9503209300896186,0.4636802515600833,0.017472361145755917,-0.11649452491936071,0.3402698650439278,0.17845779672459783,0.16112568273144579,0.01124261462506174,243,0.0020161290322580645
CFG,0.004713017322986102,1.223968634319673,0.7164106456145294,1.5842775299439023,-0.4561958583599639,-0.6382564126313242,0.7871178246830868,0.7788021147097699,0.002241351427934497,134,0.0020161290322580645
CHD,0.0039329945241076605,0.5458372744454252,-0.017285430652069167,-0.2418366888201022,0.7373226755680702,0.17859813849449432,0.16733894289645046,0.1575198266570218,0.0030715126808896396,430,0.0020161290322580645
CHRW,0.006433114143141395,0.6579399806694145,0.5053197258632355,-0.17090471289374623,0.2623525760654844,0.4407948505353109,0.1789544402833565,0.1665519393812923,0.005201127308029012,337,0.0020161290322580645
CHTR,0.0018942070064660508,0.921158458095431,0.2817446383985688,0.011726641274182483,0.4704353214709362,0.3107828256046607,0.22526201954248404,0.2042093570300515,0.0063699034510511935,190,0.0020161290322580645
CI,0.004100303756988447,0.9304003979517893,0.23962225689907765,0.4726590565398153,0.09769981941608245,0.1533384426954246,0.23346378455181105,0.2244244423885069,0.006269192403586416,430,0.0020161290322580645
CINF,0.0019954726177988606,0.7520294427738353,-0.129255481616153,0.4753300327697351,0.19537948734539842,0.6448184124153664,0.3045756627199906,0.2963749040256508,0.0031366896598386887,430,0.0020161290322580645
CL,0.0013997057454817846,0.7295222444667567,-0.31352937696622646,-0.23449537150233388,0.5267540444332139,0.32252900209245483,0.26603792636423573,0.25738271323173856,0.0025960654772630475,430,0.0020161290322580645
CLX,0.001313970804775271,0.6039280282914299,-0.12334723269081586,-0.3654574959163032,0.44594302789866974,0.5331603611234338,0.15082180283001,0.14080790899545825,0.0033875506968815495,430,0.0020161290322580645
CMCSA,-0.0007533702558583808,1.065393334630589,0.09745903324719171,-0.02877573181502418,0.254337278990481,0.323086574239355,0.2759197961265595,0.26738111447710844,0.005139631076792017,430,0.0020161290322580645
CME,0.012991768633482784,0.6408732785739731,-0.20453490540213834,0.5350200755037902,-0.5311438919048727,-0.7508662293364254,0.1897201953543476,0.17465923244271842,0.005462119803110844,275,0.0020161290322580645
CMG,0.007933740489009243,1.023952827990524,0.6924349241058538,-0.9293390185016679,0.7205817204991758,0.41512259194447765,0.24416952113464852,0.22788007115910214,0.008646908444101568,238,0.0020161290322580645
CMI,0.001770714501308986,1.4110832352961258,0.2451189791416757,0.317477760248916,0.3106436852769094,0.41246755968066223,0.3720742392232965,0.36466945430847686,0.006264063584725723,430,0.0020161290322580645
CMS,-0.000355866275693688,0.6613039476734154,-0.4961083260615271,0.2561431100838854,0.0043016496490250146,0.41683439548497075,0.15232380471556184,0.14232762316739622,0.005022285256560742,430,0.0020161290322580645
CNC,0.008693815490802186,0.6419672784843368,0.8395242235870802,-0.3123062402316305,0.3586899428854311,0.23980092242040923,0.11909086674035663,0.10341632700264047,0.010621192190135792,287,0.0020161290322580645
CNP,0.0003823269557272893,0.7253164892766324,-0.05101024349982031,0.23615111901639776,0.26892919309940433,0.533884928072701,0.15934301790940864,0.1494296101017366,0.005290160415252215,430,0.0020161290322580645
COF,0.005958823135450638,1.351702936066635,-0.1726073847744488,1.81367719108518,-0.5735516828969107,-0.9775506464558119,0.5216667068930012,0.5151320990636706,0.005943507227936479,372,0.0020161290322580645
COIN,0.02289070138017573,3.2039783266732824,1.0302067878669339,0.16563041207929097,-3.254705340912134,-1.9379096238440254,0.6628845343861134,0.628484997078574,0.025870534524061666,55,0.0020161290322580645
COO,0.005552350433670379,0.6662146481159044,0.9493626968086158,-0.26931954163312816,0.897266209815134,0.12851323601466969,0.10551759064072541,0.09496944902092264,0.013256642051852218,430,0.0020161290322580645
COP,0.0002219711549522022,0.9752257571968028,0.04301670000912033,0.8497786611913248,0.06131875960978757,0.016979312441545033,0.3442787837240774,0.33654622221138963,0.004477387288946367,430,0.0020161290322580645
COR,0.009204538855231594,0.5595166180340576,0.2784132384599994,-0.01599334628925846,0.5092104304528694,0.5296537061562919,0.09850563591660133,0.0860195643919005,0.0064559264812350985,367,0.0020161290322580645
COST,0.005353854085213966,0.8209789546386367,0.1409993146127649,-0.28283143569036373,0.3858080686841729,-0.2512188412606551,0.2657577043202458,0.25709918668251286,0.0042322993779449715,430,0.0020161290322580645
CPAY,0.00400384942695885,1.1202132143138668,-0.020314285950657433,0.43385220777333516,-0.23363581393211566,-0.227337572778771,0.35279962752600613,0.3340944144487231,0.004796726366937316,179,0.0020161290322580645
CPB,-0.0024101083033498615,0.5615552061502842,-0.14395233137904206,-0.009522916878688519,0.4718874748611707,0.5467108599465168,0.15742740955253287,0.14749141202367133,0.0032333291403698365,430,0.0020161290322580645
CPRT,0.011515711482828652,0.952473010668078,0.12329749460586198,-0.21064990291434119,-0.13511492947009673,-0.08618341065552206,0.20203817572737615,0.19137023690020205,0.00891314485830184,380,0.0020161290322580645
CPT,0.0013495200361983086,0.7492973950234386,0.36391900847244923,0.44650609158505733,0.2197071852057611,0.03929220934475823,0.3186835150032392,0.30976575996401456,0.0031077617609926653,388,0.0020161290322580645
CRL,0.0045692301645754805,0.8568088274379204,0.580012883271084,0.0696971116848846,-0.008184844155118547,-0.4226060272713097,0.2515273383938994,0.2390110731496502,0.007098580411613651,305,0.0020161290322580645
CRM,0.010720145006512038,1.2862667353755808,0.23752306890040167,-0.46485310637097077,-0.4850790218717485,-0.8172850538831082,0.3807889232036241,0.3684540411957282,0.007573647076371686,257,0.0020161290322580645
CRWD,0.026526139016544152,1.3737209866411368,-1.141383274985112,-0.59427728012071,-2.440646777625006,-0.8360221882809278,0.49030361233875674,0.4544095005316269,0.0126095928533925,77,0.0020161290322580645
CSCO,0.01240011094835319,1.2492214888847424,-0.002497508965562464,-0.4011183054887694,-0.26617510328033905,-0.19345749976479876,0.37256102641751054,0.3651444900867483,0.00670060782284425,429,0.0020161290322580645
CSGP,0.013700650522624985,1.0926310441336273,0.44610971683345646,0.09368082609626263,-0.39746422892360694,-1.0133546780683829,0.3069268327875866,0.2961648270855305,0.01150455485458068,328,0.0020161290322580645
CSX,-0.00018269480834942788,1.104300322780873,0.23937429389108805,0.2788800424865128,0.6509410863016726,-0.11002693245464946,0.40533805447553306,0.3983255315330275,0.003452335821099483,430,0.0020161290322580645
CTAS,0.002425477994624195,1.153415036684913,0.06589305550488185,0.3003924937803181,0.7223104216511305,-0.31015073221048867,0.394242090852874,0.38709871928274275,0.003941572130921904,430,0.0020161290322580645
CTRA,0.004283380789118071,0.7359560195164294,0.14108136277085168,0.2875361205996625,0.10619884140127589,0.4572899201841881,0.09785161767511452,0.0871879252126454,0.010470533804445284,429,0.0020161290322580645
CTSH,0.01791040752957607,1.1285223954244727,0.25496240801789516,-0.1960435809935065,-0.1293652046959249,-0.5473575962161634,0.23960748380447605,0.22783670182002524,0.01273243911032595,329,0.0020161290322580645
CTVA,0.005888064383011808,0.7339193117063011,0.4791553553267059,0.20657398364532253,-0.017730625513383905,0.5416988469833298,0.4271726558359352,0.3873929791578752,0.003399369868288327,78,0.0020161290322580645
CVS,-0.0014837244463827845,0.8631328687513968,0.07535666593982196,0.24429766604523803,0.3529981025048314,0.36232050294443063,0.22713511501307138,0.2180211423127537,0.004618197884162564,430,0.0020161290322580645
CVX,-0.0003596008136623896,0.8811498756658256,-0.06428860634539758,0.4598518030106044,0.18018456233673294,0.3351224383136991,0.3730340778201625,0.365640611756721,0.0026053197722728017,430,0.0020161290322580645
CZR,0.0057926424277965766,2.1401548129808363,1.1564098718309639,0.48545218006917684,0.5375677111720427,-0.8599482260305352,0.45276074253343246,0.4313842090386447,0.01689603903008363,134,0.0020161290322580645
D,0.000987628749014253,0.49047445400829026,-0.15783300094896624,0.06627515566515364,0.25887926373787,0.5574197426921876,0.18485381075889784,0.17524123777256417,0.0021173773600788636,430,0.0020161290322580645
DAL,0.0071206654659257485,0.87931391309494,0.6196724267912286,0.7721203028086439,0.06465445439984831,-0.11797905025418057,0.22649776875595506,0.2085926245141948,0.012728511911434096,222,0.0020161290322580645
DASH,0.01156689546611729,1.7065881663870217,-0.14224112932496114,-1.1399537979739212,-1.6706214455430162,1.0513147116309487,0.4737366486483383,0.42408916267176644,0.011733439532797908,59,0.0020161290322580645
DAY,0.003930110087144596,1.0518450030602957,0.80866865526267,-0.2173019402182921,-0.2661825417706904,-0.6143234614408299,0.46139259298507906,0.42970980433714256,0.006619177208414401,91,0.0020161290322580645
DD,-0.0065294983064379366,1.4475403106368452,0.30011638963734677,0.6527373011689068,0.5071428344279438,0.24926627564620468,0.43614313528371296,0.429493879803568,0.005510305462498388,430,0.0020161290322580645
DDOG,0.02026466098631936,1.1939018519915896,0.30024812808754753,-0.8709597967198143,-1.3757576080346838,-0.5771687667021212,0.4010997617035684,0.3570629794758896,0.014336573769191683,74,0.0020161290322580645
DE,0.0008031606575676206,1.1345461305238076,0.17483115594416587,0.37926504285834545,0.380805030925213,0.2304159181232631,0.35878117527103404,0.3512196325265887,0.004361334641283672,430,0.0020161290322580645
DECK,0.006978470245740419,1.0068545709296868,1.0736432983687836,-0.20816073514768763,0.7926187485774343,0.26823665622610593,0.15759104919611044,0.14647747464724648,0.015268438355744676,385,0.0020161290322580645
DELL,0.011652160800123343,1.0395212181442572,-0.5761332930298536,0.08705765098581741,0.20348278110180995,0.028187852079865974,0.24011008018448787,0.20392484590755877,0.007016509447834583,111,0.0020161290322580645
DG,0.004447876481002802,0.4012851120209423,0.4168365035364371,-0.750648010446178,0.6107678917983717,0.9722549195273144,0.12362238868452924,0.10006385074594126,0.0050989958618023554,192,0.0020161290322580645
DGX,0.006169403237714387,0.678705630683171,0.29732072238391993,0.06087759907069812,0.6289622280119118,0.2952500079826794,0.1434027405532502,0.13084266343526263,0.006095044046020895,347,0.0020161290322580645
DHI,0.0025936692250942317,1.3601066824777286,0.7846883761085595,0.27098189947458723,0.8612429312206433,0.10174569807531345,0.30812133635883887,0.2993633785912292,0.00902516793552976,401,0.0020161290322580645
DHR,0.006148747775557498,0.9647121715300757,0.14276127351562193,-0.11803387108330207,0.5875446303188167,0.051431232761407306,0.29776874731682135,0.2894877183936707,0.003911591708243117,430,0.0020161290322580645
DIS,-0.0023810435392527286,1.2053298867131494,-0.013282682837080756,0.08734300754473812,-0.027301583292136587,0.3495865827177016,0.43142899563529247,0.42472414888570864,0.003462863546331092,430,0.0020161290322580645
DLR,0.007738532950681637,0.7657570700335974,-0.039168763306061505,-0.3537823981370036,0.12572526762767713,0.17254373877788182,0.20888455232140601,0.19287006957487574,0.00413949898158819,253,0.0020161290322580645
DLTR,0.005555766540920252,1.0488749657543717,0.29901184756380533,-0.356718576251546,0.5193829675916306,0.31196585265379306,0.1837555941415997,0.17248150013803065,0.009280797700092018,368,0.0020161290322580645
DOC,0.0009892038495561454,0.6838110083086807,0.23190481561659834,0.2840201937249522,0.2527682387675183,0.34365694579856343,0.1971341197063341,0.1876663616840032,0.004138313326144804,430,0.0020161290322580645
DOV,-0.0009760244062612183,1.2235444563886788,0.10353810863995484,0.1660219925793992,0.293339374390098,0.19704793842339322,0.48673239492116915,0.4806797108990132,0.002814840160230411,430,0.0020161290322580645
DOW,-0.015927814677167945,1.045777234612669,0.3979980781150255,0.6480431437612262,0.5292354565936972,0.17592390946761563,0.5974877728512258,0.5702910007465789,0.0034993035920070728,80,0.0020161290322580645
DPZ,0.013298312753672202,0.8447768448837384,0.47627687352657,-0.44474922705569586,0.2591874350798234,0.21086738546374542,0.13659429806447765,0.11932618402576722,0.010717024777080447,256,0.0020161290322580645
DRI,0.004605018158890955,0.786128192779333,0.3377293439058706,0.39005424839755837,0.7599174625948781,-0.4646690439628681,0.18787925609448342,0.1765998013180179,0.00699970976398763,366,0.0020161290322580645
DTE,0.0016684168039794644,0.5287914546287902,-0.21791613185627157,0.19295700315169015,0.2535248993374461,0.4957829555578489,0.2370628846778997,0.22806598473306372,0.0019642165217507858,430,0.0020161290322580645
DUK,0.0021512691775622747,0.46850886182984164,-0.3214181861487177,0.1106947677547802,0.16283215944871005,0.585324437667333,0.16345865455983732,0.15359378020323156,0.002653162762505427,430,0.0020161290322580645
DVA,0.005092851884750924,0.9273726397964319,0.5444530648514159,0.18899719451205946,0.6490339675016895,-0.37972967802860724,0.16494065350897258,0.15317925426262013,0.010992752663901222,361,0.0020161290322580645
DVN,-0.001996040297944444,1.2825407047271555,0.45372727888810477,1.195146948382965,0.2148498496372958,0.10122646382973126,0.3103314348112315,0.30219855078777913,0.010486079863513936,430,0.0020161290322580645
DXCM,0.017702825960906884,0.9980729370769884,0.33489408018303823,-0.8811888880136005,-1.1224815644183936,-0.099555716949914,0.1496023517590791,0.13195924702379025,0.021650638364305443,247,0.0020161290322580645
EA,0.01181073833471046,0.9573389279637358,0.621769296532143,-0.3299566689192383,-0.08695632086768008,-0.06626957707372666,0.20453577489562413,0.19515530054297814,0.01134103225718281,430,0.0020161290322580645
EBAY,0.012188008310120076,1.566283814933823,-0.1849370440349294,-0.36435811225690923,-0.28068997127491474,0.024954123426233852,0.26594991943234714,0.2544803869234775,0.015805426793614866,326,0.0020161290322580645
ECL,0.0025173033049868425,0.8656688938650696,-0.04883427434145691,0.0555474939699949,0.608827236152544,0.040726298426267855,0.33434936705857865,0.3264997133682317,0.002607685758988128,430,0.0020161290322580645
ED,0.0019189202855708445,0.3201207633996116,-0.2420778558108245,0.12480587010585369,0.43285945398422715,0.3561089874409928,0.1499445791045363,0.13992034065058034,0.0023383341723794107,430,0.0020161290322580645
EFX,0.00010333784931641175,1.1175461232189763,0.27409700858226616,-0.2240856494242181,0.8495251901405458,0.4627750019212873,0.2496802413499244,0.24083213098848488,0.006405368799701329,430,0.0020161290322580645
EG,0.0028583901894278525,0.5795115663021272,-0.05433905765821251,0.5396045425399996,0.3517360721547929,0.1194529751679055,0.2221828019501998,0.21122763014668156,0.0036045809557162176,361,0.0020161290322580645
EIX,-0.0006047603670776869,0.6191354731889884,0.07558022307232809,-0.14622041895836002,0.3453304778881892,0.8235766910986428,0.1260617646396659,0.11575588922268076,0.0046925678962543155,430,0.0020161290322580645
EL,-0.0011031405220266642,1.0678498997652695,0.18448606877089363,-0.13624446876700255,0.6582771325266111,0.07635066359630618,0.285684592401637,0.2755953917293438,0.005327949982654099,360,0.0020161290322580645
ELV,0.005087757760700022,0.7257827015919417,0.07312745220155342,0.3863578956674087,0.39381784991042845,0.03797114717205199,0.20075997391016598,0.1866391253926778,0.004942921534565015,289,0.0020161290322580645
EMN,-0.006305472868017746,1.402492482293569,0.3119055746705478,0.6445843201017636,0.5782086477416707,0.08233228335476356,0.48069494687616376,0.47380761195409693,0.004542275651389561,383,0.0020161290322580645
EMR,-0.003630203803433111,1.2494101724361126,0.08410193814347575,0.12105183558759287,0.5494744187999075,0.3263879142358525,0.5626344713092485,0.5574768589426122,0.002061324325277756,430,0.0020161290322580645
ENPH,0.024970120128714,0.9329201664706128,1.9647160917879123,-0.8533234405799539,0.3588027910283131,-0.012713414398269214,0.09224552450369405,0.06351911705127933,0.05464574413257205,164,0.0020161290322580645
EOG,0.0027574813765176443,1.0112247335702564,0.20470032676802863,0.9599442563765841,0.21397995695635624,0.12758059472047933,0.2487600100847116,0.23990104793948408,0.008499547749166031,430,0.0020161290322580645
EPAM,0.008454588957846444,1.4002346478584333,0.07417569579269724,-0.28058109951827415,-0.5861560211775305,-0.2080005436610865,0.256479212419636,0.2330980555774862,0.01203918468104521,165,0.0020161290322580645
EQIX,0.022208459703221797,1.3186373443732717,-0.1900562252563803,-0.4641107716356171,-2.304536760040024,-0.06999886426325817,0.20525809035014642,0.19187859692169773,0.039084193523812476,303,0.0020161290322580645
EQR,0.000891311667424304,0.7519102115280392,0.19817268049023157,0.40625765980135536,0.20191600544925406,0.1886523844886797,0.31312083232157273,0.3041066700160816,0.002853015191965403,387,0.0020161290322580645
EQT,0.002193782318359428,0.8452629449837039,0.2072155299969829,-0.019770117653585734,0.3537491036848155,0.6933891843464426,0.11829532357727557,0.10789786277040381,0.009421305186629012,430,0.0020161290322580645
ERIE,0.005066740972495683,0.47360194349203544,0.4132761818630734,-0.13337954020567666,0.39286244080628463,0.07894238667698905,0.10604945216779915,0.0934585993814302,0.004870640022037885,361,0.0020161290322580645
ES,6.73079654961918e-05,0.543309015066381,-0.10334545193370426,-0.024042802988396023,0.2063398021803143,0.4119193094192907,0.13525076597390195,0.12505325142170742,0.002996506560812641,430,0.0020161290322580645
ESS,0.004485497632264829,0.6169318828786418,0.3057754530665365,0.40554254435608783,0.1574845664568291,0.019662250639794706,0.269329326279355,0.2594820126173517,0.0028495965193991524,377,0.0020161290322580645
ETN,0.0009307261811053701,1.1716914516501475,0.4093968159989461,-0.04974926272134895,0.5393921680400648,0.4793787734474691,0.44817755668302717,0.4416702165495723,0.0030865709982726137,430,0.0020161290322580645
ETR,0.002104271969229883,0.5474969975182976,-0.2961573767849618,0.13717495008386466,0.410025494207438,0.4527201705708032,0.1852210220975029,0.17561277943355835,0.0029829954831197296,430,0.0020161290322580645
EVRG,0.0015111436697010795,0.5781439311875237,-0.17225927825428208,0.1316841284884309,-0.06734744961178538,0.5287466799587847,0.19300888474924416,0.18349248008826824,0.0026240218835114275,430,0.0020161290322580645
EW,0.009623355296883745,0.7046013926430135,0.18797215462849634,-0.5186585159877746,0.61737682122671,0.26744597102567896,0.12969921693808795,0.11529026357613581,0.006639785198072498,308,0.0020161290322580645
EXC,0.002789454174642745,0.46325191981073766,-0.3047083445456273,0.19774349987036824,0.10119956380438301,0.48345712555986553,0.12906028695593752,0.11878977147192737,0.0034358611879464845,430,0.0020161290322580645
EXE,0.013533667775221534,0.5543235960846937,-0.32339768100866007,0.5760885001215985,-0.12660053482332517,0.3298899879958438,0.17155255670715885,0.09033221912942935,0.006256635574497997,57,0.0020161290322580645
EXPD,0.0037892983238444547,1.0087395261705563,0.4671935917752906,-0.04776184783228086,0.7265802625441828,-0.06260943554074343,0.29113505251500515,0.2827757960588142,0.005092422477891882,430,0.0020161290322580645
EXPE,0.003671084717966199,1.5094454431833046,0.31875053695463956,0.3289567723732364,0.09443476256191602,-0.5039153912466003,0.3148478128511597,0.3004538593396294,0.012155764221283978,244,0.0020161290322580645
EXR,0.0073660765067180955,0.8418510178623484,0.21131522914280082,0.11823905100047649,-0.10916710769882366,-0.10508690912580129,0.2622836729829263,0.24747009211912963,0.004814702322049851,255,0.0020161290322580645
F,-0.004748416912981537,1.5433402749660488,0.2519903088574034,0.7248062808587524,0.19374778249833713,0.09026376404335743,0.3249733215962809,0.31701310133208616,0.010272037119856471,430,0.0020161290322580645
FANG,0.009196983992636442,1.4584077734090337,0.6319300322356499,1.1180896239868343,-0.12728594627180986,0.41168725852850535,0.4269898878095587,0.4080160430350408,0.009985369702865766,157,0.0020161290322580645
FAST,0.0045816885439646385,1.1044066261266734,0.7156221364285045,-0.1508856591489202,0.9869042892428561,0.33519003514582973,0.2790017742485562,0.2704994366807325,0.006620334792101654,430,0.0020161290322580645
FCX,-0.0037413088646365174,1.743267591076659,0.7925582921958473,0.1145707575703888,0.6236417882064864,0.6128386296661066,0.313188691041836,0.30359635432454324,0.014426564281343736,364,0.0020161290322580645
FDS,0.007737308563657607,0.9820578662346169,0.11823126884439757,-0.03894023573775379,0.09690765655544054,-0.3548352673822853,0.27115746992236667,0.26065541617485033,0.006356513927870565,353,0.0020161290322580645
FDX,-0.002142120804658137,1.1547388734260122,0.2686393204229978,0.14743239387084983,0.678744087701775,0.06981480089616214,0.32068182186811034,0.31267099429580025,0.005202148879119105,430,0.0020161290322580645
FE,0.0006277859655839284,0.428614971594547,-0.1616243183978756,0.13139003888630382,0.5929028195441863,0.24502764318649894,0.15108559315803438,0.13822325366042887,0.003407298994315216,336,0.0020161290322580645
FFIV,0.014793772000886593,1.5099399054774079,0.2700741150355498,-0.939985293266553,-0.8562788622946971,-0.012286264821991659,0.2957772250241423,0.284455315458614,0.021648434833515272,317,0.0020161290322580645
FI,0.0037507578922329242,0.9463374919062406,-0.15788993491988534,0.24240504153947787,0.43736657290704106,-0.10007800819886858,0.2512466199533562,0.2424169810377118,0.004804942881612006,430,0.0020161290322580645
FICO,0.012938014485495005,1.1312465652057226,0.5202523169183677,0.020569230124154233,0.03102331237440808,-0.03179432370434836,0.26471844974514924,0.2560476767468609,0.008580806453518441,430,0.0020161290322580645
FIS,0.0010708958650947119,0.9284350180492351,0.14098277633839024,-0.2824577246944487,0.31743090069814406,0.6659290290260216,0.1527046524465352,0.13794340945779893,0.008955120181008028,293,0.0020161290322580645
FITB,0.0012898970172554706,1.2460661372713382,-0.13332120734965952,1.739097840951116,-0.11374363301468296,-0.8779216625799164,0.4640364465672111,0.4577161216446546,0.005816187332928834,430,0.0020161290322580645
FOX,-0.0012968952331847126,0.7831456311928918,-0.03466786691541007,0.7225044293404455,0.018508688547157776,-0.5224741309432079,0.4448746471110455,0.40736617732125124,0.003197176729812538,80,0.0020161290322580645
FOXA,0.00043946004421232843,0.7370394477406078,-0.03180864307594008,0.6714430425110931,-0.009114126008112265,-0.4034796488368858,0.3940352022741891,0.35309163486028294,0.0034485406158163514,80,0.0020161290322580645
FRT,-0.0007533073498059206,0.7697976233028982,0.5058982783190843,0.46568514420310375,0.5025650160343788,0.0029046342232946047,0.3592555734604652,0.3516996250342914,0.002842655486649601,430,0.0020161290322580645
FSLR,0.010242378600081873,1.3867774953497942,0.0845935716833036,-0.025585482575555953,0.11689162847163818,-1.2752185510092078,0.17901779279145202,0.16052720253900732,0.02421740329311227,228,0.0020161290322580645
FTNT,0.012951971897710302,1.1073153126954496,0.09577027433033661,-0.38961496107167803,-0.33556083253242835,-0.6677260531699886,0.28351431675445826,0.2642539489252771,0.008294151615850674,192,0.0020161290322580645
FTV,-0.005820015627763683,1.0164697313680318,0.17993489985546887,0.27708108305908913,0.26539654198601514,-0.4988598538795608,0.6064158705668383,0.5878505814426327,0.0018969294819828264,112,0.0020161290322580645
GD,0.004103826224583145,0.8453003710778355,0.06873778657496574,0.43055286827914613,0.42664618766242385,0.0515825392109597,0.28910418683779604,0.2807209814939021,0.003544723206124528,430,0.0020161290322580645
GDDY,0.007733562740036173,0.8497633684823934,0.11577671719673104,0.14039630048629112,-0.04856844521320693,-0.6008728495207031,0.2806717801216718,0.2511911153725601,0.0051926301538326395,128,0.0020161290322580645
GE,-0.00011907634767552519,1.2344728716361206,-0.2667461657846136,0.6073840984042282,-0.185220794568815,-0.20207392278362085,0.4530194908577948,0.44656924900470274,0.0037575931553297357,430,0.0020161290322580645
GEN,0.00991979050617722,1.002973817868404,0.3150051214361604,-0.7621910866987442,-0.1229826791604326,0.13242069980053742,0.17112501703760408,0.16135054789889658,0.015068246365499697,430,0.0020161290322580645
GILD,0.013952048306543008,0.7085275436588109,0.5242693502299645,-0.7556866606696028,-0.4582469322598664,0.7493146883573022,0.17540834899344493,0.16510095335586294,0.010980420427909456,406,0.0020161290322580645
GIS,0.000722599562623771,0.4017345965152047,0.024158187273232337,-0.17411143039113416,0.5538382857166849,0.3991567367319148,0.12210778066024597,0.11175527807369234,0.0023688320722402584,430,0.0020161290322580645
GL,-0.0010132387259864698,1.0326382461586583,-0.22453075584288318,0.9648099723899128,0.34611548047381757,-0.24622671747886052,0.4796756409557713,0.4735397404953441,0.002829596190806479,430,0.0020161290322580645
GLW,0.00748600175684177,1.368513243940908,-0.24513255101878859,-0.303412008842992,-1.533723404315713,0.7425607956669764,0.351626840272931,0.34398093037048916,0.011063771640765777,430,0.0020161290322580645
GM,-0.0035332480515979205,1.304200707000759,0.3461991058404996,0.693956169612285,-0.3321726197024911,-0.3368616142324801,0.5045429468534051,0.49030567521126156,0.0044284231000331475,180,0.0020161290322580645
GNRC,0.01217268287195374,1.0898450335296412,0.9212275308168038,-0.09457626325716513,-0.5735215103859627,-0.5027976372370465,0.26253983887115884,0.24239065414086258,0.012648635008018515,189,0.0020161290322580645
GOOG,0.012394249368989078,1.042797082348586,-0.3648567820694351,-0.06083401212434243,-0.027557481707989547,-0.9459625070489633,0.32431449317183414,0.31074651110701146,0.005260785458305031,255,0.0020161290322580645
GOOGL,0.012343408271616561,1.0416549512598712,-0.35676991657991636,-0.06006244291072302,-0.00766693365883391,-0.9587054472725358,0.3239111788515494,0.31033509810559656,0.005277993916368542,255,0.0020161290322580645
GPC,-0.00253040418586869,0.8315871038996472,0.24651456196198193,0.2278929377902406,0.5839655258553976,0.4055850540784135,0.3953521127968683,0.3882218311081521,0.0021133285458809136,430,0.0020161290322580645
GPN,0.0054782742020243295,0.8507317338701981,0.27420603332274324,0.1242808264593982,0.06688079595721626,-0.18460803556390928,0.2476712400849309,0.23478889830556327,0.005355383038343093,298,0.0020161290322580645
GRMN,0.006929110398930802,1.0231226612159354,0.5461444908404082,-0.02213519871130007,0.1593660399007865,0.182470052190612,0.27095416595997746,0.2585131107715811,0.007052996349403165,299,0.0020161290322580645
GS,0.005069312968327685,1.3181478919682896,0.026344592469225814,0.5930035231315002,-0.5281527894211977,-0.4846396961354396,0.5738050043516951,0.5669749563445108,0.0036327044024390878,318,0.0020161290322580645
GWW,0.0010031322276522787,0.9925246602025748,0.19415103750586496,0.09390141920608674,0.7085205629491059,0.07233195506482762,0.3258812847123096,0.31793177156033203,0.0037014552363553005,430,0.0020161290322580645
HAL,-0.0041137137814516575,1.5254426576639095,0.10184347838893631,0.7323396806293344,-0.18646814250602947,0.5553277653612431,0.34789786519149934,0.3402079815263048,0.00930185619461811,430,0.0020161290322580645
HAS,0.0009605070754905188,0.9631362169477532,0.1065230178765738,0.12667898398495664,0.18081394131078068,0.18494816258231023,0.22954593471575768,0.22046039149306618,0.00563920330582967,430,0.0020161290322580645
HBAN,-0.0009965127021006137,1.0314916617765728,0.30671989627493873,1.5896150413770755,-0.08887255467230783,-0.7062949628316644,0.4571036024514371,0.45070152229166627,0.004979288699667671,430,0.0020161290322580645
HCA,0.005879699329747152,1.382383505399648,-0.024968408734830968,0.24980969418859425,0.2069527252677587,0.20884352600971912,0.37443856983545276,0.35603970424237785,0.00598116205178405,176,0.0020161290322580645
HD,0.005487370845799744,1.0516707936839507,0.13432991809970116,0.01347860449526815,0.25701996347766154,-0.08968066382083127,0.37218372532489075,0.3647802315197597,0.0035874692214178856,430,0.0020161290322580645
HIG,-0.00017377869821139685,1.5761277831167801,-0.5008642201319167,1.4768060132476073,-0.09691728378079316,-0.1570828382241417,0.44250533297875305,0.43460880795012347,0.008367970138515158,359,0.0020161290322580645
HII,0.008592437263710742,0.7477278549988834,-0.0037058982234276622,0.6572697513280555,-0.5128456879156706,-0.4580683099153848,0.25651426566231494,0.23464703818179478,0.0048670892691599025,176,0.0020161290322580645
HLT,0.0030457339484006927,1.1534441846255759,0.1935570186838546,0.28270991206784246,0.35500087015592197,-0.07356544303684553,0.5220597939200331,0.5046167207054357,0.0027839026783689296,143,0.0020161290322580645
HOLX,0.005767138358918317,1.1278388145800098,0.812200338068235,-0.62322478095502,-0.02539498868287881,0.7246312046193192,0.18770250697585333,0.1780781290964203,0.015776863948925662,428,0.0020161290322580645
HON,-0.0017335241023829638,1.2967533077673017,-0.16301397562377495,0.11647582375059812,0.3418049790533994,0.5767830926402311,0.4503441527789397,0.4438623621277479,0.00335021138816484,430,0.0020161290322580645
HPE,-0.0017805398930108198,1.3625637960093888,-0.13746095486307114,0.4542277150252652,-0.016681791116044817,0.12824738286453752,0.47174116019301116,0.448773384549229,0.004594738225308364,121,0.0020161290322580645
HPQ,0.0010378087262378646,1.259564152428074,0.3303501310707459,-0.020090996298876028,-0.2991524137250944,0.09437838336254611,0.38980044003340886,0.38260469050550094,0.005923845980637969,430,0.0020161290322580645
HRL,0.0018087074725169345,0.45903903783971545,0.09745058121268908,-0.19860675327383853,0.40596321037373523,0.4326309190440961,0.09355828291286639,0.08286911172080114,0.003409958650926084,430,0.0020161290322580645
HSIC,0.002299153390450285,0.7159715662099125,0.5684400230184428,0.06093930844674401,0.334038801871657,0.21523803954478726,0.1693703157117058,0.15763825802401799,0.006749345461637115,360,0.0020161290322580645
HST,0.004252574616612782,1.272530342610272,0.6673463309969063,0.9826398212723794,0.5337183385995952,-0.44563294718542673,0.08018585758249863,0.06933899269549981,0.05106171877544756,430,0.0020161290322580645
HSY,0.0036440837674515687,0.3449508512655778,-0.05422184900401521,-0.06846087158231247,0.5263657773836304,0.5252004123011008,0.09943009501437938,0.0888101668895489,0.0031835021517951315,430,0.0020161290322580645
HUBB,0.02613791362441396,1.051338691692862,-0.5385131188239267,-0.15974308753802108,0.08655025799210596,0.15353108365059415,0.008950605756965713,-0.0027362974770324122,0.22260099740010605,430,0.0020161290322580645
HUM,0.01109438235313266,0.7029619339451948,-0.08455297728523702,0.6580142862801335,-0.2538748353579215,-0.10393130477828526,0.04190074891184725,0.030602408686751126,0.02955410776956661,430,0.0020161290322580645
HWM,0.014772475168268746,1.5001631682017074,0.09316276969339532,0.7316455368102751,0.1274199566760978,-0.3633582455079297,0.43015664756618655,0.40222314989786234,0.008332123697662334,108,0.0020161290322580645
IBM,0.002622334310110398,0.9361004326175252,-0.35195659981908034,-0.003080740400586152,-0.2207656818494256,0.019273850441693822,0.2927468739043727,0.2844066247758865,0.004181238608869051,430,0.0020161290322580645
ICE,0.008573207845857533,0.9319899257555998,-0.07069354414049032,0.11513902971782429,0.03474978077965054,-0.35282759653053053,0.2441822934092921,0.22803234241376413,0.005807981911118921,240,0.0020161290322580645
IDXX,0.015243362596259177,0.7576266362488965,0.8823235992275407,-0.44940835972796017,-0.21666193299101136,0.08709941152503911,0.22599927745990367,0.21649066907489012,0.009688853458038013,413,0.0020161290322580645
IEX,0.0008618319191366053,1.0921449989903445,0.5566454470874098,0.035203183312937966,0.651027396407172,0.13117236210764188,0.4144253095970004,0.4075199476818707,0.003455369039109952,430,0.0020161290322580645
IFF,-0.004209396695871786,0.9477788164528762,-0.10885854086084587,0.19882758636693393,0.5415811230065531,0.0811199681913241,0.32613434496127625,0.31818781601034785,0.0032488767482321554,430,0.0020161290322580645
INCY,0.02217139387598531,1.0571342048875056,1.421781348657193,-1.2448527282129407,-2.1883591926753603,1.5765193305339282,0.3716114614737941,0.36329944376842105,0.023736160050896564,384,0.0020161290322580645
INTC,0.005843224493945943,1.2102370629547565,-0.1586278782127973,-0.13990283749063592,-0.4870195104364772,-0.05490578050036537,0.3051627936919551,0.2969689587119073,0.007876668353957101,430,0.0020161290322580645
INTU,0.012098466109267462,1.101926799150334,0.0005647137733612661,-0.6127308222657716,0.013008181197687178,-0.35997208783918005,0.24854067751649156,0.2388067484687777,0.010550447165032712,392,0.0020161290322580645
INVH,-0.004783120210497468,0.7227489761695384,0.06548051660853783,0.07146513407474327,0.5299629513992326,-0.20554242202928721,0.39584799667084325,0.3653352692299767,0.002304928697120695,105,0.0020161290322580645
IP,-0.007270295166328637,1.357214977336964,0.1471581249324088,0.7567067198863295,0.4437748218111996,0.04302911981159636,0.43524431593556245,0.42858446117065163,0.004949361603631869,430,0.0020161290322580645
IPG,-0.00443585061601784,1.3525441819869386,0.24953932998700518,0.3885509045077777,0.16399208934832193,0.15487331536637466,0.4047128306882396,0.39769293482371404,0.005312754156137473,430,0.0020161290322580645
IQV,0.0015347603958752773,1.064979378830174,0.525784143105777,0.07711058313331962,0.20820914727382292,-0.6186116889583179,0.46421589002207375,0.4456122750922846,0.003734454302705897,150,0.0020161290322580645
IR,0.001068843505866453,1.2643279346902352,0.3469899077181103,0.39076802192768967,0.5537914841214886,-0.4673360218397538,0.6046012885106177,0.5840076056205457,0.0033639454686087444,102,0.0020161290322580645
IRM,0.005134451996015167,0.88735246656676,0.14961876139726354,0.005307323213256804,0.3376543333691963,0.3072319721785645,0.22219891400518987,0.2111191264554062,0.005155475626768792,357,0.0020161290322580645
ISRG,0.018966689517775893,1.1065379019690778,0.8935936033329928,-0.3131241286749403,0.5506529468528846,-0.6965177984507103,0.15381939096274078,0.1396692135540909,0.02132223051516805,305,0.0020161290322580645
IT,0.00639315404589299,1.0808146108876597,0.3659892940569526,0.2829059334631413,0.18731773784867445,-0.4881204289319715,0.24903183513723803,0.23912460341081632,0.00856217941178305,385,0.0020161290322580645
ITW,7.5834960611085645e-06,1.09979443235032,0.11012654909999485,0.19176400495503754,0.50117321724084,0.09250893816765092,0.482630856098088,0.4765298048728296,0.002306945292723574,430,0.0020161290322580645
IVZ,-0.0007233947603042839,1.64765987383836,-0.0691561882459165,0.6842559922091197,-0.6740218943765434,0.13291179869714287,0.5201404553129734,0.5134197333985893,0.0061923815869440475,363,0.0020161290322580645
J,0.0013458921144040455,1.087648697103448,0.2896035466157165,0.1026010770108854,0.5737334757006263,0.016978785601519487,0.2932974499510632,0.2849636934646371,0.005351568907615798,430,0.0020161290322580645
JBHT,0.002910862214954879,1.0820530246492155,0.34768156136703404,0.4409061769574401,0.4157050973320612,-0.5026372456586805,0.3023431669412514,0.2941160816457473,0.006150360347514146,430,0.0020161290322580645
JBL,0.014315566881895269,1.5909665401645934,0.43371014393468843,0.01748779725318222,-0.2758768140563802,-0.9132440759477075,0.3148629339501974,0.30594187840267395,0.016246087389392563,390,0.0020161290322580645
JCI,0.0003614820160802198,1.2644010445791038,-0.18812545146419501,0.47613213968236445,-0.12003268229512337,-0.05729386855169543,0.355658394813655,0.348060026827967,0.005646493973694386,430,0.0020161290322580645
JKHY,0.013982041739395365,0.7173644210216665,0.6062562345440565,-0.3216851140182347,0.16630188765540213,0.44934806567836255,0.1494864267882282,0.1394567855946932,0.007959199278002172,430,0.0020161290322580645
JNJ,0.0019642228638852032,0.7104218598461687,-0.2820638649541231,-0.18819240177350496,0.5200731828214472,0.3743434343009505,0.29446650501158533,0.28614653455181627,0.0020843984148187556,430,0.0020161290322580645
JPM,0.005705453194617504,1.2133655248492283,-0.14645502730529614,1.2198598297703007,-0.765311153350453,-0.5813131440926464,0.5308417318263916,0.5253092050790613,0.0038799092202423686,430,0.0020161290322580645
K,0.00030807031803697823,0.46072563846794123,0.09365374685866987,-0.05205176974015966,0.5432194428387391,0.21096219825569731,0.11792807728450327,0.1075262857430469,0.0030267293447367723,430,0.0020161290322580645
KDP,0.023788019198076858,0.7222597080426366,0.39421030589351125,-0.31698045148202425,0.20227474459376746,-0.9212692759382746,0.017358306893723086,-0.006726048329469991,0.12214032858285549,210,0.0020161290322580645
KEY,-0.0015542372038793472,0.9806171556404056,0.07700978866380054,1.4059460948605214,-0.07034033315935523,-0.43188050053362403,0.43572657928710024,0.4290724115900142,0.004348358260343264,430,0.0020161290322580645
KEYS,0.006908135766668716,0.9375485599174107,0.7120776389013765,-0.3121641053786282,-0.02965225308090211,-0.251278412672072,0.45825049910597093,0.43692177859833203,0.0035921540844309078,133,0.0020161290322580645
KHC,-0.010474135714004443,0.5772843023901698,0.11303523383753557,0.2800632246319563,0.3819787478249951,0.6174817864069223,0.21547270533179985,0.1822300233543337,0.004905551069251594,124,0.0020161290322580645
KIM,-0.0013124298386323692,1.0105551844100777,0.6026523326157766,0.6302986820716314,0.3617311410216525,0.14618974678641442,0.3879758870352259,0.3803636468242213,0.00434938276687935,408,0.0020161290322580645
KKR,0.0032168610265067366,1.6038863165068438,-0.06351368640343524,0.3375979689503114,-0.2440974800827942,-0.5468265851102325,0.5608578220810034,0.5485223676450766,0.00408164911566627,184,0.0020161290322580645
KLAC,0.011016781153814105,1.6759396172250078,0.49864630463474763,-0.45313126056214426,-0.185005863325603,-0.12566273217323376,0.4204286474563159,0.41359407961971595,0.009973953267749996,430,0.0020161290322580645
KMB,-0.0017965775521237815,0.6729014751706092,-0.3005579480507843,-0.23830172516882134,0.6758082508037713,0.8138425454851727,0.31126680107794424,0.303144947317071,0.0020801623824473186,430,0.0020161290322580645
KMI,-0.002680487859878137,0.8126021511690998,0.2417518743703949,0.38869658685219544,0.09624663628399856,0.5664203212646683,0.3543588277992086,0.33548043095123226,0.0034031193757765492,177,0.0020161290322580645
KMX,-0.0017764632768266357,1.4611684829484286,0.8299866028579804,0.37753614316610995,0.707631670287957,-0.30517348628830737,0.2595547810460035,0.2486337601174785,0.015694999282545894,345,0.0020161290322580645
KO,5.705399036985739e-05,0.7430986634617844,-0.24275639490475626,-0.14459231957251573,0.5540019807533209,0.4943775464590056,0.2863655602777364,0.27795005980931353,0.0023228214836480657,430,0.0020161290322580645
KR,0.0018382912080456744,0.7449454161347443,-0.05936532053028248,-0.24067264846758699,0.5331522195821216,0.7612719379030838,0.15904467485651086,0.14912774885246038,0.004719012218839175,430,0.0020161290322580645
L,-0.0021481480745889673,0.8764407745843347,-0.06576260104519836,0.7467933367392978,0.28400295183306606,-0.03451267554246546,0.4201839513317517,0.413346497927645,0.0025114536975860613,430,0.0020161290322580645
LDOS,0.004137052081685433,0.7609117304450363,0.12341765745156218,-0.2543779219199361,0.00439557676473216,0.5149633589041754,0.17977403627826516,0.16138331960288987,0.005558374143124489,229,0.0020161290322580645
LEN,0.004638794754778929,1.3850218586350014,0.6087141368193641,0.829049070771172,0.5530640649215949,-0.392048816291515,0.24276125102852653,0.23383154880008938,0.014624810125176572,430,0.0020161290322580645
LH,0.0005075279131555414,0.7062731289755901,0.6286767814856616,0.006349057676632778,0.5672099684730325,0.0646431490645703,0.13215171445781626,0.1218691518329088,0.008419367013140933,428,0.0020161290322580645
LHX,0.004684096184528024,0.8357129537927012,0.521148016480061,0.08767354903678902,0.2532503711417252,-0.1803788241555236,0.24685548474036223,0.23797406356984763,0.005386307335930347,430,0.0020161290322580645
LII,0.005391794671852245,0.8266289484756184,0.9208225420809416,-0.16764516307437988,0.5482914636460887,0.1257979142256119,0.26291875617632743,0.2510303490178811,0.006110502601651975,316,0.0020161290322580645
LIN,0.001076253085523377,1.0376611762046126,-0.11507322768752928,0.05299186342803005,0.5611608519122018,0.3335829143675282,0.3832499626725483,0.3754430001747324,0.002826180934707794,401,0.0020161290322580645
LKQ,0.002397522517998065,0.9554538543463076,0.6082292364633628,0.146516068365201,0.8066298000294453,-0.11553613918922448,0.320490881930376,0.3073729452881052,0.005142438847014098,265,0.0020161290322580645
LLY,0.007170777515158184,0.6505233672335861,-0.3618363953350793,-0.4287800350002708,0.19090120629456944,0.5530401475042092,0.13005055720466885,0.11979171943585587,0.0051508468805009505,430,0.0020161290322580645
LMT,0.00322217900001465,0.6193463855611019,0.21137616968352446,0.341752876480782,0.731801151928327,-0.027406986527413572,0.20057233391844076,0.1911451208750261,0.00391415228502187,430,0.0020161290322580645
LNT,0.002045812341424536,0.5161272023250123,-0.08397204276918727,0.005929815591950807,0.2074832671474852,0.5880699936937144,0.16525475224888908,0.15541105828956003,0.002389121523355356,430,0.0020161290322580645
LOW,0.005544843327875513,1.1468463585130109,0.4524695082609726,0.16604583676230103,0.5930435132797602,-0.2873169572619768,0.31506759780325755,0.30699056475848463,0.006098910829163463,430,0.0020161290322580645
LRCX,0.017712078126890546,1.5994205407340343,0.47566244241877453,-0.19293140065383385,-0.7335395297177544,-0.8747770670844538,0.3592099442235489,0.35165345771675116,0.015928456556882083,430,0.0020161290322580645
LULU,0.004798046734239477,1.5345274315145556,0.5036564713078746,-0.4040641991437909,0.5084170134786747,0.4328713961349367,0.25749271922030403,0.24014441826750743,0.015644097650958352,220,0.0020161290322580645
LUV,0.0013024892931214652,1.1291684341952029,0.05203050006384952,0.582077470054788,0.22387120671620592,-0.059577104912901885,0.26848629453837636,0.2598599536720836,0.007006407241853764,430,0.0020161290322580645
LVS,-2.3032706857766037e-06,1.982439745204516,0.3682260511853287,0.9179411748893479,-0.11741258207374315,-0.6414024888716774,0.3518959335664803,0.3386693199657962,0.019206124983940913,251,0.0020161290322580645
LW,0.003482299258156108,0.5626347323190197,0.14287616310369294,0.21475600199205822,0.013026428690566505,0.0872468595679515,0.11460258691657033,0.07120075294189243,0.007158655262566713,108,0.0020161290322580645
LYB,0.0010243872055128553,1.2170263769465046,0.23437988420399555,0.9008154233325094,-0.09862754814063515,-0.15861212026073365,0.4753853075811604,0.46089318900605436,0.004693329944653776,187,0.0020161290322580645
LYV,0.00852364194454224,1.2344199267588807,0.734006748637942,0.6830752382196239,-0.4683448034594299,-0.9427434460569833,0.3854615403880155,0.3722740197954837,0.00962338047668112,239,0.0020161290322580645
MA,0.0114720764871413,1.083261712974448,-0.11361086538706806,-0.28012423800403913,0.6146059715117826,0.17816528920685362,0.323753900596349,0.30892394227609354,0.004639590334580786,234,0.0020161290322580645
MAA,0.003165603216352438,0.6156545597491988,0.3554094405121209,0.11916567000061162,0.22795293871665445,0.2254047237779435,0.25019667796764933,0.2402258891108361,0.002648667240505847,382,0.0020161290322580645
MAR,0.0016062287017656412,1.3081076345906157,0.23226053706185867,0.7021128689701287,0.3541119215398931,-0.21830970519866666,0.5237040370679943,0.5163988842622886,0.003768329304072236,332,0.0020161290322580645
MAS,-0.006304286153101947,1.473438245558616,0.37970707140097876,0.6321800920749179,0.7007164808362759,-0.044843870768553194,0.4912139629653831,0.48521412762299376,0.004618980445009334,430,0.0020161290322580645
MCD,0.0018416786830665706,0.802804813195381,-0.30078945431056936,0.035474237896623614,0.4029803791263617,0.30077392959404026,0.3146741315119711,0.3065924585345179,0.0023548840616224084,430,0.0020161290322580645
MCHP,0.010547511795817047,1.2500175690697577,0.5280024639220925,-0.08412286761343946,-0.21916369466699892,-0.0785307940075527,0.286521566091525,0.27727961746576757,0.010570359700649543,392,0.0020161290322580645
MCK,0.0072087173048296874,0.6436802529116502,0.06694882841013035,0.15416189774173084,0.22758320481759578,-0.0028186816889000615,0.11275308756688951,0.10063222810742078,0.006307452393745466,372,0.0020161290322580645
MCO,0.0034196375886046426,1.0220212500765748,0.20379228210283257,0.03090394006787107,0.4366543951800682,-0.145698142585212,0.33200847897602326,0.32290777705471574,0.004177369371695676,373,0.0020161290322580645
MDLZ,-0.0011820068587640948,0.7179348499513171,-0.36557826955145245,-0.01776464441650742,0.5903815985147592,0.5210499736529429,0.22377135927328407,0.21024821222229606,0.003255761159249509,293,0.0020161290322580645
MDT,0.004208006395999958,0.7962687238408864,-0.0661205594614442,-0.05095675873897117,0.13350123622726648,0.010960947534551879,0.2437712523114849,0.23485346047553546,0.0035638340991173568,430,0.0020161290322580645
MET,8.40041626395619e-05,1.1645836321844991,0.17809330249479666,1.1428017391758933,-0.047650513715534214,-0.043088585554915376,0.6177169805373391,0.6113667642671953,0.0027822643636751395,307,0.0020161290322580645
META,0.009373292273260149,1.1924293836353357,-0.2983723257888954,-0.6003039468335353,0.10062634852445457,-0.039491700751757876,0.23793362022634612,0.21350841574642132,0.009414124320625125,162,0.0020161290322580645
MGM,-0.0034943675377811807,1.800693558199245,1.1314997948086323,1.154020431535638,0.7845793540371347,-0.4138233669701395,0.2763455454739787,0.2678118844536247,0.02315900731539603,430,0.0020161290322580645
MHK,-0.003682668532058096,1.4539925172144201,1.108847806325348,0.7872365525749555,0.9801332656517883,-0.42611498183526836,0.4111897317582527,0.4037739853068453,0.00838032281530275,403,0.0020161290322580645
MKC,0.00025978002707024994,0.6636359860744776,0.23641109061966278,-0.4048763505887949,0.8681758344342347,0.660297215477476,0.23335128610353528,0.2243106173075864,0.002804114530051329,430,0.0020161290322580645
MKTX,0.006765582048424489,0.6791998709544425,0.753658928001577,-0.4026834547302349,0.1732317357499736,0.1816603011341839,0.1463141757220504,0.1289628378302221,0.009016251632289111,252,0.0020161290322580645
MLM,0.0023432873749750726,0.9447148096222221,0.11390439896325022,0.4775498801467759,0.29807893399629354,-0.17674701272281496,0.29085688366654017,0.2814016421154274,0.004679383395664106,381,0.0020161290322580645
MMC,0.00036253605037607923,0.9517542407775201,-0.4341160708000803,0.3906195170250137,0.25696409882086463,-0.20961575186743395,0.3826674252681411,0.3753875600000768,0.002830312083382939,430,0.0020161290322580645
MMM,-0.0017256576674727396,0.8930144356631269,0.20128309588713278,0.07806102651650361,0.45616100691732403,0.437480244486143,0.3727474695029026,0.3653506236243992,0.002370473822297994,430,0.0020161290322580645
MNST,0.020109468602032374,0.7430819148004585,0.5845239376106566,-0.25054870866476736,0.7653617220577015,-0.46588337191306756,0.07239199766140336,0.06145322404891984,0.021759405085315354,430,0.0020161290322580645
MO,0.004864649239103039,0.8673299243662171,-0.05893781843089115,-0.08361111071710847,0.912856898149246,0.5453424708336816,0.08816492904930473,0.07741215698620685,0.014333015541437913,430,0.0020161290322580645
MOH,0.006604558780950712,0.8368063024920722,0.5170631049445894,-0.7177882840955765,-0.0616624302287353,0.6862256040540075,0.13586733470061974,0.11937625330177659,0.011313816594520052,268,0.0020161290322580645
MOS,-0.0037259541317963664,1.1294426685642283,0.42608521655421294,0.42634723545987013,0.31466428680692793,0.10927552243507056,0.1896277787332944,0.18007150253911153,0.011765278247966231,430,0.0020161290322580645
MPC,0.005748085540016762,1.5274885826461693,0.009133065997320038,1.2951406374676022,-0.2854620523865425,-0.15309617762936117,0.5185040628559601,0.5040880168336834,0.00602446829745259,173,0.0020161290322580645
MPWR,0.01633426683936707,1.154951711413621,0.16147795716403596,0.014917800601002036,-0.5958037411969702,-1.1338199132622933,0.2951282665949768,0.28080160534690723,0.009724162469279974,252,0.0020161290322580645
MRK,0.001022581100280387,0.7805439254720835,-0.6998141822780689,-0.2923316094682482,0.23474924586934073,0.785555746900686,0.24983892477952174,0.2409926856849406,0.0037074825111485673,430,0.0020161290322580645
MRNA,0.014935120606751241,1.3187670236472482,2.2224348459261805,-2.029648787961828,0.47997209532593665,1.5643678124904188,0.1899145257445386,0.1373115728708073,0.049969099761030644,83,0.0020161290322580645
MS,0.004106998961255229,1.535522563036869,-0.36184636113429686,0.6539295701324113,-0.7975935200238389,-0.39772310415692846,0.5393447928070925,0.5333931751431014,0.004960253270334634,393,0.0020161290322580645
MSCI,0.006257014555762656,1.1327136473369075,0.31149398289265273,-0.4174948077585011,0.20235495719609345,-0.44972088630659185,0.4655669851307399,0.45284238953861466,0.00395157977160093,216,0.0020161290322580645
MSFT,0.011346633420716809,1.0592799140455234,-0.29853374430695173,-0.3782277660069908,0.15779699898759147,-0.7485197931893259,0.43672255409686955,0.43008013138574774,0.004169954939432758,430,0.0020161290322580645
MSI,0.0031191420640739147,1.0834705597694492,0.37008167125104435,-0.20718002962709584,-0.3228867284408629,0.03735854516642405,0.37535433514496663,0.3679882306065818,0.005311321105955854,430,0.0020161290322580645
MTB,0.004074391961997128,0.7087771804515453,0.09562999414949529,1.405120384327869,-0.08907509944362643,-0.6705512819449713,0.48317022505319307,0.4770755343108958,0.002602770103807484,430,0.0020161290322580645
MTCH,0.011272449311631235,0.9919263598075275,0.27491932862603274,-0.049408590586743975,-0.2651852696140538,0.08704960170575227,0.12497322908546105,0.1136971109035727,0.0172889928703041,394,0.0020161290322580645
MTD,0.0051612017391059785,1.2138242931716823,0.20061244635076275,-0.41141746776093097,0.17913441897123156,0.573509036918583,0.43266119741013753,0.42406515494665475,0.003925092850006592,336,0.0020161290322580645
MU,0.016822736836490434,1.3715708813916025,0.3486064260346392,0.1374211098735083,-0.8521435926338257,-0.768948964932343,0.26058016096958714,0.2518605873961153,0.018594984033840856,430,0.0020161290322580645
NCLH,-0.012583672521340523,2.106044596631585,0.3499524880463317,0.7164361567434024,-0.3749467497689361,-0.4734407825872145,0.45048656619533334,0.4319219231613919,0.012360143289992688,154,0.0020161290322580645
NDAQ,0.008174883294180474,0.8471262680937989,0.08968273340550667,0.01988567024081655,-0.2645990248378321,-0.10442594625754878,0.18170841172148522,0.1667760834682277,0.007391113760739033,280,0.0020161290322580645
NDSN,0.0015026080068413757,0.989756250699334,0.4216008498520396,0.26090863662237346,0.3837165818938763,-0.3031054696934486,0.3389071976295547,0.331111291941224,0.004320646394833748,430,0.0020161290322580645
NEE,0.004334546102962381,0.5017669541168304,-0.24476097228228555,-0.03977378502365672,0.2777424979271185,0.44184177597327834,0.1398631951839282,0.12972007248562545,0.0027390620558848965,430,0.0020161290322580645
NEM,0.001473583729794207,0.45161560288348834,0.263261145718098,-0.22672128037442085,0.29998621675612447,0.5855562615711721,0.03272858759712871,0.021322085092377874,0.012027349677147772,430,0.0020161290322580645
NFLX,0.031500169543416674,0.9594114683570729,0.223191095278902,-0.4723525569906028,-1.486862154625253,-0.8445528016061631,0.17995960753373075,0.16510380332238528,0.020917135034692,282,0.0020161290322580645
NI,0.002624413295278394,0.607380652621211,-0.37260372712630146,0.3386251501343309,0.22395460354976668,0.47402433406090316,0.26685915380290215,0.25821362495623834,0.0024697266822903186,430,0.0020161290322580645
NKE,0.001004533012600186,1.0724096872252258,0.0021237957502683222,-0.1241716815336546,1.073439077957236,0.02084971403113298,0.27818344932761496,0.2696714617017614,0.0055862128144035786,430,0.0020161290322580645
NOC,0.004866903975742958,0.7051522053721583,0.028280683871368242,0.3647981559748566,0.5631235507622021,0.06332663565639562,0.17716061982069242,0.1674573252431062,0.004938672443805715,430,0.0020161290322580645
NOW,0.014175209756555682,1.0327885383030089,-0.020377552653544084,-0.6261349468530576,-0.8006076334329393,-0.3899618578964847,0.37589015571583273,0.3557575800937628,0.005490115459837758,161,0.0020161290322580645
NRG,0.00716465348904702,0.9805304547492631,-0.05963456974339147,-0.1949049152353855,-0.04813337804268552,0.2277496242428342,0.1689244998911501,0.15275571584233982,0.008583206806544796,263,0.0020161290322580645
NSC,-0.0004579036263522822,1.0465087562131805,0.18679923008138188,0.49624598486364146,0.6255369324034261,-0.20196950710709236,0.3760330947499544,0.3686749944521944,0.003766452115883831,430,0.0020161290322580645
NTAP,0.015628780300004433,1.4563531018954134,0.775946977761993,-0.8553664548782137,-1.4961901478086865,0.6916741131531016,0.44287587280256446,0.4350068879551431,0.01413709269430389,360,0.0020161290322580645
NTRS,0.002513783069880044,1.050665992011047,-0.2517377016666344,0.7059225206578315,-0.29290965320413287,-0.36435450478784853,0.47240121980370076,0.46617953607497087,0.0028067997619565664,430,0.0020161290322580645
NUE,0.0015207466965319093,1.333219246676346,0.38634726716645595,0.4004906744341545,0.2946729567697585,0.05906738813040805,0.3541720998867566,0.34655620483825134,0.006645329151362044,430,0.0020161290322580645
NVDA,0.03178167044249525,1.784020453321658,0.03556538360792028,-0.8759073218404372,-0.9654326232307026,0.15574304629117186,0.3437939407335996,0.33341093346672623,0.020275489194926128,322,0.0020161290322580645
NVR,0.04851137442129592,1.7231091197083024,3.3094357829814838,-3.7761057711609998,3.629100912495533,4.199926313506715,0.01082659844745193,-0.000838182231233775,1.5994048300953054,430,0.0020161290322580645
NWS,-0.0067850466545916225,1.3153615312578881,0.14294317885652502,0.26407878209352426,0.2716126877319994,-0.037109587919267946,0.4873580175871609,0.4694334727475512,0.003855897413165172,149,0.0020161290322580645
NWSA,-0.007782547564648013,1.3202548018379368,0.10907240492714794,0.25470717964672773,0.3213003610811687,0.006845795290825881,0.47715216564154106,0.45887077283180466,0.003989925585208192,149,0.0020161290322580645
NXPI,0.005665031478491011,1.5696956676895966,0.029402569037917985,0.6524118437005519,-0.7915710477527633,-0.5103105747621384,0.4230058122508005,0.4067065414104276,0.007852089558696464,183,0.0020161290322580645
O,0.003840641086971226,0.5430874560048913,0.38157743383497356,0.09541636297737761,0.38249908566273094,0.3104702574692557,0.20832700594188402,0.19754127032801327,0.002799879608056004,373,0.0020161290322580645
ODFL,0.007546493885243382,0.7189603044443859,0.8544744106037002,0.09379086156062948,0.5596700804226395,-0.021387435118562167,0.18079159748156026,0.170627721519793,0.007525176869612019,409,0.0020161290322580645
OKE,0.0023158392494557582,1.0295161812490679,0.2886562937753446,0.5918287059698367,0.4474158465925365,0.38285911651274185,0.31811956685659903,0.3100785240129268,0.005195285586690935,430,0.0020161290322580645
OMC,0.0014983011146179346,1.075863859303637,0.08027598062561898,0.18380288930844907,-0.025212036248953726,0.168956214449647,0.3748769902652018,0.3675052566598387,0.0037079431708613385,430,0.0020161290322580645
ON,0.006799413809856102,1.7959804942526663,0.8341644035941477,-0.09986302662465332,-1.2488577461771178,0.5153766613395805,0.38717801412711084,0.3769643143625627,0.018347786748773152,306,0.0020161290322580645
ORCL,0.012792882307118392,1.194365313649884,0.21558556973189671,-0.5547041080335693,-0.42836489682235296,-0.2965078605152603,0.3143298419036542,0.3062441089072351,0.010174809458153383,430,0.0020161290322580645
ORLY,0.009935276802613304,0.7679394594739739,0.37452350511959703,-0.061044564535078914,0.6654243443994484,-0.05782830050993922,0.16693647210478624,0.15611746524900427,0.005974529435066328,391,0.0020161290322580645
OTIS,-0.00619297828605847,0.8916635267228739,-0.1504763125665881,0.1603609008210191,0.42710496474885545,0.07371018533380147,0.4496766002039373,0.4052956808655451,0.0024403144748744885,68,0.0020161290322580645
OXY,-0.001959908174924666,1.0821530918831395,0.23747390481650546,0.9717672992034283,0.21746495999750182,0.11605733890483738,0.2945044687287107,0.2861849459542851,0.007479742989583045,430,0.0020161290322580645
PANW,0.011996195922593064,1.0436995492481524,0.035174677603947956,-0.3463741571742104,-0.7668962738670738,-0.4594803490960933,0.27743647926377824,0.2539766246944204,0.007810062583558367,160,0.0020161290322580645
PAYC,0.013812433127388918,1.0300828637867294,0.7410380923633185,-0.48061705739073834,-0.08338750512988521,-0.5723125762564168,0.22092288903727886,0.1916342758431916,0.01444313831731919,139,0.0020161290322580645
PAYX,0.006591601773386915,0.8816042566073045,0.2515121341021056,-0.18505348429687862,0.20204954307380574,0.2278634203874659,0.2577248044253716,0.24897155919453873,0.004341024305845667,430,0.0020161290322580645
PCAR,0.0013542511083920882,1.207620605177287,0.4260206085912525,0.23285823282386597,0.36397212867307543,0.24837348157363157,0.4014121060201,0.3943532865156202,0.004343189968058728,430,0.0020161290322580645
PCG,-0.002169232503783462,0.605508625613671,0.023239953383465732,0.09567607219910927,0.3751502843880136,0.5349000749641276,0.07286125164597101,0.061928011688966,0.008764715624158226,430,0.0020161290322580645
PEG,0.0016255791200505932,0.5699273637928923,-0.2360146235772082,0.06311860749086472,0.3213912220735141,0.5283897342442696,0.18161301301547828,0.17196222307462306,0.0027835568407396294,430,0.0020161290322580645
PEP,-0.0002115725734175271,0.7779650121065147,-0.20281967898592126,-0.18524571797687586,0.5068604944367986,0.45328953480763223,0.32433521181464164,0.3163674666709464,0.0020284676899641665,430,0.0020161290322580645
PFE,-0.0005104820131951797,0.8604345472020947,-0.3645408091860702,-0.21098611910183446,0.4726948250383021,0.49433886890413387,0.27273872923478026,0.2641625350040583,0.003262610985358136,430,0.0020161290322580645
PFG,-0.0008530152352788154,1.5097269037289727,0.28652916549425367,1.2345856704176628,0.2139443481482574,-0.38708484854553077,0.49056917500426744,0.48156863039303544,0.007029715530499419,289,0.0020161290322580645
PG,0.000724439857171539,0.6315597539891247,-0.13867970688936426,-0.3512684995629871,0.5750712948584021,0.803976276991476,0.23575778734474861,0.22674549710117253,0.0022946696702135384,430,0.0020161290322580645
PGR,0.007429468216999856,0.8806214593198552,-0.5358145590974026,0.41651662420438196,0.22238123962357598,0.1891122916825535,0.23413463862997919,0.22510320748174784,0.005091483268350412,430,0.0020161290322580645
PH,-0.000268086213281597,1.3999564095089219,0.3938568092368292,0.31625220043892743,0.7624661010046527,0.10174337468271673,0.5004662734872573,0.4945755455802674,0.003748489914820608,430,0.0020161290322580645
PHM,0.0026361152632609027,1.2924328233969593,0.570551045424203,0.5535714742056613,0.7749860417115122,0.008922629471219449,0.2783181836710029,0.2698077848935383,0.009610097188271183,430,0.0020161290322580645
PKG,0.002479525949154366,1.0913527282784166,0.19864986071199925,0.2317176232527391,0.5922598287169825,0.25757893946651367,0.37785705400054403,0.3676244397571319,0.004024068500803023,310,0.0020161290322580645
PLD,0.001674094935315248,1.0112800231228118,0.29892410500292405,0.3864558970542304,0.2669016567295327,0.005120496799193935,0.37872131042231794,0.3693079969438682,0.003972499491653331,336,0.0020161290322580645
PLTR,0.07729988888374516,2.157323366293079,1.3979953683312674,-1.818042684654453,-2.915536763236105,0.20700636102874242,0.35839841618539714,0.30111256048766477,0.06366822150812265,62,0.0020161290322580645
PM,0.00184418961486851,0.8137838567709327,-0.4835711887545337,0.36401336040255866,0.3890947304136418,0.3867872631816341,0.35499491646937753,0.33933945327688664,0.0029411883220624344,212,0.0020161290322580645
PNC,0.00045688386346038804,1.0466807746160256,-0.0017297816314223674,1.316060734928736,-0.06432356583898471,-0.5061884815779373,0.5160194839967156,0.5103121665910165,0.0031368064401979213,430,0.0020161290322580645
PNR,1.9779812924745313e-05,1.0828037024535748,0.6107958774181129,0.11575679775929891,0.5089808096363123,0.029112282325262466,0.3790125815015125,0.37168961666072853,0.00424483788620479,430,0.0020161290322580645
PNW,0.0017337278346770974,0.5638694006809465,-0.03492935821264084,0.09217294320735239,0.3151570739025077,0.5656414636275511,0.14001798105010488,0.1298766836568278,0.003738355037436689,430,0.0020161290322580645
PODD,0.01320175071195779,1.2144444787704747,0.46908432073917616,-0.5813976136431945,-0.6088740421299108,0.3646341604454085,0.22493145372779688,0.20699005219371802,0.014253499488564091,222,0.0020161290322580645
POOL,0.00813553681010726,0.9959889877380923,0.7615306978920492,0.1565258363317398,0.7116298616645722,-0.01086088270016765,0.29345305219313034,0.2835016867310618,0.006209898414697107,361,0.0020161290322580645
PPG,-0.004391637227729037,1.183482967092258,0.24032891526754,0.1568613030654153,0.6169026566234441,0.3409953868961139,0.5144633422835523,0.5087376741501036,0.002353594253766821,430,0.0020161290322580645
PPL,0.0009019753289469008,0.627700420317859,-0.24844397804648496,0.1675319011576334,0.2264089696423508,0.3102674375392496,0.19068211866130114,0.1811382757209864,0.0029849670295815844,430,0.0020161290322580645
PRU,0.0003388246526484352,1.3730106498030439,0.13949764290310274,1.4152036460185706,-0.05455296514219322,-0.7079093844463987,0.6364124676841478,0.6299429386393818,0.003539559830862502,287,0.0020161290322580645
PSA,0.0060064302273546664,0.4909099591866962,0.327518826313674,0.0862667155996523,0.13422800835303353,0.36689280838394117,0.144983308041583,0.1349005640326395,0.003504609750218438,430,0.0020161290322580645
PSKY,-0.004401368569620552,1.5674122072386953,0.6832665346239324,0.6826129330194517,-0.33357932335190327,0.4772656268225678,0.46277722886123995,0.45124884321448544,0.009359255918652522,239,0.0020161290322580645
PSX,0.001487692326785998,1.2925198690604822,0.04904131230034623,0.9529641179460389,-0.2174414800032583,0.45705987996717107,0.5136548487894066,0.4981661497062667,0.004348803736288314,163,0.0020161290322580645
PTC,0.007234742052261843,1.5281019985922601,0.20509386966853968,-0.35868518371533986,-0.6202343909158399,0.1424026927494179,0.3479319429566686,0.34024246115191226,0.011357400465186082,430,0.0020161290322580645
PWR,0.013177467250085752,1.3011319232385559,0.16637340755702895,0.301466107485464,-0.4047788822829912,-0.1332414109790123,0.24928563203761966,0.23780681907183399,0.013748210984376213,333,0.0020161290322580645
PYPL,-0.0036891827585581716,1.250407213092938,0.17885746956587253,-0.42319080157761113,-0.6703301941831512,-0.03176053556904333,0.43389840961726844,0.40991105409257644,0.005549867616567328,124,0.0020161290322580645
QCOM,0.014143615992051365,1.231424064247241,0.1346628909032703,-0.22075504022132603,-0.37299288150824483,-0.28188008568721373,0.20240881397109922,0.19246378671388098,0.01591551843916097,407,0.0020161290322580645
RCL,0.001229308501087821,2.0589845592244433,0.3944645492037849,1.0674817433735673,0.010242005944432996,-0.06946851956905903,0.46355431227627264,0.4565874851629774,0.011205936890189165,391,0.0020161290322580645
REG,-0.0005281345590699113,0.8343293488633743,0.588250507301235,0.4710135723085669,0.5454684938424953,-0.03450780771470368,0.3666186588846928,0.35826270451641695,0.003364629219112621,385,0.0020161290322580645
REGN,0.032168355132039764,0.4881798015098587,1.7808677266158668,-1.4264763049108886,-3.1063459452717144,1.5229127969717238,0.2840231704843609,0.2752703975073971,0.04552806125324427,415,0.0020161290322580645
RJF,0.007304262802902881,1.2038325141268078,0.3084551956814792,0.5430295058767542,-0.24042482980351632,-0.32561393734714106,0.4428405722779598,0.43627029600765277,0.004561770086382309,430,0.0020161290322580645
RL,0.0016074180136880225,1.1775411163103766,0.6856949726908224,0.5288411006326732,0.34951095243893493,-0.32356586685070954,0.40209543687384464,0.3931714881704692,0.005923180003649343,341,0.0020161290322580645
RMD,0.015416204270333989,0.6324331358963806,0.7289000706895244,-0.4958583259471836,-0.09065434884931284,0.11189480947453186,0.18182422487965677,0.17042901909803632,0.009338016276771237,365,0.0020161290322580645
ROK,0.0011020552826959736,1.3153691148787745,0.5651042506983192,-0.35408692132491115,0.6804843563305973,1.447261076619787,0.214517479705589,0.20525471413607943,0.01181865259448137,430,0.0020161290322580645
ROL,0.005510142303260268,0.5329829539300447,0.4035282831236841,-0.2943258169397936,0.4912010276436666,0.38361424579067976,0.14247729816932508,0.13236500215717095,0.0036993207296644815,430,0.0020161290322580645
ROP,0.0061626234828976376,0.9637823221170396,0.2546723991999196,-0.10143524168729663,0.3997333676835298,0.1789232387586831,0.22400674993137748,0.21428252374004142,0.005769407840396542,405,0.0020161290322580645
ROST,0.007794552772452983,0.9892705071045906,0.5069600021518061,0.14139761296332756,0.8395441159700693,-0.2722514809731183,0.1889829449972531,0.1794190646316547,0.009369588826854949,430,0.0020161290322580645
RSG,0.003504942873186492,0.7722872100463488,0.09097645270836857,0.23208589725740308,0.6026596682414906,-0.0821407031175791,0.2215043424080001,0.20941590051992554,0.004555362422192889,328,0.0020161290322580645
RTX,0.001472275165282713,1.070738578953236,-0.08519115536459723,0.40049106756243247,0.26099126133951456,-0.05549599129003544,0.44565076422128436,0.4391136270069127,0.0026435471283256205,430,0.0020161290322580645
RVTY,0.0026839104437605555,1.0717804561676996,0.22298958619193449,-0.40420905067506224,-0.674024705331196,0.7928025629225257,0.33585602763165445,0.3280241411650465,0.006261157266423268,430,0.0020161290322580645
SBAC,0.023597306418171513,0.949083529294202,-0.15551762366428823,-0.8205907822988481,-1.6896220605533077,0.5659888855430938,0.19971460332581736,0.18684827862044473,0.026575486493679547,317,0.0020161290322580645
SBUX,0.008370151099227794,1.0032939595205592,0.39616127087346065,0.0765520624725152,0.3636691968660551,-0.20975263461413365,0.2227209601585075,0.21288198497064048,0.00750053071715436,401,0.0020161290322580645
SCHW,0.010611486879933338,1.3797817040888232,-0.2606947477395904,0.8573123757486011,-0.818567117078521,-0.8047992291308925,0.42425617123193937,0.41746673928891975,0.007034863863038165,430,0.0020161290322580645
SHW,0.0024850565367691116,1.0273042968898671,0.13823482828878167,0.10361198473866642,0.5420754372531439,0.2735779584835125,0.37311753625458677,0.3657250543707965,0.0030661838198380803,430,0.0020161290322580645
SJM,0.0006673162482222296,0.4212581466543639,0.3041609213565474,-0.12799121655479065,0.39980806296771526,0.42117101875022755,0.0987805115170397,0.08650231685105925,0.003650695100311109,373,0.0020161290322580645
SLB,-0.0030003420204737356,1.2541202696892748,0.2237236680321274,0.6972195260482807,-0.29239719999060726,0.29851879404066173,0.38548583846765383,0.37823920920430065,0.005974489874389951,430,0.0020161290322580645
SMCI,0.01738898627555436,1.3773750979872228,-0.3555783616272697,-0.2334661481945135,-0.3770956927045203,-0.12887012569638184,0.1299963943911442,0.11004218325332638,0.0271677280862984,224,0.0020161290322580645
SNA,-0.0020705704794507346,1.158490938465176,0.23760485402873163,0.5652184725987771,0.48106955788178835,-0.011209214987886811,0.4712951426008807,0.46506041550891,0.0031090948845351567,430,0.0020161290322580645
SNPS,0.0038742417513331754,1.1706215230483368,0.017948135961811138,-0.430201742752755,0.3320568687117564,-0.07347022598290849,0.27228614951019947,0.26316692832611677,0.007349628723127458,405,0.0020161290322580645
SO,0.004447972225338202,0.32004146840595016,-0.17103545541001774,0.04875641917320521,0.3654275349783154,0.4735924055754465,0.12907023393524275,0.11879983575051689,0.0022375299696633685,430,0.0020161290322580645
SPG,0.0012662351079458438,0.9508911224620493,0.6794973364223381,0.7360218098696334,0.5337750482701721,-0.033632423148073166,0.43511349789076414,0.42762163446756474,0.003718645576005879,383,0.0020161290322580645
SPGI,0.003369362444476075,0.9925889598204728,-0.05539271660337127,-0.14802355434404668,0.32983833298305726,0.022401599842393143,0.36922017680087316,0.3617817354895626,0.003003828266515139,430,0.0020161290322580645
SRE,0.002983980028751223,0.585835041390889,-0.014747683774866549,-0.02254074486545477,0.34548685894269027,0.5367422093765117,0.19799703474221753,0.18558212815927977,0.0026948432861119845,329,0.0020161290322580645
STE,0.006767149132112764,0.7412589579953561,0.5365255588903398,-0.22454061893397506,0.9783336842206951,-0.27584662379949215,0.1524505666201572,0.1417220927799061,0.007775752677607404,401,0.0020161290322580645
STLD,0.005411828847153286,1.3307426111338772,0.8400447798429094,0.391892224945042,0.4789183812187936,-0.1522165737722804,0.3103766815009651,0.30029446924220726,0.010716377821404619,348,0.0020161290322580645
STT,-6.944738604536877e-05,1.4317206712053783,-0.2674044884239681,0.7983716812889439,-0.0697876441915053,-0.22965252558051588,0.494222313852992,0.4882579543465414,0.004276963555576736,430,0.0020161290322580645
STX,0.00846457310173122,1.6630831595923417,0.3203577896055981,-0.10441619256278338,-0.4510762685832,-0.4175471122751692,0.3443916406656967,0.33220561168178775,0.01211650087203276,275,0.0020161290322580645
STZ,0.004092707466166935,0.8231741000772341,0.3104667357814863,0.01615020815936277,0.5525886205592175,0.3535873837231698,0.1643747309123239,0.1538769260242877,0.006285837102806945,404,0.0020161290322580645
SW,0.00527979615109641,1.2741518430742171,0.07526820580563341,0.32294026609616305,-0.34454962229715086,-0.3387828894462119,0.2241689649531805,0.20505982615892393,0.01498725143783033,209,0.0020161290322580645
SWK,-0.006608352602580356,1.2416347225177116,0.47929132584389783,0.3664796423443406,0.7777150579915206,0.30280779211151104,0.43859836641271366,0.43197806412984474,0.004025187345595826,430,0.0020161290322580645
SWKS,0.015080933198322396,1.4304192300923235,0.41991025774749235,-0.5084193298300399,-1.2796726934724814,0.4144438357653636,0.2517567856867463,0.2429331628764485,0.022589640802295925,430,0.0020161290322580645
SYF,0.003165570906617773,1.3497626395509963,0.6835595592127589,0.8561583792243997,-0.12596440794345876,-0.5704676253614624,0.6032046988391937,0.5879433411022397,0.004203522654811857,136,0.0020161290322580645
SYK,0.0050158095272280915,1.0399659321510708,-0.048412910378958826,-0.1453959225040581,0.6165922436835977,-0.022737731124530782,0.2821342293425658,0.273668831103681,0.0048803661313666915,430,0.0020161290322580645
SYY,-0.0009581252442967688,0.8989050049921241,0.12370577167484799,0.11919429311405358,0.5929434121916821,0.38336287492189214,0.34633792378630845,0.33862964458567535,0.002686099286402716,430,0.0020161290322580645
T,-0.0007032400012096795,0.7858023504024197,-0.37953101218027807,0.025019515316264892,0.2853597705927075,0.7548245771541032,0.2679243223610194,0.25929135446433327,0.003011210996202001,430,0.0020161290322580645
TAP,-0.0014099428601604908,0.7129390830504156,0.05164815340935966,0.2661564438601693,0.46939970918766094,0.2938417730294903,0.15700463599194703,0.14706365292581436,0.00536110669854905,430,0.0020161290322580645
TDG,0.015338693632204367,0.9360471176495628,-0.03954555068222575,0.14138617326309783,0.16764254836572368,-0.3292751360419606,0.27047429535188516,0.2546150409030131,0.005154086800346598,236,0.0020161290322580645
TDY,0.00840931610998315,1.1268439245935602,-0.2189092246983335,0.9178105872940162,0.3547523345135124,-0.7105006455561832,0.2745430959574854,0.26268922497639857,0.008784981210529695,312,0.0020161290322580645
TECH,0.012735039340600137,0.8270596441040328,0.6844800486119412,-0.6434232902572115,-0.06738162181964326,0.013276162398877482,0.2667205402362882,0.25807337679567843,0.007721383886629839,430,0.0020161290322580645
TEL,0.0006727367628589234,1.380211922132549,0.3384308487561983,0.3616660211870411,0.21102098305969066,-0.6173263099892764,0.6438396279310348,0.6355568285805937,0.002898148626170829,221,0.0020161290322580645
TER,0.005591180555067686,1.8199555503058054,0.7605428977003216,-0.521546531433136,-0.04179045971265084,-0.08824762538152799,0.3852768783808984,0.37802778496557876,0.013840800115573168,430,0.0020161290322580645
TFC,0.0006611091226345427,0.8667045320323584,0.03578161434857409,1.4608838989089277,-0.013285432172020644,-0.5632601086793535,0.4870386814806955,0.4809896093283452,0.0031686336954667815,430,0.0020161290322580645
TGT,-0.0007078391180779227,1.0680415059619628,0.08940010064345548,0.112112040513247,0.5190778021148992,0.015173496612327088,0.30395804833043905,0.29575000644754323,0.004633109893380497,430,0.0020161290322580645
TJX,0.005827181278362008,0.9495047717585561,0.1251384785064698,0.11537531481926094,0.7941188159686905,-0.04600031360264629,0.2419502271925571,0.23301096100379015,0.005286619966050147,430,0.0020161290322580645
TKO,0.010061064351177693,0.881323161940113,-0.05588742158525581,0.5083668481624875,-0.32197510074915364,-0.4470892442699653,0.16572206260546263,0.1521344740485483,0.011000382489601954,313,0.0020161290322580645
TMO,0.0034876349556767845,0.9560909902982777,0.06492131916119406,-0.12711522963458372,0.17774540207163134,-0.026740064029698436,0.27998130866298354,0.27149052220853764,0.004547808326066134,430,0.0020161290322580645
TMUS,0.0045429458366547815,0.6502386334385586,0.3318254462831606,-0.1813949310752015,0.3817748488443843,0.1808431108523593,0.0937186175253708,0.07283655802134703,0.010124775852033623,223,0.0020161290322580645
TPL,0.009943658661053387,0.9373575628500757,0.5778794155671512,0.5497519170070807,0.3368583148961492,-0.4481713799493501,0.19431163834499565,0.18481059634434693,0.010083568870966335,430,0.0020161290322580645
TPR,0.006921285293449868,1.2914801399817757,0.864234384865077,0.5117845008154822,0.45906086411652886,-0.4904093881049939,0.3866779902070643,0.37628270190548907,0.007931930314645255,301,0.0020161290322580645
TRGP,0.007885968204284034,1.7352583203014507,0.7903409646480041,0.9594757446776613,0.351065653113501,0.1715991449822324,0.4184124938461181,0.40160360638502324,0.01201845663881729,179,0.0020161290322580645
TRMB,0.0033791032085213114,1.4241188956761057,0.4764591105621404,-0.1350102903845647,0.07174830154621888,-0.011172052518458372,0.299778793961205,0.2914029422143295,0.010721819184927697,424,0.0020161290322580645
TROW,0.0004556288166942741,1.5287320089473448,0.07812117677822493,0.14314909020712033,0.22863776636994926,0.15414722408417852,0.5372216774390877,0.5317643858994543,0.0036538885623982643,430,0.0020161290322580645
TRV,0.0015138096907753595,0.8699101406539828,-0.399755759565918,0.5880719085564302,0.15357289338284175,0.22981031505226668,0.34045054845623257,0.33267284265972585,0.003166402637368254,430,0.0020161290322580645
TSCO,0.009857924200301488,0.8918516326277017,0.6509085121398558,-0.19440681919572975,0.06583606217179708,0.5209343532839962,0.18954416584027955,0.17873808805148317,0.00923687647594038,381,0.0020161290322580645
TSLA,0.029168366824157847,1.364948258604178,0.9663754577179529,-0.8602966720227434,-0.307664716828284,-1.2197453027539937,0.23165335043213486,0.21019115351683137,0.026234656284340907,185,0.0020161290322580645
TSN,-0.0013184697269406401,0.8196383772981997,0.09393883147522412,0.4243680144914541,0.47009065073219597,0.06438719169515099,0.1766620917395939,0.16695291829312686,0.006446426251322207,430,0.0020161290322580645
TT,-0.0001524212179729588,1.4752859394135895,0.11595947322870284,0.14281553955905682,0.560304264986433,0.24422203187799765,0.44383539681788564,0.43727685196904,0.0047247301544648315,430,0.0020161290322580645
TTD,0.025242303413008708,1.5883289272428267,1.569231137883133,-1.8924854291116615,-0.14404293804615137,-0.04972117593874142,0.3313818280967159,0.2992367236782888,0.028328911811898665,110,0.0020161290322580645
TTWO,0.012978224605916432,0.9026855361821743,0.519138943059443,-0.4165970745936805,-0.13180281906206337,-0.2984247940036468,0.16286931539766625,0.15044897883086605,0.016552667535806136,343,0.0020161290322580645
TXN,0.005765370202284049,1.3308508040755653,0.18347892418934234,-0.41567899696576305,-0.44960644937785704,0.4861069370810437,0.3887846274251786,0.3815768989750039,0.006585322511088117,430,0.0020161290322580645
TXT,-0.003740612117967422,1.556427276065659,0.34711002801185054,0.708864595334925,0.39495193761787356,-0.026892040233896596,0.4668711569343057,0.4605842602000405,0.005759043153452714,430,0.0020161290322580645
TYL,0.010506030406348586,0.6798295659374916,0.58026916952803,-0.12014050720889716,0.08094147465699629,-0.01444481384092701,0.10689121314455186,0.09635926990333199,0.012004816021575942,430,0.0020161290322580645
UAL,0.010490152254425514,0.8775154091272181,1.0866777645122776,0.7617985408404999,0.009360118140790751,0.45444143553085503,0.18580263464040625,0.16817931504387829,0.021861521126169285,237,0.0020161290322580645
UBER,0.004812799131243748,1.3534942657610904,-0.136755456628089,0.10807358567440964,-1.5623219181065895,-0.4689904591709534,0.3832148110710032,0.34038250628426736,0.010930140827861513,78,0.0020161290322580645
UDR,0.0015539469087954966,0.5908618154451086,0.49386878060731104,0.3533082047080545,0.25885319236752746,0.026777149842872112,0.25362031976026456,0.24481867258762613,0.0031077848889730264,430,0.0020161290322580645
UHS,0.0019200732454880808,1.1654592772776202,0.440815932625732,0.24631236888414174,0.8498454097970601,0.5114952635232914,0.2904240401869147,0.28205639915138303,0.006612410585491643,430,0.0020161290322580645
ULTA,0.007132995255551676,1.1698163184425692,0.7507893544730544,-0.011876331275402007,0.5294818296627154,0.24821112983352278,0.2953733308923864,0.27867601645855666,0.009609432019890942,217,0.0020161290322580645
UNH,0.01000370921408909,0.8702502938978878,0.2688869398151625,-0.0037796769485028423,0.6474440795136998,-0.11320283329123675,0.18850933975840878,0.17893987442537118,0.006388205501678018,430,0.0020161290322580645
UNP,0.0009462428522647885,0.9502089104389766,0.05632032688984263,0.30166844494629336,0.432513380231242,0.06879968726131647,0.36354589913751,0.35604054417450903,0.002901151538274092,430,0.0020161290322580645
UPS,-0.003966650965272387,0.9311897332804886,-0.04612900857576507,-0.03227855979176204,0.4202746632853082,0.3498050289240285,0.3498316289368162,0.33920796274297327,0.0028416738264876416,312,0.0020161290322580645
URI,0.005880499880368922,1.8927344519459386,0.9519077844224074,0.7894121956996991,0.14779505600620246,-0.027787680811507676,0.4524081296465613,0.44408606474757284,0.01236650417493466,335,0.0020161290322580645
USB,0.0022215128032374467,1.0041765182274196,-0.249430324535549,1.1829323906244522,0.03078034471184277,-0.23791094564673848,0.4475848031053581,0.4410704729532986,0.0035052100318366313,430,0.0020161290322580645
V,0.006347721113037639,0.8970453740879155,-0.2612208213781815,-0.09630562032651996,0.3606927652822766,-0.10286933429410072,0.39080963091372756,0.3760234569067792,0.002542580315404313,212,0.0020161290322580645
VICI,-7.318038729065751e-05,0.8112584176901585,0.23266491745814127,0.4492423292948126,0.3280861563848689,-0.22197195487229945,0.4951327147859742,0.46644707358063187,0.0025627305160883765,94,0.0020161290322580645
VLO,0.006053961073646174,1.2702204282949976,0.18249289075973038,0.6378745368120904,-0.12673210964910306,0.032939950121965364,0.26143193368634854,0.2527224046024611,0.01007902710080022,430,0.0020161290322580645
VMC,0.0008233587488922138,0.9081224597255271,0.29580351475812494,0.3446064892942363,0.17641789819782763,0.22221224942145276,0.2934303203372468,0.28509813071858225,0.004223937840996559,430,0.0020161290322580645
VRSK,0.0025692193806293277,0.6589632714253753,0.010931216118941977,-0.4987758697649154,0.5684924720953566,0.08606830283641347,0.2989503382279892,0.2802056948651013,0.0024145891813562733,193,0.0020161290322580645
VRSN,0.018715731978694486,1.213098903541377,-0.34450373306876975,-1.0576407427865555,-1.6293445099689805,0.07547510422407679,0.3897698756323439,0.3804675871511296,0.014815255725530116,334,0.0020161290322580645
VRTX,0.01704907152172278,0.7388855875570834,0.7746552727576677,-1.1236615968513504,-0.6567161128306483,0.3419938802244334,0.19729377173289964,0.1874082270498073,0.01836007224033096,412,0.0020161290322580645
VST,0.015787682230312253,1.2041122613759425,-0.2531381482702841,-0.29202385320268304,-0.12688204321779106,0.3506237314891374,0.23281540162664993,0.1955734308318271,0.009794352375520602,109,0.0020161290322580645
VTR,0.0031444495475206795,0.7717764773661651,0.5458255530362647,0.6422719993122383,0.6703079322887577,-0.24095464397210065,0.20234259240241814,0.19047269050364457,0.008331756705673016,342,0.0020161290322580645
VTRS,-0.0019017253132825624,0.8689015786854133,0.2950708401115934,0.16477107619642217,0.40601646328929303,0.0504276419735696,0.14388723915195822,0.1337915698023351,0.008822633466229395,430,0.0020161290322580645
VZ,-0.0020765282203461595,0.7333319625714128,-0.48685984226091633,-0.19369308760426093,0.32191123822702017,0.6572592051136305,0.24852425329893624,0.23966251100293312,0.0029272031611613735,430,0.0020161290322580645
WAB,0.00010075367011997187,1.1539649440087625,0.8400089416073534,0.33832159232914366,0.8575066364241506,-0.18089160566677248,0.3676992613197533,0.3588928443464908,0.006057329988787317,365,0.0020161290322580645
WAT,0.009375474159808805,0.9196746704696797,0.4088278414241158,-0.4902265596656964,-0.34819234162090434,0.7781535243836876,0.26462065635974263,0.25423394246651865,0.007248769610012254,360,0.0020161290322580645
WBD,0.002440487512009875,1.2111624722570293,0.32143053697739615,0.011400230915421342,-0.7098290586211277,0.1804262017302773,0.2759495016411704,0.26073835671766554,0.010281956189734116,244,0.0020161290322580645
WDAY,-0.0009006042034640583,1.2718407350891499,-0.09651842883581835,-0.31976388281983165,-0.5604466410409497,-0.8176556240920092,0.3975688942431197,0.3776208443836204,0.006489718718774183,157,0.0020161290322580645
WDC,0.01406653366017744,1.246180992535109,0.4022606620795642,0.1977877566148709,-0.5534869314565827,-1.025085495933648,0.1930250606553101,0.18350884674794343,0.023133922231268828,430,0.0020161290322580645
WEC,0.002689198546032907,0.3898486897347516,-0.14624881138996734,-0.04821408429490952,0.4216742076841233,0.5654039277677493,0.1626227791062943,0.1527480477278308,0.001948775034825081,430,0.0020161290322580645
WELL,0.005284477199393457,0.6294719870286628,0.263924117929965,0.1740259265653542,0.3309840905496075,0.1974801451071263,0.1863544392410834,0.17675956234534151,0.003563905583529219,430,0.0020161290322580645
WFC,0.0022734117344606055,1.0831039881029614,-0.20776732809155485,1.4559748832743875,0.12160870405905298,-0.6864128638286559,0.5256200406477414,0.520025937353493,0.0032800563778890993,430,0.0020161290322580645
WM,0.008589832522852621,0.6692185792741,0.14754479752659652,0.0022900451888088823,0.49425541388363126,0.18590105400732257,0.07144873495695037,0.06049883796351818,0.01022372668087269,430,0.0020161290322580645
WMB,0.0054705900608004185,1.2108649636820359,-0.09237348365016641,0.6024876614561586,-0.7148027402196043,0.2505869069189273,0.2895236868279608,0.2811454284179131,0.00874579512929038,430,0.0020161290322580645
WMT,0.004564743053044415,0.653553579156135,-0.31461410557734476,-0.15057821056318643,0.49226133473874406,-0.17709168568626496,0.24154327861200553,0.23259921350129797,0.0029466837039748566,430,0.0020161290322580645
WRB,0.00427872980348146,0.6154216723032463,-0.010840898382980576,0.6362951160631315,0.5047718268679181,0.32450406085442657,0.23536967216242122,0.2263528050888648,0.004266880386449447,430,0.0020161290322580645
WSM,0.005973609538379986,1.4083577363222402,1.014439752365745,0.24841163208389186,0.7555927956221,-0.5927402393150331,0.30431675978204276,0.2961129479870196,0.012132670454020753,430,0.0020161290322580645
WST,0.003112933936292246,0.8151739939938514,0.47247169141789935,-0.25756110901266616,0.5327246710608843,0.2549890893005558,0.24024986429037043,0.2312905466522852,0.00433768440426362,430,0.0020161290322580645
WTW,0.0018860701983344872,0.6842417187159606,0.1393478064364421,0.15516976751355624,0.4957721782935279,0.15055287273757434,0.2474285653500884,0.2343175647464314,0.0030055450110530743,293,0.0020161290322580645
WY,-0.0019140124347892917,1.1258205379588053,0.1676521680570035,0.595922769111408,0.3758654183898544,-0.36247528270358353,0.1939291279453308,0.184423575208837,0.011241740300767663,430,0.0020161290322580645
WYNN,0.0016098441051364352,1.7625686713812123,0.8929050308887886,0.5439757259628673,0.6847691780992745,-0.40893141343136075,0.38961719379743687,0.3783555184062457,0.012687440698230756,277,0.0020161290322580645
XEL,0.0018914381147641644,0.5232245903461569,-0.24806608062316648,0.12495865141735799,0.19532935201070625,0.4647877090988261,0.13806746795817548,0.1279031692312672,0.003335554892868017,430,0.0020161290322580645
XOM,0.00047973579506677664,0.7174687594716077,-0.01776610213825005,0.35021078103626174,0.1619342465649768,0.39343517702640857,0.31031472385963466,0.3021816427730738,0.002323325859013351,430,0.0020161290322580645
XYL,-0.0001605887450935609,1.042801642135429,-0.05759040262329275,0.2339601176349142,0.2603642873601276,-0.36312060689708203,0.42763374277113386,0.4100764956168742,0.0027989569826775804,169,0.0020161290322580645
XYZ,0.005967963854862366,2.527951230288232,0.6013861228635605,-0.35949154229936897,-1.4976199259872471,-0.3658832625639586,0.5714830989240814,0.5526884979996991,0.013578974988719043,120,0.0020161290322580645
YUM,0.0032710610765628863,0.850764678507149,0.07387010088905777,-0.029593989216658213,0.7942587060061483,0.1826823426712225,0.24356755585458745,0.23217550097287942,0.00432367522354122,338,0.0020161290322580645
ZBH,-0.0014540504738149956,0.8212784084473737,0.25593467230597117,0.18860382580695176,0.30424493530007635,0.16364429127598412,0.29217227218717956,0.2797976615610813,0.0037559756040186198,292,0.0020161290322580645
ZBRA,0.004670974562262561,1.1036613225174563,0.8958469857649541,-0.2800429481208925,0.2634875403475079,-0.23163176136781574,0.31806994558225754,0.30965105602154475,0.007953938542719053,411,0.0020161290322580645
ZTS,0.0006606569700849589,0.7190360403586661,0.3927327815666446,-0.4582472524024474,0.7191664494261901,-0.07772811263850041,0.36706728484412754,0.34553896119937,0.002642193226326354,153,0.0020161290322580645
