Ticker,Alpha,Beta_MKT,Beta_SMB,Beta_HML,Beta_RMW,Beta_CMA,R_squared,Adj_R_squared,ResidVar,N_obs,Weight
GPC,-0.0025334404983394943,0.8315981563022392,0.24643506933835885,0.22778180442606558,0.5838783637039568,0.4056073068057834,0.3952647069742947,0.38811653566193416,0.002118336801996226,429,0.015486046459328022
KMB,-0.0015794333271451602,0.6710220584143636,-0.29644013266539465,-0.22764054097770559,0.6779633035687904,0.8041247160250901,0.31255397658495243,0.30442813706467997,0.0020655948746020583,429,0.014081793028502064
PG,0.0007469999930921786,0.6313520435626871,-0.13825543298029566,-0.350135504185402,0.5752693007435841,0.8028829741993914,0.23558748488071635,0.2265518759549564,0.002299952869560216,429,0.013791479220777643
MKC,0.0001371525661025994,0.6646957737091039,0.2340952235157988,-0.4108870411286925,0.8669490085068069,0.665759959139459,0.23397518852572063,0.22492052172342414,0.0028044314329743977,429,0.01357444079529557
CTVA,0.004849796551429511,0.7450061063256169,0.4614886095210935,0.18667255274927178,-0.039802105951822,0.5621766026932509,0.4306990842548104,0.39060747046993793,0.0033717584659535716,77,0.012904688799563996
WEC,0.002708628310234031,0.38967907110559863,-0.1458687389730755,-0.04724605262393371,0.42187909874664625,0.5645204495109613,0.16263965849068607,0.15274178211350742,0.0019532248611960085,429,0.012573626559623458
MMM,-0.001767713650040551,0.8933608917459037,0.20048341338777415,0.0759528832240447,0.45571958815286995,0.4393583095459351,0.3727310535636764,0.36531652701005557,0.002375372000472871,429,0.012236377158739126
KMI,-0.0028127684566026036,0.8143360021840271,0.23877528902776898,0.38371677923702924,0.09167154451608524,0.5709234557892132,0.35396044148676487,0.3349592780010815,0.0034204927441192257,176,0.011824642792876955
D,0.00084823693661439,0.491662580128328,-0.16048028983938392,0.05946203352781323,0.2574614470989058,0.5635480920301037,0.18530666298834186,0.1756767181064074,0.0021142344437975473,429,0.0113707222506746
ETN,0.0011957951583317216,1.1694360671848933,0.41445065230482614,-0.036809949476647126,0.5420983821534842,0.4677856811383958,0.4506552734974788,0.4441618370139975,0.0030644636391213525,429,0.011364377222107279
LNT,0.0019574178292758437,0.516876249955709,-0.08564669094099035,0.0016113657699761517,0.20659172533771844,0.5919300202109499,0.1654547638075725,0.1555901629069527,0.002391499795562855,429,0.011093216076167268
PPG,-0.0044047347684181394,1.1835890358597219,0.2400552947868542,0.15625294407649132,0.6167118619806693,0.34151204709163835,0.514445188931127,0.508705770360573,0.002359058041054178,429,0.011070663785258858
CINF,0.001859885005377,0.7531766080216277,-0.1318233748366676,0.4686495412063165,0.1940107942222477,0.6507860954070825,0.3044247559535388,0.2962028263548808,0.003136442117673974,429,0.011067702331177494
ATO,0.003079654471554918,0.4564865389094359,0.24990914425560412,-0.06576365073115945,0.5052166238376659,0.4156665418704315,0.13812684105400252,0.1279392150617331,0.0027320612511578806,429,0.011007936295164136
O,0.0038977212055158455,0.542607393856622,0.3825671241394834,0.09798904554284794,0.38290613094064374,0.3081396122044609,0.2085768050698632,0.19776501278939684,0.002806410094298516,372,0.010811872172122124
DG,0.00374693599021155,0.41009410818415415,0.402375624379298,-0.779091407159285,0.5859713751285517,0.9978001254255429,0.12779228204822168,0.10421910048195748,0.0050520799248914335,191,0.010748826351565566
DTE,0.0016783125416591344,0.5286995684291381,-0.2177246782603565,0.19345666421230825,0.2536221566194101,0.49529643135991336,0.23707803463263755,0.22806004449827155,0.0019688197327608786,429,0.010467660193511688
XOM,0.0004962669636300259,0.717318553656045,-0.017458023092542296,0.35100723177412996,0.1620792521429551,0.3927062837886102,0.3103413086420954,0.30218931465441323,0.0023287137088161425,429,0.009848798497672643
SRE,0.002903873804935941,0.5864357678757606,-0.015927623686188955,-0.025884121005426315,0.3450310848838227,0.5397073242809844,0.1980711425877153,0.185618831137214,0.0027012941334853906,328,0.009735996773645748
AWK,0.0050571958144373,0.475861996393535,-0.04347529409650919,-0.3904279565545371,0.3440573962367457,0.6314275872058662,0.16485318112090563,0.14438389634445725,0.0025358514836483193,210,0.009650827345284078
SYY,-0.000991797365798087,0.8991966248370504,0.12305435887669922,0.11758296479653194,0.592572158573089,0.384814091555077,0.34630347687436236,0.33857656761755817,0.002691925518411706,429,0.009409360112104165
SO,0.004557611174949168,0.31909860456724026,-0.16894893679245054,0.05415553456645171,0.3665274308226887,0.46873352032943644,0.1295488565433759,0.11925983593514156,0.00223780012867318,429,0.009193658704030999
SWK,-0.006672774823973121,1.242175741963628,0.4780387003165701,0.36334342110368756,0.7769941984418341,0.30559089436315806,0.4384494784853845,0.43181176546511724,0.0040329242715406765,429,0.009128398617417226
AEE,0.0017374476710146618,0.5008992111614752,-0.24804357976599095,0.034787392671070144,0.2646486890018109,0.5549788091071829,0.20084608422006744,0.1886266053855119,0.0022363777152154276,333,0.009039182015767562
MAA,0.003023229907320541,0.6168279325630572,0.35286221602383505,0.11270161985941213,0.22682256690756633,0.2311602323300124,0.250243962168077,0.24024721499698476,0.0026484416038677905,381,0.009037277975752506
EIX,-0.0007759201877846104,0.6205829221383151,0.07233041185639075,-0.1546213455594039,0.3435859834641504,0.8310640190459827,0.12643875247890002,0.11611296941127469,0.004691410953197873,429,0.008990791200306431
EMR,-0.0034917325748701007,1.2482335391220154,0.086748927742982,0.12776370002885098,0.5508986299661441,0.3204054023421685,0.5636476454720452,0.5584898162223058,0.002058186613711854,429,0.008959135284135172
DOW,-0.015577561249182059,1.0419025636617363,0.40430870348879955,0.6545976909521615,0.5366346691907387,0.1690882313085678,0.5984020149014713,0.5708953035933528,0.00353918186744056,79,0.0089419906023429
BDX,0.0026357485704012183,0.6543365615912868,0.09404862295596024,-0.326494780060969,0.1085048726989296,0.6934149186525077,0.17691401054374623,0.1671848617322066,0.003471920078142573,429,0.008836133913414219
AEP,0.0011452213854491159,0.5024426404739987,-0.27187534359069926,0.17698820019411127,0.23480430088301382,0.5619416018528348,0.1943756501832392,0.18485290373150443,0.0025039164384920085,429,0.008800679258252099
SPG,0.0012341227137297344,0.9511384576710906,0.6788954159240632,0.7345619373599157,0.5334573588101591,-0.032398405398391825,0.43469480131422866,0.42717744494872645,0.003728164163038405,382,0.00866257244446793
GIS,0.0006728547293350252,0.40216057716401554,0.023213764615665593,-0.1765197607734016,0.5533269169411636,0.4013011308024396,0.12219815229931874,0.11182224393406237,0.002373394400544627,429,0.008598242264272488
FRT,-0.000763494170368948,0.7698665464001845,0.5056686735890837,0.46523456204810915,0.5023812079252827,0.003242882905776326,0.35901704643486565,0.3514404157780674,0.0028493170841805662,429,0.008578677167786866
PSA,0.0060912808695079675,0.49016288734084956,0.3291055339107499,0.0904886394788353,0.13502732239806192,0.362998081005818,0.14529779266518894,0.13519492969432823,0.003509949114483971,429,0.00848344080873167
HSY,0.0034176223255802858,0.346904510464644,-0.05850803642286734,-0.0795409568400555,0.5241031052691076,0.5352401824060743,0.09981644470445139,0.08917597714776648,0.003169588264311308,429,0.008364031384814487
SJM,0.000682590527572692,0.4211226168681603,0.3044351615703887,-0.12729372960850596,0.39992881025246013,0.420457238686574,0.09878882260311694,0.08647719449660207,0.0036606177600319516,372,0.00834921470043909
AME,0.0007142772250541054,1.0837262810052328,0.33958475917555786,0.004903954659178367,0.822992426677847,0.31189201492952134,0.39249915027600313,0.38531828916815447,0.0033053779120318064,429,0.00831534703692844
KHC,-0.010634732291757694,0.5792414507424507,0.10980511786332378,0.27572801176298817,0.3771469131636339,0.621639927712133,0.2147685686589449,0.1812116698836862,0.0049446897057136546,123,0.008187482004426197
T,-0.0008382407594215803,0.7869551722371223,-0.38211856878422495,0.01846741249928741,0.2839416008497742,0.7606977981344253,0.26863141455048445,0.2599863958099464,0.00301064697786795,429,0.008178034687229494
KIM,-0.001214364610853927,1.00971539854667,0.6045201870116182,0.6349669593328359,0.3627321703152921,0.14172086489719318,0.3884817770728639,0.3808568615750193,0.004356384956416435,407,0.00816287049306093
ROL,0.005379210730370691,0.5341153949037293,0.401062844130201,-0.3007823259279124,0.48992080592911713,0.38945578765118277,0.14284722478682388,0.13271539529257825,0.003700879724137064,429,0.007879586222478824
PNW,0.0017073625222322635,0.5640911290968822,-0.03542011080255878,0.09087648470570336,0.31490005564971096,0.5667963823026106,0.13997611645692043,0.12981034951196668,0.0037468924960123652,429,0.00775374542749257
EVRG,0.0015062854336674503,0.5781784833693996,-0.172354355509197,0.1314609291403909,-0.06741052558876495,0.5289385647372358,0.19301245533453193,0.18347359546850983,0.0026302100706623492,429,0.007664320989089197
DUK,0.0021830367956188275,0.4682264807009967,-0.32081429980964965,0.11226437867091624,0.1631387789038449,0.5838844720967792,0.16348172412757955,0.15359380124492683,0.002659024779734151,429,0.0075531146139174695
PSX,0.0017256030003293039,1.2892400215482631,0.054345596444516385,0.9608922848394813,-0.20894206890736447,0.44926331204203357,0.5144121268595134,0.4988484129768056,0.0043694659610920075,162,0.007505340758184892
REG,-0.0005188542032477531,0.8342474763612118,0.5884059762054269,0.47144252882979576,0.5455192517451203,-0.034920740634936345,0.36649403839985883,0.35811432991308445,0.0033734808675054163,384,0.00749913468877967
AOS,0.0025191325631184905,0.9827086492650678,0.7804892914052566,-0.04561823592531448,1.0158925311341183,0.38902059485578505,0.2594117949114403,0.2506577972153581,0.0064217435782081,429,0.007430636185498085
CVX,-0.00020505487576058022,0.8798069347292068,-0.06137870694357974,0.46743850530273906,0.18167851098707694,0.3282327878918369,0.37441283952712456,0.36701819224021115,0.002601596787069163,429,0.007410373934526077
CPB,-0.002448450335678169,0.5618730973790845,-0.14467577074713867,-0.011399373210085093,0.47149766256696,0.5483315474502708,0.15743538218214292,0.14747598953654173,0.003240375559234796,429,0.007336666673140289
UDR,0.0013969770805851848,0.5922123614399346,0.49088263880405025,0.3456321088670385,0.2572670701254349,0.033688511848392284,0.2531642195195416,0.2443363734145717,0.003104790480121601,429,0.007314298073562298
ROK,0.0009644535628320529,1.3165533335928987,0.5625422430956426,-0.36094758541817185,0.6791726537032222,1.453485880768032,0.21465880971645868,0.20537581692350904,0.011838611346813617,429,0.0072888554563838165
EQR,0.0008549122111044354,0.7522035598045513,0.1975077252503183,0.40460237519039505,0.20160173469092332,0.190063582200777,0.31290827507851227,0.30386759448744005,0.002860011896704595,386,0.007210770058415791
OKE,0.0022025190729658937,1.0305033372504817,0.28653185024908595,0.5862067666807335,0.4463290924773968,0.38795727632758986,0.3177725404233548,0.3097083860548365,0.005202169523959499,429,0.007188383964042686
ARE,-0.0007895229264361824,0.8261827734432077,0.45988340069291794,0.2703470320399916,0.37724881523634857,0.26965384943861753,0.28094355142608596,0.2702113656264753,0.004539415136296488,341,0.00710257528099398
PEG,0.001563907525058321,0.5704672611471967,-0.23715821727938216,0.06006803292509628,0.3208177846792145,0.5311883034394619,0.18170649632988578,0.17203399628650384,0.0027885105596972197,429,0.007100802653151699
IEX,0.0008704001648969823,1.0920646196387025,0.5568125319538557,0.03555979252690479,0.6511184315786529,0.1308154404492436,0.41442191178934884,0.4075001849783483,0.0034635384646780187,429,0.0070837743590630485
KR,0.0017175362288598182,0.745992949303677,-0.06163917811005541,-0.2465980601319978,0.5319608634275812,0.7666625758630372,0.15944361025589482,0.1495079555307871,0.004724029962763878,429,0.0070496932355131915
CAT,0.0011034370982683393,1.3625390786849076,0.18697225512103705,0.4237724954805656,0.3682082900979483,0.4557503677697905,0.4286272360156085,0.421873420838488,0.004660984122160331,429,0.006891693532938174
UHS,0.0017110833437082886,1.1672238110587974,0.4368464620798182,0.236008811927804,0.8477130534982542,0.5207048389742258,0.2904132102807797,0.2820256595748788,0.006609779636234464,429,0.0068895737670799885
DOC,0.0009902187103389064,0.6837925157991669,0.23190257299635772,0.2841180120780879,0.2527276484322519,0.3435234402812641,0.1970860107679504,0.18759530167537297,0.004148084959984723,429,0.006887573049315971
ACGL,0.004874793152101434,0.4417101875049403,0.4182983853507294,0.16008560921064763,0.4017454293013235,0.12613055428260206,0.1505320171229153,0.13856767933591418,0.0034684287653178165,361,0.00688332650858727
CHRW,0.00638555500093331,0.6582774767381534,0.5045571577732949,-0.17292181733206669,0.2619993015247129,0.44254632173987574,0.17895386048793804,0.166513767465028,0.005216262195994807,336,0.006759218497423565
HRL,0.001613898620476425,0.4607325680021773,0.09377209767845046,-0.20811217252327185,0.4040491860828843,0.4412549932421769,0.09427678188906619,0.08357083368444518,0.0034021620818096973,429,0.0067311372988979
BAX,-0.0022111038304278466,0.7845577852886779,-0.2748664354748058,-0.10944117069154563,0.12481339616315977,0.8260292972606509,0.1926732214286423,0.18313035170557668,0.004220011814592788,429,0.006706457313601521
BLK,0.007456741831823247,1.1139110101931327,0.3951266210097658,0.07653112676455291,0.3404191867175911,0.40843860367929513,0.35737627972138264,0.3468758921351307,0.0048619716448407525,312,0.006566292606283686
NI,0.0025376440201225507,0.6081153492670102,-0.37425504161628315,0.33439750610225644,0.22306118154891705,0.47781740775337617,0.26684815540782436,0.25818205795401616,0.002472383139100919,429,0.006547230333416842
WRB,0.0041613033868590065,0.6164166207555511,-0.013076932082404246,0.6305517053919676,0.5035613043996566,0.32963826951852204,0.2346330730066738,0.22558618261668173,0.0042711685911810335,429,0.0065321729953618695
KO,-7.821412849873972e-05,0.7442453062092378,-0.24532331026443818,-0.1512359130522968,0.5526270942642811,0.5003377729302064,0.2874090849874089,0.2789860245262672,0.002320644024972007,429,0.006413334856747179
HON,-0.0015998910831947388,1.2956024526981733,-0.16047766375241532,0.12298681252382965,0.34314294485428304,0.5708814672927366,0.4508219125574411,0.4443304458028009,0.0033507353392894968,429,0.006369243611775872
ALLE,0.0023176106463949886,0.9366946968547882,0.5298145882970748,0.19257727103490327,0.4149395541132314,-0.054930194217648075,0.5029071948961474,0.4847651217171748,0.0024805568968899665,143,0.006357985593162651
BXP,0.00022519665235356642,0.8577191082098737,0.45572991809952806,0.6164709177800206,0.18510376890950228,-0.019251646665608014,0.40903472058949464,0.40018793496957694,0.0033565162944112657,340,0.006352987722847358
PEP,-0.0002489349597053945,0.7782658263239992,-0.20354648036319264,-0.1870794815018399,0.506431933961387,0.45488649318268765,0.324489003115641,0.31650423955908824,0.0020327153940987793,429,0.00626024918432628
CARR,0.0033095302675763415,1.0811743448184454,0.5987685303364062,-0.26017368104358574,0.7560008472839936,0.254821036142764,0.4694891937283755,0.4260047014110292,0.004530484764475104,67,0.006218822617070833
CPT,0.001241434085887378,0.7501937515850315,0.36197484182222944,0.44152163702986785,0.21884856646592277,0.04369640712635721,0.31832538685071055,0.3093795257857592,0.0031116545915406426,387,0.006203076766922602
PCAR,0.001243239999971177,1.2085702915250844,0.4239126341187549,0.2273783717515292,0.3628545961020924,0.25329608299414,0.40152250499412157,0.39444830292549415,0.004348280834381685,429,0.0062025190085691646
SHW,0.0025416756777672284,1.026796511802203,0.1392808804658282,0.10639773456198495,0.5425752604426187,0.27096097975142097,0.373256910351648,0.3658485995993034,0.0030721885791999094,429,0.006047703713413681
ABBV,0.009001128991616782,0.7286451309829193,0.057255762443529964,0.08373787242434731,0.14325195742239966,0.524361530773287,0.19706264724078137,0.16975185292924333,0.0045610019970509525,153,0.0060439389269983336
MTD,0.005029056252276769,1.2148492892003282,0.1985162413978565,-0.4170138261243002,0.17826416719682225,0.578526489381302,0.4332783484237689,0.42466555736637934,0.003931679609857489,335,0.006033876173862782
FAST,0.0046791427833820076,1.103579020095924,0.7174462489528086,-0.14605557107328973,0.9878283493883092,0.33080626810772873,0.2792244413247298,0.2707046356666297,0.00663203619829276,429,0.006004053845706013
WELL,0.004983429947205951,0.6320481577912542,0.2582160959569115,0.15924172138526377,0.32796188420507033,0.2108096281235529,0.18696536801246555,0.17735502957289662,0.0035344415614254614,429,0.005991906751903983
ED,0.0018806869985772416,0.3204491007535235,-0.24278795025610625,0.12293442361674135,0.4324975693234645,0.35779658674524095,0.14985412162697564,0.13980511597244816,0.002343230322021914,429,0.005959479951818176
ADM,-0.001123873061382398,0.7588263656760935,-0.022156706541817263,0.09226459210629546,0.45359192409992594,0.5630534901770239,0.16940739680593886,0.15958951733555982,0.00497249034872025,429,0.005874333158900906
COR,0.009015644368848264,0.5610536181054167,0.275228525312412,-0.024404530628925607,0.507824712609039,0.5372371458907124,0.09835921826343441,0.08583642962820426,0.006461584494726412,366,0.00580689044875446
MET,0.0003666695376973503,1.1625025629101173,0.18174340675234285,1.155332292126573,-0.04519940774165735,-0.05452206227844067,0.6207147558170291,0.6143933350806462,0.0027660362120293007,306,0.00579297116222914
PH,-0.0004700038927287265,1.4016826226681105,0.3900148633626268,0.30629677624477575,0.760409893753801,0.11071762428106895,0.5012255533910399,0.49532987435310893,0.003740263651497143,429,0.005750414858265541
ESS,0.004434785281466708,0.617351276687235,0.30487133627230645,0.4032759155536178,0.15706876282695853,0.021659358335392426,0.2689960815797041,0.2591176502497001,0.0028563714189052745,376,0.005562476924131431
VMC,0.0008173397994746399,0.9081629570368975,0.29566509902906496,0.3443451718633535,0.17630903279877946,0.22238251045682508,0.293378449830192,0.2850259492371683,0.004233887773462264,429,0.00554630147216173
LII,0.005507288235292239,0.8257309343275707,0.9226601436928134,-0.16291829636732316,0.549037221595571,0.1216005507456491,0.2631708783929112,0.25124807707240815,0.006126114716844033,315,0.005529935526694229
AVB,0.0010983478587585057,0.7568976578170816,0.35621548332317554,0.38432048037033456,0.3266633606106426,-0.04968367975183708,0.357776100350635,0.3491672008915283,0.0025287347168956122,379,0.005522073837534204
WST,0.0031820643103674024,0.8145747596385754,0.47378335069768573,-0.2542120913643376,0.533409970173999,0.25196237173088076,0.24027504654366383,0.23129484614819884,0.004345992463401591,429,0.005488131448932852
PKG,0.002427138415476395,1.0917752926554642,0.1977512966821446,0.22956416215948655,0.5918332313513691,0.2594182008343394,0.37777588500709214,0.3675081603372422,0.004036452468460039,309,0.005474846278425548
DD,-0.0068430681310154015,1.4502074473768978,0.2941470563839454,0.6373206350603027,0.5039436748898397,0.26312260914591173,0.43714150060011236,0.4304883268483407,0.005482175817073267,429,0.005447733414133403
APD,-0.0017389185132718433,1.112209359777007,0.021446281000047897,0.007862484169801228,0.628675785021973,0.3381558554070892,0.3974912715350021,0.3903694189526734,0.003100826898673724,429,0.005329469321544186
WAT,0.008925879056855717,0.9232497899370521,0.4013624506835817,-0.5099898949788709,-0.35137517327149914,0.7959395060159401,0.26771710367152723,0.2573448246867046,0.0072008869306710655,359,0.005311170837232198
ETR,0.002102768347912253,0.5475013663640382,-0.2961794753737917,0.13709698802317904,0.4100115092428773,0.45278054244400984,0.1852147909230708,0.17558376008291798,0.002990046659167841,429,0.005302629041051103
CNP,0.00031691423893665655,0.7258756973820544,-0.052239367421260674,0.23292589497259159,0.2682881140356987,0.5367802408575213,0.15925148503973663,0.14931355933098645,0.005300867367067909,429,0.0052986786191931935
ES,0.0002956591245722515,0.541342467185923,-0.09900793856303748,-0.012852720192254209,0.20863738959031733,0.40180087375719165,0.13580888793564994,0.12559386297035025,0.0029818770564068683,429,0.005284689325901526
FANG,0.009175056729762812,1.4586727143448124,0.6315180235018273,1.1172327627525023,-0.12802076506206062,0.4123616116272347,0.4266324236066543,0.40752017106020944,0.010052090697485007,156,0.005252476117415195
PSKY,-0.004446275347449071,1.567975509268447,0.6822152503410294,0.6807637120193359,-0.33550341986980564,0.47861002565913274,0.4626911169711231,0.45111118414722484,0.009398866046810308,238,0.005120544067877989
PNR,9.339122308638761e-05,1.0821740955866475,0.6121751579461202,0.1193472424353894,0.5096866732497918,0.025851051424094423,0.37923773575349606,0.3719001203368708,0.0042526264237235985,429,0.005027981192596037
CVS,-0.0015266557441381637,0.8634624831089164,0.07448405895009745,0.24226529725678997,0.3524248935201684,0.3640690452152313,0.22704703296682616,0.21791047307281697,0.004628363020374053,429,0.0050236788167948195
CAG,-0.003051187302158409,0.6707284142631547,-0.07951613734399668,0.06824559366941456,0.7331446971775064,0.3636478166434079,0.19532112164727133,0.18580955098116336,0.0037805304458594625,429,0.005023294033003795
CLX,0.0013813220811897385,0.6033616635576745,-0.12205193400643144,-0.36215060973862817,0.44665406122598694,0.5301491845214308,0.15045932757563263,0.14041747565572282,0.003393647974149265,429,0.005017073902126313
RVTY,0.002377687034955117,1.074403727595148,0.217176509492856,-0.4192296052040687,-0.6770947325267586,0.8063503625574882,0.3382043771738976,0.3303817338780808,0.006236781228668954,429,0.004932220977623795
WTW,0.0018684302121258069,0.6844049919605955,0.13905830847433048,0.1543674980422699,0.4953783770452566,0.1510332647517602,0.247341825127957,0.23418346542739676,0.0030159323698018075,292,0.0049245303425758695
XEL,0.001890803400663128,0.5232218602197076,-0.24807082558043064,0.12491041973806111,0.19532903324445336,0.464795733491742,0.1380629047225026,0.12787452298163382,0.0033434536088386277,429,0.0049192627669713725
BEN,-0.0037251083999598885,1.509037456485314,0.23042786512273872,0.4529421069275763,0.38917347566035115,0.2275277497812041,0.49618040066341385,0.4902250862504518,0.004388383191153404,429,0.0048714790122838135
NEE,0.00421190219666745,0.5028042485103275,-0.24708088252958132,-0.045819909707680316,0.2765106115013255,0.44726165054756994,0.14039228935442816,0.13023144171086354,0.0027392517171067284,429,0.004855129057249055
EMN,-0.006333658594397261,1.4027191309310039,0.31139353266787995,0.6432910810460737,0.5779747984655091,0.08343940881544584,0.4805649825492888,0.4736576019980825,0.004554023487737911,382,0.004819193618305772
K,0.0003187576708502013,0.4606285419902516,0.09386385016591005,-0.05155331009057571,0.5433321549105524,0.2104903625268095,0.11793697349782462,0.1075106965888154,0.00303384813591949,429,0.004802369569275213
UPS,-0.003930687594639088,0.930866574141674,-0.04553481912823659,-0.03084578417302957,0.42048349497058685,0.3484917642131485,0.34980834941357153,0.3391494698957612,0.00285069632230483,311,0.004794635419229876
EXC,0.002768555579521989,0.46342452735676665,-0.3050962271683751,0.19671351012665833,0.10099890768797085,0.4843701790056687,0.1290408214743406,0.11874579572344635,0.0034438002820087648,429,0.004779503310825405
ZBH,-0.001288080937604133,0.8197828399275197,0.25838433679136946,0.19641363573548923,0.30757689684427414,0.15813042614247966,0.29291193154109507,0.2805068777084827,0.003761384239034279,291,0.004726310249091681
CMI,0.0015038633551688117,1.413354155864917,0.2400399822080108,0.3043504277279783,0.3079229791359872,0.4242487830105822,0.3729194070980886,0.36550710694558375,0.006249039941651672,429,0.004710857852810421
DE,0.00085083004491484,1.1341459009821013,0.17576111422380092,0.38151013728612126,0.38133845028563756,0.22840024106571777,0.35890333521187223,0.3513253604507832,0.004370699762237601,429,0.0047021914235829895
EFX,0.00011947454811103029,1.1174223480693772,0.2743908832918276,-0.22326064837631757,0.8496648716554787,0.46200867867739,0.24968200237048543,0.24081299530630684,0.006420349531702721,429,0.004552531033909023
STZ,0.00403012371287461,0.823710459753427,0.3092502240514749,0.013162237474693382,0.5519925657116924,0.3562862397229163,0.1643256422449738,0.1538007762782858,0.006300117713650864,403,0.004531271308463183
JKHY,0.013616121485675765,0.7205173594590162,0.5993423149591511,-0.3396691540172096,0.16269085579626746,0.46560894569698474,0.15075977885742864,0.14072147837110993,0.007922130425144258,429,0.004502950587609606
MDLZ,-0.0011645419353629488,0.7177850497909463,-0.3653029090068533,-0.01692370255833605,0.590737907778569,0.5204669485288568,0.22376907719959938,0.21019860652127076,0.003267007474465362,292,0.0045001360956219765
HSIC,0.0018384103441338362,0.7196603425367415,0.5607699836937722,0.040744353086370394,0.33074476777347545,0.23348495295553523,0.17009962802277745,0.15834466524689617,0.00669657295321626,359,0.0044912681157460105
DGX,0.006006778637808739,0.6799704982698354,0.29466412916491014,0.05400218113209756,0.6277120669645334,0.3014877982675849,0.14320700608972825,0.13060710912045947,0.006104321497881501,346,0.004477400907210932
TSCO,0.00987507376714559,0.8917121461738059,0.6511971128029914,-0.19359066215562268,0.06593116259563958,0.520202995698304,0.18954125390083976,0.178706243926252,0.00926145094170375,380,0.004437500970723262
SNA,-0.002028115482635215,1.1581182064188518,0.2383946395817833,0.5672820037070432,0.48146785822048566,-0.013129633320034454,0.4714190897238014,0.4651710884203003,0.0031157107151827054,429,0.004436700360440908
BKR,-0.0032322563366252916,1.1991147545965504,0.2929460761088436,0.6443545639836754,0.03844442154827775,0.4626554121510478,0.274058092542943,0.26547721893233955,0.008729745118716124,429,0.004411301039429495
ABT,0.0028912311768752863,0.7029326503570403,-0.2985988254157091,-0.2798708222540708,0.3425431985443553,0.5255739656394718,0.24742848830244457,0.23853284395613772,0.0024613815531926856,429,0.004407923070477553
POOL,0.008498507747272607,0.9930948602662013,0.7675727093115471,0.1724628616763074,0.71421944281798,-0.025282828559531803,0.2957809088327569,0.28583431149988614,0.00618294448617424,360,0.004365337012956805
LIN,0.0011604531272332026,1.0369402316861223,-0.11349996514094121,0.057025243272597816,0.5618962938868685,0.32985238593959326,0.38345974964508944,0.37563563479286977,0.002830627872538358,400,0.004359658948852207
EQT,0.0019079654058074935,0.8477213673963653,0.20181160874105142,-0.033806096587928484,0.3509108680293672,0.7061009195283116,0.11858938456702572,0.1081708193727825,0.009409421205827955,429,0.004341099148834679
VZ,-0.0022136683819227268,0.7345062750108922,-0.4894762372646396,-0.2003858436175915,0.3204979661930384,0.6632464386259043,0.24965583686559656,0.2407865205164902,0.0029262305594353008,429,0.004325235268402083
SLB,-0.0029501201994318322,1.2536595333272147,0.2246444009085853,0.6996748384314502,-0.2919598338931371,0.2962004580527298,0.3855796448950456,0.37831699294345034,0.005987664196897043,429,0.004271121118142737
DOV,-0.0009930361486741208,1.2236802246865754,0.1032101482543611,0.16514476872060266,0.2931585561863642,0.1978209582341498,0.48673205726973046,0.48066506031074385,0.002821419487494703,429,0.00406911514524438
BMY,-0.001035045000175132,0.7392576714970858,-0.22412594559029902,-0.07843049805144583,0.31413281392376124,0.5062285320093179,0.1844745085044942,0.17483472728114313,0.0038256680504108512,429,0.004041642808896161
WAB,0.00015183775218416098,1.1535514604310886,0.8408657134448249,0.3405139192984154,0.8578717271461836,-0.18286957307684268,0.3677834881161701,0.35895364856472,0.006073404824585269,364,0.0039894760281040725
LDOS,0.004131747932329519,0.7609685187302239,0.12325797356735053,-0.2545815648339631,0.004025266477796598,0.5150338635388796,0.17970802298639987,0.1612329784590666,0.005583442179386357,228,0.003970410381981163
TAP,-0.0015137001035146333,0.7138130992794219,0.04967613876481647,0.2610511360640673,0.4683429513294192,0.2983556291397723,0.15678562548767971,0.14681855250290055,0.005369275215230075,429,0.003926151747224884
ITW,-8.548286484920872e-07,1.0998646660149074,0.10994683717849839,0.19135894244963508,0.5010479944516144,0.09283678057551888,0.4826245672872812,0.476509018437249,0.002312340930961551,429,0.003876087193397829
ODFL,0.007721145098320829,0.7175012059295914,0.8578500819718688,0.10203925142921076,0.5615512284595754,-0.029159219101665714,0.18145483864816492,0.17127392868110236,0.007531585099857279,408,0.003871963562166149
DHI,0.0025225594114695314,1.3607013482306003,0.7832767563524212,0.26770040995400496,0.8604382520623004,0.10470076384407809,0.3079853697010686,0.2992034581490517,0.009046025840867467,400,0.0038581011986974383
MAS,-0.006226642621398222,1.4727615367861013,0.3811393855913004,0.6360092181258351,0.7014116411460808,-0.04835993629043888,0.4914763634756516,0.4854654457862385,0.00462739861039149,429,0.0038377659788187382
CHTR,0.0028876695832098028,0.9086997026369337,0.30329709033586294,0.050848480958723706,0.5054968623582486,0.27579463504181106,0.22969579592920286,0.20864923297644877,0.00625962365355148,189,0.0038192113850957035
FCX,-0.0037642845481724555,1.7434322559413198,0.7921437379916518,0.11353692802450092,0.6233971418625682,0.613760778281474,0.3131634204277066,0.3035438604897194,0.014466878698884616,363,0.0038150293204735814
HAL,-0.0039934395209564105,1.5243859445369454,0.10411879187071496,0.7381807160612042,-0.18528123262034063,0.5499856772509761,0.34817591926791547,0.34047114289992386,0.009317993268938235,429,0.0037218960160438084
BA,-0.002609901548189949,1.154740322603494,0.30370376906091967,0.3594631745150829,0.4909506929243801,0.13479414265302364,0.32342275977280677,0.31542539286704796,0.005469018971366498,429,0.003710377750696881
TRGP,0.007350275520218328,1.74229950377545,0.7781271446813312,0.9392997617636786,0.3321617376224891,0.18977417476396424,0.4181180828166988,0.40120291080555637,0.012047177062090611,178,0.0037087372869766834
INCY,0.02178858659951149,1.0603244507472813,1.4149567411650459,-1.2624073136212497,-2.1913007432894935,1.5922300447989788,0.37263971755399605,0.3643192894048448,0.02374672228933905,383,0.0036537139877299554
ULTA,0.007094236246850325,1.1702940936401858,0.7500684375690408,-0.013570667510967162,0.5281666254755506,0.24969887298647203,0.2953491516998572,0.27857175054985384,0.009654773060731352,216,0.003640364508068194
EG,0.00294929069847591,0.5787777694910432,-0.052841992642899155,0.5436403374415202,0.3523469475757518,0.11576605520321222,0.22270841753690584,0.211729722869348,0.003611951906877009,360,0.003570155856827751
IRM,0.005652326310919635,0.8832038142986917,0.15828025934058695,0.027983634106258225,0.3413861139199881,0.2866253048946265,0.225310754729786,0.21424376551164004,0.005079411358411721,356,0.003558886327447389
AXON,0.032808598317414686,1.0115034249120656,1.9189530153335252,-0.9217328389895146,-0.9169231067400903,1.3214825351433745,0.20650755473501392,0.1926353091884233,0.029684519351154893,292,0.0035532917894728145
FIS,0.0009015039398329166,0.92998942666359,0.13842333688265657,-0.2904400742019458,0.31423391282901625,0.6715960241005681,0.15306888996954304,0.13826240203194762,0.008977960521315416,292,0.003520714809204391
AJG,0.0038952340199386237,0.7029855693250837,0.10804701366593723,0.29207352085474286,0.4792851129542187,0.09962792917136393,0.206620987910766,0.19724298540380103,0.0038079435053905587,429,0.0034907862148236945
OXY,-0.001901711712931506,1.081643626511741,0.23854455827909438,0.9746451474416319,0.21798078576543042,0.11339123585245856,0.2946299912956638,0.2862922843369836,0.007495997023789838,429,0.003486984057727499
AMCR,-0.005102889050970098,0.7522735058547094,-0.017675547705719212,0.2324985019876538,0.32307103758219047,0.14140322072554665,0.3143817218708338,0.29226500322150584,0.002511686103393184,161,0.0034649500658010582
DIS,-0.0021980296487415785,1.2037631559370623,-0.00982692417208407,0.0963300336988599,-0.025491646896538534,0.3414815579598487,0.4322078763670316,0.42549638554394686,0.003457088998654656,429,0.003395383248995695
LKQ,0.002785183263465383,0.950577250329407,0.6170184996592712,0.16409131926201473,0.8209180943131358,-0.12842282266861665,0.3230787544908795,0.3099601257019431,0.005122900273428465,264,0.00339162198855999
LMT,0.003463732546110683,0.6172524983547396,0.21593269336918386,0.35361720751339487,0.734157855279459,-0.03819635085795288,0.20283361396458377,0.19341084344407056,0.003899230034727243,429,0.0033900128241465956
DVN,-0.0022007336261465208,1.2842780248552021,0.44981251240589365,1.1851148145670447,0.21272725966964848,0.11021716273259893,0.30975500306429915,0.30159607875063843,0.010493250815942818,429,0.003388772010222252
FE,0.000548000167258108,0.4292330400392995,-0.162893987637725,0.12805532833209826,0.5923609828668301,0.2480129506740725,0.15089541117067673,0.13799108611248045,0.003415691958080921,335,0.00338420222850241
PCG,-0.002161315342066377,0.6054033784045267,0.023386863708770352,0.09602526169671315,0.37520426639601817,0.5344201083554235,0.07284967398341402,0.06189045027163398,0.008785535778142515,429,0.003380608092933948
CFG,0.004647929176409969,1.2247639227118472,0.7149793660845492,1.5824775013302912,-0.4585586938774407,-0.6366843563898981,0.7866649517797277,0.7782659341332603,0.0022582679072289703,133,0.003321397240145381
GILD,0.013809874504514976,0.709751833082806,0.521440983613749,-0.7624495267635732,-0.45969662574904735,0.755602986381138,0.17588057184374262,0.16555326071396492,0.010999850660027954,405,0.0032992718911893306
CMG,0.007518244841697483,1.0290824785264916,0.683641521477142,-0.9472512693103703,0.7052824745205845,0.43048886063368896,0.24608289135874584,0.2297643392236537,0.008647671520720768,237,0.003265821129493301
MHK,-0.0035932636077321725,1.4532137556528686,1.110516900316711,0.7915346473219501,0.9808760657696635,-0.43012636994068115,0.41140486329189396,0.4039731065152764,0.008398376903362297,402,0.003259460220397987
PLD,0.0016445006509294374,1.0114832125696664,0.29843582694070764,0.38519867154724413,0.2666615286298858,0.006164628283166186,0.37859965814223906,0.36915588394987187,0.003984377724786081,335,0.0032587642835991775
ERIE,0.005068624557786925,0.47359913225654005,0.4133097836007935,-0.1332869879653884,0.39288759563763753,0.07884888320723862,0.1060538397741948,0.09342748157891512,0.0048843673933791545,360,0.003247359315303023
CNC,0.00835949756989456,0.6449433660753503,0.8344985164945488,-0.3277128084959018,0.35136705287457676,0.2496365644460111,0.11943176672896982,0.10370733399198717,0.010627252388956423,286,0.003236143307929766
GRMN,0.007286285320907803,1.020461940792376,0.5504346931353918,-0.005355195038346109,0.16489803761726202,0.16917760183140765,0.27211782378962657,0.2596540878956133,0.007037959183334997,298,0.003191299641151873
JNJ,0.0017434250467254122,0.7122993298871729,-0.2862712071877718,-0.19900862713132286,0.5178071726172596,0.38405088205231125,0.29746979407183494,0.2891656545218566,0.002068883845607729,429,0.003147027056234227
CI,0.0038506472102555317,0.9325296765573179,0.23482912023717833,0.46054961397981503,0.09508283003151856,0.16420598675801848,0.23353863588572332,0.22447880888673655,0.006257713826883565,429,0.0031426106294627494
UAL,0.010381746355751554,0.8788083396552984,1.0843440427890079,0.7571369624331662,0.005156199518152626,0.458160797588356,0.18533721422449423,0.16762715366415715,0.021954125439628738,236,0.003136279324289232
MOH,0.006697787242072964,0.8356540229225025,0.5190612103668873,-0.7132705522302534,-0.05828199485597196,0.682727845710168,0.13545067924868015,0.11888843172470853,0.011354953411837515,267,0.00312516907374895
IP,-0.007246931583640807,1.357008999439117,0.14756191812068778,0.7579013272722143,0.4439327947951105,0.04187017592952705,0.4352552665082843,0.4285797968452616,0.004960744299589819,429,0.003124526695195597
PAYX,0.00672388363709569,0.8804758088895076,0.25401422864205647,-0.17852366460252253,0.2033795840181514,0.22192193595845205,0.2577825503021768,0.24900929439558317,0.00434398654643294,429,0.003057908632072058
DECK,0.0068420117044856775,1.0080067405107076,1.0711859795378842,-0.2144461017500882,0.7915347151074158,0.2738201086894347,0.157536357220598,0.1463926582420344,0.015302018865464737,384,0.0030572616405278867
IPG,-0.004289357120917555,1.3512713511564822,0.252268556673848,0.3958092835466624,0.16536569206404564,0.14823791807009393,0.4052679023051543,0.3982379720723547,0.0053164134178907176,429,0.0030564171749247323
EOG,0.002802473312643576,1.010830398895053,0.20553356451921448,0.9621547793878619,0.21438170586790045,0.12557203748941417,0.24881084278287968,0.23993153832404845,0.008518764928688857,429,0.0030348262193490385
TT,3.486810364137794e-05,1.47367659812573,0.11951872424135247,0.15193272546512174,0.562194956222779,0.2359781772691875,0.4446216100158269,0.43805685363303526,0.004721360118139757,429,0.00303362582297124
GWW,0.001124761251091682,0.9914767615037863,0.19646217210339556,0.09982345462833733,0.709746452308609,0.06695256744518173,0.32639622244051547,0.3184340028476138,0.0037040828749830873,429,0.0030176857642535684
HOLX,0.005733794124094367,1.128128957771028,0.8115894968091815,-0.6249312817065168,-0.02568583552934128,0.7261879100457903,0.18772524861558781,0.17807828007183002,0.015813869427528368,427,0.0030173792730376564
APA,-0.0045459663279330985,1.5848651494880324,0.5639435710710504,0.7800698352976505,0.7819860012464757,0.5574082254924736,0.2250977158653622,0.21593811439804966,0.01937977376560959,429,0.0030102906413412914
GD,0.0041874650052234706,0.8445683388375316,0.07030210723821818,0.43466771299827184,0.42743108015186826,0.047836522001653364,0.28953299274595057,0.28113503757746294,0.0035502264055684244,429,0.0029673947950260835
NEM,0.001204528459633364,0.45390355288618955,0.25811019902349513,-0.23982188991576556,0.2971679615305738,0.5973518778159951,0.0329064277722636,0.021475061670280904,0.01202542704161328,429,0.002947317656734541
LH,0.00041742531361119,0.7070497078669086,0.6269425608673149,0.00200909169972486,0.5662518484811724,0.06857857823044325,0.13203451341928518,0.12172613471880156,0.008435934311163145,427,0.0029431690599715974
CMCSA,-0.0006617708276466058,1.0646157421890023,0.09917701609169229,-0.024259050662106103,0.25522272494067855,0.3189883659929845,0.2759711626021887,0.26741290211285274,0.00514825627002624,429,0.002934943785899218
YUM,0.002986690464021824,0.8530111280930639,0.06929933746197038,-0.04153196382232149,0.7923395080302165,0.19356417080482732,0.24445422611386614,0.23304114795848652,0.004311596790268643,337,0.0029039137001963984
CTRA,0.004018195040361994,0.7382282783893388,0.13607698880914432,0.27449975489398315,0.10357790955262138,0.4690871774499889,0.09770811161884452,0.08701744943423362,0.010466174046845208,428,0.0029014237191715237
PPL,0.0009040283202090796,0.6276709458640845,-0.2484155795004636,0.16764598678280787,0.22640287418730068,0.3101103618460347,0.19067937754617859,0.18111293992852118,0.0029920315373288065,429,0.0028947232469282314
PHM,0.00259722131569267,1.2927471115692402,0.5697510002576105,0.5517428682400329,0.7744586427503366,0.010508724731773089,0.2781478543651962,0.26961532309291725,0.009632108427906315,429,0.002850149811859555
UNP,0.000873817195657884,0.9508338458373211,0.05493219720782547,0.29812864178059334,0.4317587622494847,0.07199423474390389,0.3635421990299057,0.35601905717446725,0.0029057593263742817,429,0.002847828873801467
PM,0.0014175816885895818,0.8190114568493221,-0.49158877807939244,0.34660274801024954,0.3741239299325061,0.40190657943882274,0.35711894967219426,0.341438924054443,0.002921461122632187,211,0.002847595866882854
TXT,-0.003727180558531937,1.556306383461428,0.34733534005663036,0.7095275524453307,0.3950296126372933,-0.02751061484028035,0.4668539228379367,0.4605519597509147,0.005772544130032626,429,0.0028060644387816937
COO,0.005338593770823353,0.6680651160366233,0.9453359103724646,-0.27985747872713235,0.895170847052446,0.13810294254999256,0.10544722507654569,0.09487331520747411,0.013268876711148837,429,0.002794126440885872
MKTX,0.006701093844189338,0.6800333679643136,0.7522394318478763,-0.4055065228717382,0.1708918498431475,0.1840792222620571,0.14638685726199052,0.12896618087958212,0.00905205361816383,251,0.0027854648301140986
URI,0.006249898194492163,1.8898279356438843,0.9576414372560775,0.8049081734304497,0.15006320438333998,-0.041835796487863855,0.4536752756901571,0.4453471548927509,0.01236253571005513,334,0.0027469462486136
A,0.00456285902392748,1.4015147544541717,0.3327324069533894,-0.5569674076549468,-0.9718101872314402,0.6828033118131813,0.47226744248096064,0.4636160890790092,0.007878323350488367,311,0.002738570594991626
MRK,0.0004767417062650506,0.7852125860314552,-0.7101753394712421,-0.3191260608568287,0.22923964994269727,0.8096987376186707,0.25964658132538343,0.250895358882421,0.0035916450836315584,429,0.0027345956630135896
NUE,0.0014381583005698179,1.3339184720974802,0.38476444073881105,0.396388872230324,0.2938025280453115,0.06280970848443179,0.35412671116330974,0.3464922751250509,0.006658223537075852,429,0.0026039141903326014
COP,0.00031176706099879,0.9744469006821439,0.04469349938436614,0.8542010334128058,0.06216753383606987,0.012950918836029885,0.34472809288152984,0.3369825620645266,0.004484593658517252,429,0.0025974789467114825
FDX,-0.0023016819973408213,1.1560933068933446,0.26560124126353857,0.13956803440730067,0.677108261700076,0.07689510819936379,0.32093351697357986,0.31290672639407136,0.005203790399675109,429,0.0025942930987931335
PFE,-0.0006195997360618704,0.8613598819530522,-0.3666402356026091,-0.2162914472944862,0.47152753652734397,0.499095044320627,0.27342636052621283,0.2648380196340876,0.0032653169309804354,429,0.0025382277226250437
AVY,-0.0012815006377897272,1.0534811474357164,0.06041770831478967,0.2574309710041568,0.3173577393164228,0.12274407670757312,0.35928264546961897,0.35170915428131666,0.0035685211762462488,429,0.0025045867819814714
CAH,0.004600909942440795,0.7776112757673656,0.011734425181889078,-0.12217966637421172,0.5093064347483002,0.31413566819210714,0.14907969896920747,0.13902153938255501,0.005587178077314709,429,0.0024773767804695456
CF,0.012859346366168886,0.9461176877054529,0.47088578440052026,0.03269381249322917,-0.10331354735718898,0.32758572843906697,0.17879484547137237,0.1613964311805116,0.01126433499010557,242,0.002416480988880664
ABNB,0.0016810108004990092,1.07152726853701,0.5615824957741851,-0.4654558618238492,-1.210178151638599,0.490057825208425,0.3733871814195482,0.3131359488637355,0.008704429342077723,58,0.0024158173410722254
L,-0.0022736532201855825,0.8774972171088087,-0.06817508104145971,0.7406550183243066,0.28267162190765743,-0.029032898077901832,0.41997676982692866,0.4131207032764196,0.0025107541999664163,429,0.0023372943358191236
MRNA,0.015403718947334624,1.3134953095126227,2.231634870651455,-2.0217725210619846,0.49131358565899613,1.5568680765785041,0.18926405127230272,0.13592615990863843,0.050607808927941374,82,0.002331020518216041
ROP,0.00619556838152628,0.963521556557956,0.25532945983638355,-0.09986462578900208,0.4000892975005313,0.1774777547899095,0.22400386622419188,0.21425517107625458,0.00578341150653692,404,0.002308208083861451
ALL,0.0006109837787964538,0.9367350296999815,-0.3443487475311808,0.7837220220823046,0.23353981747056193,0.18485829505838988,0.3948140699797098,0.38689278817316153,0.0033734716163557315,388,0.002306712657463447
EXPD,0.003349018472104333,1.0125169477526683,0.4588298351322478,-0.06937202322898321,0.7221399477629339,-0.04310840110174264,0.2941941867390998,0.2858513284263232,0.005023351779487503,429,0.0022490694102830578
CHD,0.004022984741674647,0.5450625374459285,-0.015581966965880554,-0.2374072670085941,0.738209580883146,0.1745876425211673,0.16728187353352764,0.15743886967458587,0.003075437820903496,429,0.0021755158419877125
IDXX,0.014786858550996877,0.7614750087827148,0.8734222057483589,-0.47119901505300726,-0.22168511494676638,0.10752425697042865,0.22825809171314548,0.21875388101995752,0.009627660706419836,412,0.00215027980698827
OMC,0.0016359406869597623,1.0746682274267165,0.08284313644854913,0.1906195864262308,-0.023911645265275765,0.16270527095947718,0.3753460780792536,0.36796246198089966,0.003708850595154588,429,0.00214112976278659
STLD,0.005319692643939974,1.3314486098031102,0.8385723041748823,0.3878246331950735,0.47825556655082746,-0.14853286455768333,0.31022444953606065,0.30011043853219055,0.010745130838002206,347,0.0021287893223214146
NOC,0.00498381179714915,0.7041431003826891,0.030480935656989682,0.3705607899381552,0.5642546349817581,0.05810771975788711,0.17770903222250356,0.1679892808303345,0.0049446694491291285,429,0.002123589604697714
VTR,0.0029990503558953874,0.7729066164558545,0.5435647015247347,0.6360202358319995,0.6693299534156534,-0.23536201720573635,0.20158710006966252,0.18967048962294109,0.00834992089734418,341,0.0020946187722680676
EXE,0.010874662033532802,0.5729013105767342,-0.38634400846289896,0.5102154256156095,-0.18155508131832773,0.4019335517501728,0.17822836700238853,0.09605120370262743,0.005930126310384307,56,0.002040708435913707
AMT,0.01022704045474242,0.9786094370374113,-0.19195685830279843,-0.7290695757913459,-1.3018303049744693,1.3168220169962508,0.20867114045370105,0.19653419475513811,0.01695699008319168,332,0.0020201349849875727
TXN,0.005621453979164363,1.332095886179515,0.18070111557175958,-0.4226705788403532,-0.45112876036376975,0.49239947372954906,0.3894460076630364,0.38222905739900614,0.0065920951750597,429,0.00198573393359607
AZO,0.007784262697424451,0.6846178605224559,0.35155403371555294,-0.00855428258138953,0.8564905487378836,-0.059897408036093336,0.15688511802389293,0.14655282780359757,0.005479518706992834,414,0.0019815479313583058
HAS,0.0007949456022651311,0.9645502785007705,0.10335454561363068,0.11856837707642037,0.1790920420682352,0.19226749331152082,0.22989759125765563,0.22079472590609128,0.00564101968037072,429,0.0019738910971157713
TSN,-0.001566252418043369,0.8217487044011436,0.08920654028637916,0.41225699393762766,0.46753278580468116,0.0752608049060842,0.17643344115663706,0.16669861185588808,0.006435880667899235,429,0.0019709483499733564
REGN,0.03161938186305788,0.49282802048272917,1.7702377566377099,-1.4529731970662425,-3.1120619256694986,1.5476508393808788,0.2851986816141934,0.276438861535936,0.045515938119293116,414,0.001970923044961474
ELV,0.004955751571038693,0.726953024479251,0.07113360717124212,0.3802776897540067,0.3907450032147277,0.04170158865969627,0.20037996360017152,0.1862023033803164,0.004955349453660515,288,0.0019664819835905414
MOS,-0.0034077980201587,1.1267345923476448,0.4321078755940507,0.4420269598272528,0.317849260448752,0.09513300757278942,0.19071141971727112,0.18114536084868094,0.011750699146661934,429,0.0019493929197631954
NTAP,0.015710461589833507,1.455711210182719,0.7772684714467553,-0.8517261633307259,-1.4956324164330885,0.6883350181582392,0.4426244623257123,0.4347296246816005,0.014174880740739013,359,0.0019423630905547231
DLTR,0.005242077641018708,1.0514829294801662,0.293694423162581,-0.3707501061385439,0.5171024264088052,0.32470311475434255,0.18477692548880165,0.17348574717147203,0.009272578980942737,367,0.0019417240256729806
BRO,0.007847643515132664,0.6114046122343879,0.06208718035959372,0.256956442957268,0.21694864668895988,0.06549245169473202,0.15000893370041257,0.1399617579758312,0.004102579362821038,429,0.0019324047685400283
RL,0.0012582982218970122,1.1802617980742938,0.680266648882237,0.5139207641769081,0.3471839196526529,-0.31017869425446215,0.4027241797073082,0.39378292491250744,0.005902204489873166,340,0.0018868582006505168
MO,0.0048006193917889805,0.8678734413563427,-0.06017582706396154,-0.08669422708554378,0.9121519377493155,0.5480613802144839,0.08816468405166378,0.07738648882768817,0.01436515721152648,429,0.001867913512926782
MCD,0.00175557346004078,0.8035268370492383,-0.302439361469565,0.03126691348916207,0.4020754803583862,0.30448331504561466,0.3150899674042471,0.3069941041347938,0.0023573320773077784,429,0.0018661639631734137
J,0.0017145731977902662,1.084481157324459,0.29658574946544836,0.12063030486299693,0.5774044759551084,0.0006811885656423914,0.295816555793987,0.2874928744203934,0.005307684275407805,429,0.0018659983943694436
RMD,0.015338148273088603,0.6330964774145463,0.7275801843979203,-0.4992788818006242,-0.09121194776827317,0.1150308550395294,0.18197107381246413,0.1705460888098449,0.009362012807151777,364,0.0018611146156527548
DAL,0.006763295675631834,0.8834853683617526,0.6126637268538321,0.757113310560888,0.051697116795149656,-0.1051770356579384,0.22564827907233898,0.2076400995158817,0.012762362014787346,221,0.0018413109042788114
ON,0.006793604526155669,1.7960679795983605,0.8340723438267981,-0.10012823230459496,-1.2488352497430846,0.5157787820253602,0.3871616621542021,0.3769135294143058,0.018409152163542407,305,0.0018104898642699893
EW,0.00947716162004974,0.7056598262173652,0.18599851317367722,-0.525108448232798,0.6161032412567091,0.2733549700445778,0.13021970562694996,0.11577152797955714,0.006654946544844021,307,0.0017728609791534747
F,-0.004701837778695781,1.542912175102925,0.25284431441130706,0.7270544083466192,0.1941495808098356,0.08816682190261041,0.3250232634887097,0.31704481506659044,0.010295556367874825,429,0.0017461285066190228
LULU,0.004446164354904808,1.538677693462539,0.49691486038839533,-0.4190013839917448,0.4959948300848742,0.4454982349841518,0.2581218302222035,0.24070684971098766,0.015692842328561916,219,0.0017388086637303095
TMUS,0.004623502747732057,0.6493008571049452,0.33332423750614926,-0.17789057711963926,0.3845498637590376,0.17774191232242587,0.09369542646337403,0.07271615392780406,0.010170352322067013,222,0.0016183567088265624
TROW,0.000489264577240852,1.5284356971885737,0.07873338871636777,0.14476340079840777,0.2289269820853344,0.15262739987232893,0.537233448697491,0.531763394899589,0.0036620847061913796,429,0.0015295579040516913
CSX,-8.163074768360199e-05,1.1034442610957396,0.24130104978196612,0.28378569873646603,0.651979406529569,-0.11441927618131122,0.40582176696769867,0.3987983835985225,0.003456228547372946,429,0.001526137722289997
LYB,0.0009100804688774378,1.2184322244531463,0.23176534344789185,0.8964518392313414,-0.10265819516869143,-0.15486597730157028,0.47507509742900156,0.4604938501353627,0.00471744429769715,186,0.0015230647743062046
DPZ,0.013125509000573922,0.8469751063122829,0.4724440261093942,-0.45253995176375994,0.2523531656367196,0.21694039010396896,0.13695750066489043,0.11962732999551073,0.010752658941013082,255,0.0015093366285918268
TRV,0.0013546875675271555,0.8712569765040606,-0.4027967364392445,0.58028118821272,0.1519296515833495,0.23675766464455822,0.3406996272383701,0.33290647862416645,0.0031632497752474473,429,0.0015052479098786992
VTRS,-0.0019367454013330346,0.8691633409754255,0.2943442911131326,0.16310765492417087,0.40552164720601513,0.05182009681923312,0.1438376023933352,0.1337174794901832,0.008842997269779966,429,0.0015036537544271841
ORLY,0.009794750729189507,0.7691199659161829,0.37194446881473786,-0.06751081342445418,0.664213251033779,-0.052019755318282734,0.16701037059873636,0.15616415146590734,0.00598278820493543,390,0.0015001493777260489
LLY,0.006569073309170394,0.6556810268141482,-0.3732333232956306,-0.4583459515249785,0.1848886430090418,0.5797550595067869,0.13720838425709714,0.12700990180150729,0.005011816451239503,429,0.0014339558644599583
WM,0.008424507672980683,0.6706470018096783,0.144414495907999,-0.005824145243253882,0.49261294343089135,0.19320377314491685,0.07145917953511194,0.06048351971874211,0.010236433439129122,429,0.0014225383743304027
RCL,0.0015494359351075795,2.056296804553751,0.4001851745393886,1.0824482351198903,0.012719299305039683,-0.08300093755483316,0.46475960729570587,0.45779033134903535,0.01119774384401922,390,0.0014017128527092045
LW,0.004072195895306995,0.5557154635354,0.1539246820224252,0.22944146725413236,0.028116215192760675,0.07379898998898682,0.11563314013358716,0.07185260251643799,0.007199693377747226,107,0.0013792267238324496
MGM,-0.0035799297734332644,1.8014160517672453,1.1298272696985685,1.1498435205599329,0.7836247277413826,-0.41008795346455634,0.276067177878234,0.26751005232123914,0.023210527695407938,429,0.001369373798496406
BF-B,-0.001242712194020123,0.720401443449424,0.02438734440564163,0.023842013731988528,0.7765993498150356,0.02214823511141908,0.2535248060627412,0.24470122221005497,0.0029725926466771546,429,0.0012879546914087447
HCA,0.005325115633220224,1.3895847575299516,-0.03800403022321165,0.22959358266448127,0.1870617726271373,0.2268220056582021,0.3763725227979896,0.3579220057210071,0.005972891767754431,175,0.0012677373014124613
LHX,0.004817982067535498,0.834573763483085,0.5236726303342764,0.09424439587846802,0.2545763851554278,-0.18631358935639375,0.24724863502085226,0.23835086474923117,0.005391560308785261,429,0.0011893342414441266
EL,-0.0010006535955253317,1.0670348606389013,0.18617829258087482,-0.13178610421538067,0.6589728240124046,0.07244486920002614,0.2857296208812089,0.27561247670105604,0.005339571994313181,359,0.0011684714892102222
HLT,0.0023587169085330017,1.1621766459782246,0.17895270168138525,0.26219664081039534,0.33254567055030404,-0.054116721169770524,0.526677761841907,0.5092762089684476,0.0027479020246630147,142,0.0011640140045808794
FICO,0.012783332207131409,1.1325576624396416,0.5172884461699662,0.013003381770574793,0.029419481086240748,-0.024993845578994558,0.2649823555740478,0.25629420374868195,0.008591063872649527,429,0.0011352632991534673
CMS,-0.0004002462097011778,0.6616765090204724,-0.4969506671222467,0.2539774647779447,0.003852532226586253,0.41875782295409386,0.1523615928435471,0.14234222632869542,0.005033328395515447,429,0.0011132421642967394
TYL,0.010581469109207108,0.6792063900499553,0.5817020151471795,-0.11642918364346073,0.08172289181337786,-0.01776182241819519,0.10689799836091551,0.09634123711222653,0.0120307808505967,429,0.001098777543503522
ZBRA,0.004850123426517975,1.1021986105340127,0.89931761785642,-0.2715134337546172,0.2654702638250522,-0.2395990562469884,0.31831189160729423,0.30987515759253303,0.007960526439488646,410,0.0010543790943352085
AES,0.0017083971971367771,1.3282997223923656,0.3455147691965777,0.27188471108650053,-0.3572930154648663,0.15471830715688786,0.23918594375682567,0.22981631252230383,0.01327706461388391,412,0.001041076516743886
DHR,0.006057069302055078,0.9654906748932877,0.14101553000526584,-0.122590651535978,0.5866022897758408,0.05552926098013714,0.29804539423590015,0.2897480584703671,0.003917326998611933,429,0.0010349968445352113
VLO,0.006030979844789986,1.27039331537141,0.18200300725615068,0.6368047014184864,-0.12706672497752608,0.03381637012058597,0.26138385162817046,0.25265316429517015,0.01010257547977932,429,0.0010281663926614574
TPR,0.0070813691780758185,1.2903372447895542,0.8660533681563861,0.5190604859964109,0.46094327715019745,-0.49657129827283975,0.3871852379390721,0.3767632181761311,0.00795086761378135,300,0.0009951300780987819
CCL,-0.00374252951326508,1.5326155383290698,0.479122160642855,0.7249916780020151,0.4853532911388317,-0.2826277893112366,0.3803864558296681,0.37306241866453427,0.008429415031058991,429,0.0009913316376681236
WYNN,0.0014643937175268947,1.7641912673109938,0.8897491282567253,0.537723251305826,0.6802995982764459,-0.40537598290872645,0.389502875859398,0.378197373560498,0.012728786236915354,276,0.0009898502025176418
MAR,0.0011810287575873696,1.3113552140700229,0.22569012139228364,0.6843388272398216,0.3514222074876611,-0.20225314199412653,0.5262352496156576,0.5189465611482063,0.0037247244849742396,331,0.0009712808101949219
HPQ,0.0013262594037759979,1.257061225687309,0.3357635548630502,-0.005891758657896497,-0.2963667993336729,0.0814207667862004,0.3908209954410544,0.3836202979876391,0.005903363150986312,429,0.0009576679359087713
KMX,-0.0014371169465211208,1.458518183578963,0.8353161902124875,0.3920379903133543,0.7099139002599351,-0.3182787647676804,0.2604162787471349,0.24947569115463686,0.01570445943739011,344,0.0009473710732879609
TECH,0.012660328059117506,0.8277077004176869,0.6830647940418796,-0.6471266412916096,-0.06811198773266629,0.016651422447342426,0.2669240703576585,0.2582588702436829,0.007737333937351052,429,0.0009219453665683042
PODD,0.012949058521217036,1.2174163016636133,0.46411924539793686,-0.5920343140130467,-0.6180372710804029,0.3735704329016784,0.22554742074039769,0.20753689564133715,0.014306944958095584,221,0.0009049037919433969
WMB,0.00539119394492965,1.2115557645981636,-0.0938878446280664,0.5985887923174272,-0.7155860655908002,0.2540786520653299,0.2895582676537244,0.28116061124301195,0.008763799358497151,429,0.0008998566390622151
ENPH,0.025557560738764157,0.9249613383848945,1.977989433351741,-0.8337647691850562,0.3801972724848684,-0.031663053252667564,0.09220937150639497,0.06329884193653501,0.05494857927961663,163,0.0008747701866825613
ZTS,0.0014724599175340455,0.7081489214380005,0.4102170932862247,-0.43241959257787965,0.7467565014177009,-0.10198470082660357,0.3716397288691454,0.3501205415016504,0.002578217798561548,152,0.0008711077901729686
CB,0.003820755936049802,0.793099739715687,-0.1386092654915817,0.5685758427317346,0.052579794310328595,0.040029008298906654,0.2874461852857759,0.27819223964013673,0.0034862213956286183,391,0.0008331722882245525
VRTX,0.016955247547053184,0.7397089281346216,0.7728783387810255,-1.128178496695214,-0.6576139058121245,0.346320051115851,0.19744255702709734,0.18753444044718492,0.018401963030220382,411,0.0008270213576916149
TJX,0.00568659548243626,0.9506962042480949,0.12243683184831508,0.1085030579185142,0.7926345406860903,-0.03986981188097931,0.24205434471539433,0.2330951762132123,0.00529077829830608,429,0.0007740283574969222
IFF,-0.004427999151691338,0.9496498732924965,-0.11299407957136498,0.18804408269869405,0.5394094141293451,0.0908317024556984,0.32727982121597043,0.31932804605303866,0.0032365662500192156,429,0.0007669635123664781
WBD,0.0021363994754366664,1.2149250003218168,0.31502958671654063,-0.002225158317109841,-0.7214128803225736,0.19200701831603278,0.27669953986317974,0.26144003648476577,0.01030515392090791,243,0.0007668586091370709
NWSA,-0.007472640887912467,1.3162466176014487,0.11552359339701908,0.26451095060710395,0.3312733532269885,-0.0022980950058506837,0.4779178155011896,0.4595346399906681,0.004006067225036787,148,0.0007163056830793344
NSC,-0.00045879991721265345,1.0465154959017209,0.18675705524323744,0.49622689612166576,0.6254803982453804,-0.20195914545643812,0.3759659645097423,0.36858967567416,0.0037753051039440253,429,0.0007145747774172774
LEN,0.004606276832082939,1.385268378182279,0.608023828842464,0.8275037966238175,0.5525850784918094,-0.39076462125432676,0.2426039995236401,0.23365132812321032,0.014658917106046889,429,0.0006989943317127008
CL,0.0012794072912943176,0.7305522406153888,-0.31582321903877386,-0.24036286624540432,0.5255198001311724,0.3277958036396842,0.26702327298135586,0.25835924547522526,0.00259611836769168,429,0.00069388449604493
DASH,0.014385059118626963,1.6853130763275317,-0.08068451342099452,-1.0790929536773095,-1.6077182562582657,0.9854769295939028,0.47414515822305214,0.42358219266757646,0.01137568121410686,58,0.0006886993677876819
TGT,-0.0006202768718455588,1.0672997515737845,0.09107275586212009,0.11631886031902734,0.5199792287163926,0.011404269597248422,0.3041306176230584,0.29590521121198343,0.004640880556894028,429,0.0006691424955832219
VICI,0.000709395414535612,0.802951676438908,0.24652542642415015,0.46752760217019546,0.3467759313011057,-0.23941275308029378,0.5019405411325115,0.47331643430104664,0.002542943528973644,93,0.0006470770176749985
ROST,0.007610739581681425,0.9908297310991541,0.5034581204844183,0.13233366494506368,0.837663736320318,-0.26416256890976453,0.18891225350529484,0.17932492789661036,0.009377537242337244,429,0.0006112337844425043
AMGN,0.010496237308510377,0.7496356962481008,-0.06959446070240158,-0.5090134975887571,-0.046887108834294,0.384593682506879,0.15085574077194364,0.1408185745872148,0.0068231953046056625,429,0.0005894842837539947
RSG,0.003435792571638534,0.7728208143651176,0.08992579253063576,0.22921816578820192,0.6022371720629538,-0.07959906186095451,0.2213500910769104,0.20922158782265665,0.0045680432203776605,327,0.0005853999546779656
MPC,0.006127447175239701,1.522456442206835,0.017887023724683968,1.3087224699722033,-0.2720371166716115,-0.1660247816281201,0.5198564466760799,0.5053942914554799,0.006041185415271273,172,0.000570200074558644
ALB,-0.0002205584543563455,1.3366462926104081,0.42353758596525776,0.48500348987586034,0.48895227563790183,-0.2743176043592516,0.35377102708601404,0.34513160231443674,0.007213650849417185,380,0.0005448241953297683
LUV,0.0010151006735421996,1.1316238854478957,0.046554880183712316,0.5679542685690476,0.220948289397213,-0.04690995661004175,0.26882810264630685,0.2601854088241592,0.006988371843462319,429,0.0005439656093364846
GLW,0.0075618459245592635,1.3678509924681135,-0.24372293812995566,-0.2996803391910342,-1.5329945184553133,0.739109658112157,0.35131313742505654,0.3436454440140052,0.011087547599364572,429,0.0004956967110032427
APTV,-0.003319744547837173,1.5217443737307248,0.8685346055109053,0.218732152357049,0.8083295280553425,-0.5264640964743592,0.5522839722341951,0.5383797477694185,0.004926244985022491,167,0.00047896307699844045
PFG,-0.0007042402942007639,1.50835969757633,0.28868629640870214,1.2414662071771077,0.21709041176145255,-0.3916157398415491,0.49101399861580464,0.481989424123177,0.0070484296278655965,288,0.0004744372816017691
TRMB,0.0033467858758485535,1.4244225457125634,0.47583499397102963,-0.1366346438602129,0.07144129216776354,-0.00966944349562434,0.2998088462166326,0.291413268833139,0.010747050749787936,423,0.0004716280809623933
ADP,0.002645654496260725,0.8889022178089133,-0.18545458168723852,-0.06189164809005462,0.26164562711479666,0.2267013902444758,0.3594208693481421,0.3518490120118317,0.0023044197591881223,429,0.00046971426172709966
EA,0.011808409471398586,0.9573584898375043,0.6216783859265054,-0.33001921729892997,-0.08706113259974231,-0.06622684306153974,0.20451790451132856,0.19511504286252634,0.011367835160606528,429,0.00046757515138246296
MCK,0.0070212352865538915,0.645244877286388,0.06366962614882501,0.1458107840554253,0.22613762750172764,0.004703966228654895,0.11281053283602882,0.10065725246391966,0.006312484740550402,371,0.0004299978522027379
UNH,0.010145357275687971,0.8690010120888556,0.27149608282504883,0.0032633341918752337,0.6486931408217884,-0.1196799210222861,0.18876819400675782,0.17917916556712132,0.0063951523660454885,429,0.0003955299672729268
NWS,-0.006444131280405798,1.3109399079107182,0.15004372685932468,0.27486319659180414,0.2825863090308183,-0.0471896168058938,0.48830819919257384,0.47029088226273486,0.0038686776823986537,148,0.0003953437487278661
SWKS,0.01541394363255093,1.4275630751434232,0.42618144565002514,-0.49202908475941276,-1.2763867049697502,0.39958492981025806,0.25146237889017886,0.2426144164657129,0.022596829744690756,429,0.0003784608929615378
WSM,0.0062334135208630065,1.4061414497763647,1.0193627691852363,0.26104612360173657,0.7582034766744066,-0.6041591678525914,0.3051103920024929,0.2968965668488581,0.012133274123596433,429,0.00036777947296286694
HPE,-0.0006542658362745944,1.3479195516536722,-0.11556151656087456,0.48463263697637665,0.01593733710393571,0.09809232930834623,0.4788557642315575,0.4559985609083802,0.004506442485654373,120,0.00035745932784478113
STE,0.006485918547638529,0.7436657253992524,0.5311614925799534,-0.2378158356633451,0.9756474172818608,-0.26373665599924134,0.15286193117383906,0.142111448066908,0.007764903174615906,400,0.00035508211750658763
ECL,0.00237839501502425,0.8668581658662071,-0.051494388765762636,0.048755875127387334,0.6073797407707414,0.04682466806994392,0.3350308321075407,0.3271706764586937,0.002605711830396286,429,0.0003200859033995647
MSI,0.003332400946055155,1.0816443871504533,0.3740784543154821,-0.19662990596880564,-0.32081908563227185,0.027771980365738892,0.37568723113753244,0.36830764758123846,0.005304929746738144,429,0.00031703636887826515
MTCH,0.011210256797088581,0.9924481070500544,0.27370469977560075,-0.052246394385577564,-0.2658188153583761,0.0895911430433222,0.12502638112872844,0.11372181240946144,0.01733214081945081,393,0.00028976072666752576
BIIB,0.013927498432182028,0.7788652174413342,0.7044862297430886,-0.9734479865780563,-0.3291329389613928,0.10532508982311929,0.16862103420237884,0.1583061586962048,0.018263628311065486,409,0.00028218960277945115
ALGN,0.013029526450903712,1.642444940971199,1.3278768931444007,-0.8117241388124103,-0.8356802312638416,-0.16157806625762522,0.3201784330524934,0.3084976501152511,0.022813804554193386,297,0.0002632274595035855
MCHP,0.010959379532773855,1.2466413959298777,0.535576570622471,-0.06495945377476148,-0.21556393226411347,-0.09576543489822452,0.28736595407169774,0.2781109664622393,0.010535339161153724,391,0.0002610794902275492
TPL,0.010170347258357894,0.9348105607367696,0.5846123598278324,0.5623922770209753,0.34186237022166666,-0.4556274290908294,0.19531851904393915,0.18580691761419854,0.010077761773069816,429,0.00025423062553154587
HST,0.004149393333924846,1.273396814032825,0.6653442686120742,0.9776030863212049,0.5325976880865991,-0.44117303981489125,0.08001327775856559,0.0691387302143407,0.05117781264420015,429,0.00024836627471122504
TTD,0.027200107045684766,1.564332813390782,1.6073253062996076,-1.8462847408213254,-0.08958799130181494,-0.0942368364207611,0.3295931827649129,0.2970491625107825,0.028247913431325915,109,0.0002474032408574189
IVZ,-0.0007678914880177314,1.6480038696830535,-0.06994517462244891,0.6823028957586744,-0.6744014009891175,0.13462257217369394,0.5201598046474176,0.5134204760610049,0.006209082126093959,362,0.0002453989621076686
NVR,0.0485006882958405,1.7232603271070994,3.3093878032803588,-3.776810195338155,3.629203312757049,4.200730142349367,0.010824742533381837,-0.0008676363964836842,1.603185232272674,429,0.0001772718369265251
LOW,0.0055536230338190645,1.1467532363724866,0.452577181047633,0.16652052668633402,0.5930161595395548,-0.28785317573567076,0.3150700241351403,0.3069739251296455,0.006113282321236267,429,9.30551960476694e-05
DVA,0.005160522358909455,0.9268440048772313,0.545547601326958,0.19204383825252375,0.6494702723652108,-0.3824456645223431,0.16503828346308835,0.15324503887923369,0.011022192319614628,360,8.71576989889007e-05
NKE,0.0010356776614764303,1.0721601933137013,0.0026953596819142204,-0.12265826320798419,1.0737031579640717,0.0195579994649962,0.27818459443892796,0.26965249744648023,0.005599019337856266,429,8.696846990760722e-05
SBUX,0.008229480276361304,1.004516408649609,0.39347913407636487,0.06989870046540372,0.36233997237492266,-0.20361471375131862,0.22285309566303924,0.21299082530343316,0.007511901144164315,400,5.8645219793701846e-05
TER,0.005582319107562775,1.820007555340979,0.7603446651779271,-0.5220881055005442,-0.041934491572688144,-0.0877795613304296,0.38524135162160833,0.3779747009315564,0.013873664298297424,429,4.2397448372447115e-05
NRG,0.007224146227990145,0.9798033286531452,-0.05825825618466509,-0.1922396807184893,-0.04579730567945951,0.2259404129195854,0.16869124431307525,0.15245474517856505,0.008615823226557122,262,2.475780577786072e-05
NDSN,0.0014984392353022784,0.9897849159534398,0.4214998037348979,0.26067206953003874,0.3836367616816148,-0.30293273737228565,0.3388766003165472,0.33106190292076165,0.004330870770807094,429,-2.9478172328645245e-05
HUBB,0.026372807640502087,1.0493220374850178,-0.534064014489279,-0.14825450081284922,0.08889905414775438,0.14314179083228046,0.00890445926115857,-0.0028106180525393487,0.22310439215773112,429,-4.477233425089926e-05
HUM,0.011451150963935288,0.69985196997206,-0.07786332278981915,0.6756002721872859,-0.250462315778437,-0.11995059960682616,0.042254999937457405,0.03093413705255743,0.029571162225838096,429,-5.845455768975561e-05
MLM,0.002372359192729203,0.9444566792782159,0.11438390386661669,0.47891156801913454,0.2982322067464271,-0.17804724488529153,0.29090151062379777,0.2814215842952389,0.004691587116043151,380,-7.06535152095356e-05
PLTR,0.07953193798469904,2.1394056428120423,1.4410015990058074,-1.7658944982652027,-2.8608317341116614,0.15146256557605714,0.3558346401088164,0.29727415284598147,0.06440637515860997,61,-7.094317387857562e-05
KEYS,0.006264800250372558,0.9452348197104739,0.6997267040179055,-0.3310514421065909,-0.04959705502375183,-0.233600687769301,0.4627900963008339,0.44147224297943843,0.0035730408844184018,132,-7.447684448153728e-05
GEN,0.009887498780411248,1.0032712261594183,0.3143717833578881,-0.7637339815347065,-0.12332263853873546,0.13381524501470707,0.17111049270929946,0.16131274439617072,0.01510341205591962,429,-9.540037299285427e-05
SYF,0.003173832466312421,1.3496838914553486,0.6835443982296316,0.856450341646417,-0.12605686385699166,-0.5707208985832186,0.6030546803410497,0.5876692028348889,0.004236121202006803,135,-0.00012882805469163842
OTIS,-0.005499296017190807,0.8854852705987136,-0.13805222244379478,0.1784878418296792,0.44286074801607556,0.05566811566970099,0.45239080988871927,0.40750481069927,0.0024409270168752866,67,-0.00015263694748310876
MA,0.011530415152635476,1.082562028728372,-0.11246882193651879,-0.27757304777720543,0.6166016547609194,0.17584804596206371,0.3235216530472039,0.3086212489293009,0.004659368978386248,233,-0.0001588623692919372
SBAC,0.023457615988777998,0.9502408283438102,-0.15769702435051547,-0.826342098490569,-1.6903634544776474,0.5711747146991084,0.19987692927071643,0.18697171845250227,0.026655428663832803,316,-0.00016384595325569926
BSX,0.004056461568793524,0.8818569816708227,-0.20217740400977618,0.054614970406258304,-0.12679559693437426,0.1815410946175112,0.14241998945910206,0.13156454628769831,0.008622796450741366,401,-0.00016439519824292066
MNST,0.019887960897408328,0.7449834781337326,0.5802963989359856,-0.26139073088141945,0.7630976817074495,-0.4561221854046674,0.07248837721064505,0.06152488285143276,0.021790241455201358,429,-0.00018677891793875622
KDP,0.02373115517854464,0.7229771398086123,0.3931546483027014,-0.31936599117830244,0.20038652812181493,-0.9190779774179373,0.017360913288597124,-0.006842019881634576,0.12274143191261898,209,-0.00018719656160147348
VST,0.016348604898997157,1.1973582549329023,-0.24331599421502742,-0.2780140453723314,-0.11207169029895056,0.33744630055886476,0.23099547722193958,0.19329917708576005,0.009861722044565239,108,-0.00018846286150884858
BALL,0.0017128501616514695,0.6680091033497684,0.0647119709828983,-0.03459469814326892,0.7685390165860745,-0.09308300333297295,0.17773265226014134,0.16801318006463473,0.004223815147750064,429,-0.0002012983216892853
CZR,0.004835784537298969,2.1517603266771044,1.138095689056467,0.4571766669157075,0.5075966687382719,-0.8334975391982218,0.45392738880252237,0.43242846710183425,0.01692223862969085,133,-0.0002051168250716371
KEY,-0.0015410752048054365,0.9804869122336858,0.07720601551106414,1.406633759686034,-0.07030944806439406,-0.43254058018775055,0.43553486607718483,0.4288627013736055,0.004358487551094116,429,-0.0002437791735183121
EXR,0.0074378254271968425,0.84095639942354,0.21278002621894565,0.12160849897707707,-0.10644675798948731,-0.10793823923354859,0.2623013260495879,0.24742836891349085,0.004832813359738794,254,-0.00024727511786353976
PWR,0.013133552669894282,1.3014864095439598,0.16569576842060119,0.2995460522717536,-0.4050159423953547,-0.13146814058996548,0.24929686620942682,0.2377830144641726,0.013789876555082318,332,-0.00026944982480836256
DLR,0.007984080110216733,0.7627106240722198,-0.03380417120434437,-0.34276964106173713,0.13538748209556895,0.1637468834214039,0.2078754426375925,0.19177535000827517,0.004141848891917138,252,-0.00027666063775017024
PTC,0.007488967669758154,1.5259297496700237,0.20988495441683364,-0.3461730915502201,-0.6177086930430555,0.13106415911727382,0.3478365980342232,0.34012781077694454,0.011357320805203379,429,-0.00027920083289635465
GPN,0.005618469542115256,0.8496766893579045,0.2758290905278914,0.13095516638950833,0.06893940055987775,-0.1899455704971554,0.24792262165214973,0.23500032992795983,0.005367737997455171,297,-0.0002960863584942034
GNRC,0.012852365058379712,1.0814761415258791,0.9358856480673536,-0.0680671778551645,-0.5497270307589988,-0.5261072514381381,0.26289099219748957,0.24264074473038755,0.01265089777328766,188,-0.00032803483977732233
WY,-0.0017658998629055298,1.1245429850574178,0.17042086181164223,0.6032286186293379,0.3772813617728976,-0.36912709059934823,0.1942984428005563,0.18477478373200507,0.01125917064053991,429,-0.0003330131594251975
ISRG,0.01881007986259215,1.1076715788596956,0.8917429320593461,-0.3202981197082727,0.5491953863266841,-0.6900979689187642,0.15392500775715212,0.1397291186255607,0.02138592609577291,304,-0.0003531815210581536
TTWO,0.013110911277331059,0.901645668672293,0.5211523243080429,-0.4108816230411378,-0.1309774385561734,-0.3035498964553306,0.16266335455248715,0.15020298780475627,0.0165963705625007,342,-0.000380935179018376
CEG,0.043063961453960305,1.1339156083926045,-0.6355068376264317,-0.7873362033436911,-1.1033525731206366,0.7476651598722749,0.24536403579789,0.1486158352591579,0.015149117619372201,45,-0.00039080379167307644
AIZ,0.005737305829527931,0.8145932011505209,0.05445080171231596,0.39822215669550626,-0.26551348694510774,-0.09286456713207708,0.2989902506829192,0.2851908461688034,0.004037828091819903,260,-0.00039549577397480384
MCO,0.0033993930156574754,1.0221987179430208,0.2034325671174288,0.02995080432241119,0.4364996597870108,-0.14482831304236413,0.33202199545454025,0.3228966128787827,0.004188632792810851,372,-0.0003971482126508157
DRI,0.004688817016276264,0.7854456013339696,0.3390975398023424,0.39380089493813064,0.760463188703824,-0.46805741312016663,0.1881238318265427,0.17681636430323544,0.007016804534645223,365,-0.00039892374345326583
AMD,0.010679449949229184,2.006775745416161,0.1411570978433513,-0.30910210786329284,-0.3974471482679164,-0.08688708628961271,0.26793091719384643,0.2592776183427098,0.025372531332146963,429,-0.0004251767993276222
ADBE,0.010404610936602249,1.3043483212644678,0.31072631088946945,-0.5325553698642439,-0.4221778083693441,0.012392973384766443,0.3004707782642243,0.29220211134063356,0.011425442709254675,429,-0.0004282207994638809
PGR,0.0072161020102102374,0.8824506807217688,-0.5398897754432179,0.4061246583212619,0.22019526995517683,0.19841075530093832,0.23467186365444204,0.22562543178274508,0.0050843516404353315,429,-0.00046539857208924306
KLAC,0.011079536278556635,1.6754168854424032,0.49981792335427155,-0.45010314401545415,-0.1843875566345252,-0.1283336173590834,0.42029400495682145,0.4134416882305427,0.009995966007130484,429,-0.00049082085843738
CRL,0.004651672043807108,0.8562092844460254,0.5810057772967168,0.07330580110214172,-0.007404404247387456,-0.42575847295702623,0.2515931883627799,0.23903602709369898,0.007120344416453028,304,-0.000495641861013242
LVS,-0.0004771619171960636,1.9882937820556066,0.35762805704786366,0.8966866870857122,-0.13620827465306334,-0.6245164146489128,0.35218998713022465,0.33891519178453255,0.019230846267905295,250,-0.0004990972015597817
GM,-0.0038052205398472613,1.3076726010733362,0.33999110423417656,0.6837059563513325,-0.3418298926148961,-0.32799007905476246,0.5048143470304409,0.4905026229561762,0.0044437790284015954,179,-0.0005101264875659723
FFIV,0.014882541766772223,1.509282747471681,0.27138734930660946,-0.9361619347064134,-0.8558021483519149,-0.015756979464975226,0.2954003609131727,0.28403585060532066,0.02171577233272969,316,-0.0005751528884670034
DXCM,0.017202134919596622,1.0043411549267494,0.32444009172851285,-0.9034642969234085,-1.1417309114533924,-0.0811592211536497,0.15126232728080713,0.1335802924324906,0.021684249698032836,246,-0.0005791972231416603
BLDR,0.011330745481169106,1.5356036999406049,1.1513571873361252,1.0487755410371409,0.1257658574674088,-1.3798756849377711,0.3140465604380601,0.2996357738926413,0.021286489256361008,244,-0.0005853646825863048
EQIX,0.022468317478124306,1.3167399701509188,-0.18707000076896071,-0.45211638985853586,-2.3018098437087042,-0.08088266047416372,0.20474406907915232,0.19131069186765148,0.03919466515014369,302,-0.0005905238413427407
AXP,0.000982301794358899,1.3523256282271123,-0.11901932776556282,0.711717475472385,-0.055072870948400875,-0.08055804997104579,0.48366110700358445,0.4775578103960618,0.003979506895739771,429,-0.0005928023198089646
HIG,-0.00033845577130856084,1.5774148375424493,-0.5036567712162667,1.4696085911708794,-0.09818528199411564,-0.15073004295205653,0.4423074346843805,0.43438566529069267,0.008382407075183656,358,-0.000606446928827569
HBAN,-0.0009884545177313818,1.0314061313777982,0.3068124215807258,1.590068686714803,-0.08889873909865961,-0.706767028667363,0.4568392465089911,0.4504189066332108,0.004990897860300584,429,-0.0006220221178761742
NVDA,0.032148813081330406,1.7810836871771853,0.04100326910840989,-0.8606115378042242,-0.9634186546349099,0.14193707861281096,0.3432057782925667,0.3327804731860995,0.020298783195289143,321,-0.0006324946899166181
CPRT,0.011788929335876708,0.9501758470704166,0.12812421486424763,-0.1982213432132791,-0.13303197749493173,-0.09750000212335362,0.20185020820799227,0.1911511493367858,0.008910846953526577,379,-0.0006542648511478575
BBY,0.015187256617824363,1.189626463260714,0.8140734756871578,0.13254219046578927,0.19751325267668837,-0.9238236613132101,0.1921870922188389,0.18263847628761953,0.019669254344281954,429,-0.0006559963794762442
NDAQ,0.007967686280080195,0.8490916320822088,0.08576801215103484,0.011112853587298058,-0.2702404767220874,-0.09971097154327602,0.1823000165812073,0.16732382640870203,0.007406581773128556,279,-0.0006659017447775118
HD,0.005661117305196505,1.0501706695453699,0.13757637959639746,0.02204670015692359,0.25867551206159634,-0.09750093846141929,0.37282648305514154,0.3654130845096941,0.0035834386561314447,429,-0.000667703573150122
TMO,0.0033986677517870976,0.9568326837481064,0.06322056116942214,-0.13154062627246946,0.17682247017754357,-0.022801404592008814,0.2803039101665262,0.2717968641874071,0.004555268867812098,429,-0.0006789502349090861
SMCI,0.019078047928979144,1.3574824343276428,-0.32288261061099816,-0.16228093430494225,-0.3169981298656517,-0.18967380441566287,0.12935387289616962,0.10929290222557442,0.02673018023947909,223,-0.0006799897617430665
RTX,0.0015691016708346064,1.0698982755922137,-0.08337355739574323,0.4052124117416359,0.2619265170040005,-0.05976990603397485,0.446136923738102,0.4395900788650299,0.0026459532649864546,429,-0.0006833068778465236
NCLH,-0.011182929707446394,2.087232436201388,0.380205610423454,0.7611021212537887,-0.3270068014148531,-0.5151487711757191,0.4554966685606,0.4369761470830694,0.012198791805768196,153,-0.0006953804150136524
AKAM,0.012189209589826144,1.3194925606896937,-0.2168926991846359,-0.6465184857242848,-2.114542753178489,0.1788152489520931,0.30532989575252856,0.2939790770556745,0.02499218994385542,312,-0.0007013436135636763
SW,0.005524046570196799,1.271102049470295,0.07997277925699373,0.3327323794634606,-0.3357292124763905,-0.34785477023472294,0.22417823499119094,0.2049747259563195,0.015050504788520113,208,-0.0007026135207046374
HWM,0.015323641215191275,1.4937571851363884,0.10346865876118175,0.7452007514273858,0.1414412054268113,-0.375569619711048,0.43130869677232964,0.4031556619590786,0.00838857314595135,107,-0.0007075277059886075
APH,0.012215976505670507,1.231258271900293,0.07069015500415624,-0.30404880879682233,-0.24106278287500085,0.06405256455234835,0.347856499901973,0.33972503481346883,0.006528435620465849,407,-0.0007174732078970383
AFL,0.0029658836000268406,1.1678327772787822,-0.3742855569059177,0.7555523999486855,0.29777799427969837,-0.023873824778124615,0.4083283146421395,0.40133455949606545,0.004070607318478296,429,-0.000725459667192641
RJF,0.007396711586510951,1.203046190821268,0.3101742811682042,0.5475900769126671,-0.23953784182921484,-0.3297624524534622,0.44314090427725306,0.4365586454625634,0.004568932105245203,429,-0.0007358539495120963
PAYC,0.014968821682022128,1.0159885600563736,0.7637191510880228,-0.44564511887232067,-0.04613937869671937,-0.604794330513568,0.2205489494812375,0.1910242884767389,0.01439656196503252,138,-0.0007428724836722197
SYK,0.004937987341413353,1.0406404190889829,-0.04990609838787676,-0.14919419313580345,0.6157822566568286,-0.019304950311831694,0.28236677416760503,0.2738841119237233,0.004889327796151363,429,-0.0007593051864531866
EBAY,0.012106419772812698,1.5669573974749027,-0.18617324176768552,-0.36773658252166974,-0.281153689917619,0.027945109986073993,0.26604641176550914,0.2545424370282914,0.015852788882480765,325,-0.0007642885589446599
VRSK,0.002364281041995396,0.6615811209717204,0.006682715679267212,-0.5070525530848404,0.5612734412842904,0.09347414566950808,0.30058486194953526,0.2817833797438777,0.0024211620368276036,192,-0.0007720172387800185
EXPE,0.003045097140502332,1.5171588025591036,0.3052838501932255,0.30132506788857083,0.069934762461215,-0.4810961263698239,0.31639991397339673,0.3019779712302194,0.012119995034551639,243,-0.000801578187811041
AIG,-0.0002686985690469172,1.5348931845105682,-0.7574448583427095,1.8170784543539313,-0.9126752531026646,-0.4764138239280001,0.23326822326111407,0.22420519989540622,0.0228937225990841,429,-0.0008103056645890375
QCOM,0.014325671363258425,1.2298658752202467,0.13812403566139125,-0.21210716250255188,-0.37114663352829985,-0.29006501953233066,0.20217128175546184,0.19219842277740506,0.01594196276511439,406,-0.0008137257240853889
IT,0.006627103092837833,1.0789122000511417,0.37022156343491824,0.29360514859294146,0.1892666539058793,-0.4976591693154428,0.24963064809492141,0.2397051275670764,0.0085650018356567,384,-0.0008401977523618646
JBHT,0.0029078683668701207,1.0820525341465201,0.3476181822305514,0.44064136524276004,0.4156592491009069,-0.5024251106068128,0.30228399045047527,0.29403675629504356,0.006165073986430497,429,-0.0008897113114376732
JCI,0.00035715141785936337,1.2644246755765927,-0.18823631659822546,0.47592146390334295,-0.12012333131895858,-0.05715618886073854,0.3556559826490441,0.34803962310588854,0.0056598413042545865,429,-0.0009008516179534586
CDNS,0.005235244103838837,1.3551425266273744,0.20481526029199068,-0.638863233274895,0.07071966936410853,-0.07533858049836807,0.3301372670847992,0.32221926787776367,0.00915272631913096,429,-0.0009188841727551802
USB,0.002204911371066529,1.0042939930772805,-0.24979083366324126,1.1821352665318348,0.0305240158869699,-0.23727923404185472,0.4473267272071586,0.4407939462048791,0.003513367539425077,429,-0.0009211749788949992
MDT,0.003835568429019626,0.7994737678942886,-0.0731974527131055,-0.06924188464977198,0.12975147533529502,0.027470885149258724,0.24781893395669807,0.23892790480725012,0.00351427027655774,429,-0.0009214841735910625
AMP,0.00367156842076011,1.5202730905899833,0.13712368202753888,0.7486524604180244,-0.09302420199551195,-0.2352713931812447,0.7006257460725083,0.6942560810953275,0.0026076950177690837,241,-0.0009264748002770017
ADI,0.010267502455233899,1.3697484803337172,0.36281275049527345,-0.3128626384628435,-0.8394008903797295,-0.10836860428723502,0.4554810188193682,0.44904462424276503,0.007383160121327639,429,-0.0009671358823445852
CCI,0.007905122395779531,1.1973206890907897,0.01560871247271904,-0.6214760540795711,-0.3636750753302653,-0.040207623829621425,0.2649576625371607,0.25347262601430376,0.01223545981171165,326,-0.0009704997295885171
ADSK,0.005011969665465321,1.4143849433244389,0.4961327111687878,-0.11591185361896397,-0.10056568481674703,-0.4422538512174808,0.35782444757729925,0.350233720007291,0.009580711043256451,429,-0.0009831685574353479
FI,0.004003154334186184,0.9442202397054809,-0.15315692166077732,0.25498913938501333,0.4398230371441881,-0.11141185826567786,0.25248392677831255,0.24364803938798518,0.004789465761475643,429,-0.000994959986594833
BKNG,0.016552218644587453,1.5796590858948631,-0.18505483923729754,-0.14223962214205887,-0.8782315823347936,-0.5538863082063956,0.22250116928763575,0.21008106017082484,0.027540485705205123,319,-0.0010376333707785858
WDC,0.013891431786649054,1.2476778127391301,0.39889537905540995,0.1891642288039748,-0.5552993093787946,-1.0172349926713242,0.19319563413869134,0.18365893950676093,0.02317594063807544,429,-0.001103476797752747
SNPS,0.00405829057792846,1.169081389999658,0.02158606603491071,-0.4214272329375481,0.333919390745781,-0.08150659270096144,0.2719794182172044,0.2628334310088779,0.007354726288868857,404,-0.0011155444985683123
CBRE,0.005634920090672519,1.5481218001601302,0.8204210404967573,0.9118427806402063,0.040314765754621666,-0.9206212737671234,0.5549243867371483,0.5460228744718914,0.0064566189956126365,256,-0.0011254984785593247
TSLA,0.029535723564808318,1.3604183035942103,0.9745612691387057,-0.846449853682346,-0.2950047432432481,-1.2321379817288776,0.23082566829745177,0.20921964774400947,0.026362585611926278,184,-0.001143412707967703
STX,0.008157813782378802,1.6668557770183519,0.313340407145568,-0.11833287037597905,-0.46205859213542727,-0.40779441987194026,0.34529604996350816,0.3330814240299915,0.012137248743901192,274,-0.0011537395830046315
MU,0.016712100872356993,1.3724997839968993,0.3464514781956527,0.13195145609120815,-0.853343907042031,-0.7639625899089639,0.2607110949718179,0.2519724554324776,0.01863397325745858,429,-0.0011587037606392429
EPAM,0.007375315621798046,1.4150972412586573,0.049441572355468914,-0.31660075992406805,-0.626076197712505,-0.1734756831544023,0.26177426577761265,0.23841269190981562,0.011963914524819987,164,-0.001161123202481218
TKO,0.010040464369270996,0.8814910898602357,-0.05632081691935567,0.5076008012685604,-0.32224924557084866,-0.44640644147438785,0.1657152288525825,0.15208312474886643,0.011036051920747459,312,-0.0011614827181921294
SPGI,0.0033212826302382015,0.9930069818476422,-0.056314821277700454,-0.15040214658958392,0.3293444933748835,0.024545889896722666,0.3694016578309631,0.36194777671785394,0.0030099436206740457,429,-0.0011948270683624356
XYZ,0.006895006941552015,2.5159944411008093,0.6195618462049581,-0.3350650063832855,-1.4711716930528806,-0.3904004173099166,0.5714630799908228,0.5525012693709477,0.013612578536744063,119,-0.001232824973306481
CTSH,0.017729968167429517,1.1299022487590542,0.2522503848682239,-0.20355480572967977,-0.13042241369385893,-0.5406437764387423,0.23997859518646936,0.22817702057756362,0.01276213467771396,328,-0.0012948861779296702
LYV,0.009220124373397538,1.2259240807154406,0.7479879658514552,0.7137533780949341,-0.4428032605581094,-0.9687276210364439,0.3887871316227526,0.37561444049393256,0.009560509407014053,238,-0.0013185270579327776
DAY,0.003880954534553651,1.0524604729826446,0.8073414289675175,-0.21805941131701417,-0.26791882892464486,-0.613938462233262,0.46141330324086294,0.42935457129091426,0.006697052039845815,90,-0.0013515542335588934
TFC,0.0006903363373560915,0.8664359662873102,0.036289392466853344,1.4623310220935777,-0.013082300887312073,-0.5646048384934182,0.48691517614895363,0.4808503437157261,0.0031757547028694365,429,-0.0013655390547161756
GL,-0.0009879195997907566,1.0324144741486996,-0.22408076950491485,0.9660806327757788,0.34631616645549196,-0.24741452293548352,0.47968741742748544,0.47353715049400413,0.002835957527192385,429,-0.0013705964613783743
CTAS,0.0024481986842485775,1.1532368489309703,0.06631413558391885,0.30149943152580483,0.7225354922482523,-0.3111507672527056,0.3942867027079925,0.38712697106151484,0.003950594371807641,429,-0.0013923391891690494
INTC,0.005792204242209576,1.2106332184063162,-0.15967587972470454,-0.1423799281036134,-0.487694289561458,-0.05276613862929549,0.30526154345886514,0.297049504965471,0.00789416551528863,429,-0.0014515922100522673
JBL,0.014471702147177577,1.5896980824482103,0.4364913506645383,0.02479799351744351,-0.2746360241078421,-0.9196676648812123,0.3148270789606218,0.3058822627590633,0.01627971732867207,389,-0.0014555331106841916
IR,0.0007802008654121278,1.2676675092409115,0.3415823742176604,0.3837851767611131,0.5463016094936011,-0.4607481054039277,0.6048791718599695,0.584083338799968,0.0033919812276598407,101,-0.0014838048302275608
PYPL,-0.003060995297715085,1.242714557754144,0.19140628625687733,-0.406039155301586,-0.6517149123209087,-0.04861928080185924,0.4327346782522793,0.40849257048528276,0.005554887454751229,123,-0.001485100658558782
ANET,0.018052392008890396,1.2452014808502103,-0.10345884173342025,-0.5675885201452895,0.16812757898046427,-0.15285909079337384,0.27573059361988783,0.24787407798988348,0.009822038403318072,136,-0.0014940248030258247
ORCL,0.013313146548222288,1.1899621795634774,0.22544184818601873,-0.5291742847671077,-0.42312636013324995,-0.31935617338028505,0.3150049844904169,0.30690811669479545,0.010085728637366967,429,-0.0015092229372040769
CPAY,0.0032329236451570315,1.130354215415304,-0.038015681619916745,0.4051255975778757,-0.26084119709184617,-0.201560634032461,0.357160156379992,0.33847295162359636,0.004739745053832245,178,-0.001517191737413093
ACN,0.003525322082448685,1.1047748987742319,0.18221043742094903,-0.4624282067079201,0.07562198309221302,-0.0003119616119952303,0.4884975604463271,0.47952383343661353,0.0027489942497602882,291,-0.001550761307543764
NFLX,0.031610810787256714,0.9584762165213487,0.22500211371902257,-0.4673986977992847,-1.4840183887878615,-0.8473498589414277,0.1793995386769357,0.16447953028924367,0.020989719333984413,281,-0.0015619156722969745
FSLR,0.010159200823838265,1.3877705515541656,0.08289530338094718,-0.029361412547618482,0.11355579947492642,-1.2721011883326807,0.17906412488966317,0.16049091504553792,0.02432557548444337,227,-0.0015672375716670056
LRCX,0.01773931349078996,1.5991896648982653,0.47612151289033255,-0.19161224650333272,-0.7333358141200875,-0.8759432008698241,0.35912866864511606,0.35155335739978644,0.015965902714593336,429,-0.0016047052444511602
VRSN,0.018404011421902698,1.2155896943948128,-0.34944021933326014,-1.0705574136721094,-1.631354794413083,0.08711959321865327,0.3909404722517107,0.38162763543598766,0.014830722426726936,333,-0.0016252723003238314
META,0.009269696520858765,1.193977544152783,-0.30086909191307043,-0.6035018125942957,0.09674457476560518,-0.036233809198039674,0.23774823559962965,0.2131594690060693,0.009473424904439923,161,-0.0016274535827514346
DELL,0.013563598526656843,1.0159035403746406,-0.5392891534551874,0.1329765747091762,0.2562257231591521,-0.01638928169144869,0.24431648070218592,0.20798554227440635,0.006746181650472354,110,-0.0016479739911480175
FDS,0.007647174641091159,0.9827970421761046,0.11671061865468009,-0.042843970614987084,0.09625832485768304,-0.3512561138488402,0.2713633411275673,0.26083390964097153,0.006372109464651893,352,-0.0016989794178792175
INVH,-0.00472253053523336,0.7220847601351317,0.06644155580224125,0.07313831517852723,0.5312927429529352,-0.20715559753687957,0.3958885155435691,0.3650665010304859,0.0023280948775521613,104,-0.0017541176890318332
PNC,0.0004404131264766549,1.0468046776343687,-0.0021023592518768955,1.3153088063346803,-0.06460124688577461,-0.5055799862042777,0.5157419991468977,0.5100179093022983,0.003143985242899828,429,-0.0017571330013277154
APO,0.004595945407797805,1.5394671950275387,0.06522042366613912,0.2459882117468956,-0.09834663441801476,-0.3071277297645382,0.4500514157470267,0.43378074757386176,0.005873868434758837,175,-0.0017735933831950809
INTU,0.012196200786396424,1.1011660984272478,0.0023826600533765436,-0.6082466893524467,0.013944125688625738,-0.36395259568770283,0.24810160519843427,0.23833669098023202,0.010574303630873767,391,-0.0018120134886347766
CBOE,0.008337777018151839,0.4425715241287529,-0.06394569189960872,0.36298036505810666,0.11652895399155487,-0.325734847212121,0.10350457639197708,0.07832212067265054,0.004129291323251717,184,-0.0018824702178794198
COST,0.005351351745840564,0.8210053509476428,0.14093800607567675,-0.2829585422530129,0.3857676335181428,-0.25114236312603977,0.265723725099518,0.25704433650731373,0.004242272744252896,429,-0.0019231131983226833
DDOG,0.02006945035733309,1.1959428566958215,0.29697314114771217,-0.8747603616876527,-1.3797902034233778,-0.5733578979654165,0.40028590068707803,0.35553111715626295,0.014548367905090587,73,-0.0019245661934302078
AMAT,0.010450084923191792,1.5893312964704491,0.3433318633350864,-0.21576629688372176,-0.3582650175707254,-0.49562219219804404,0.45719652409442113,0.45078040735794855,0.008224936617099533,429,-0.001961460232565409
TDY,0.008713298804739313,1.1243234666566053,-0.2139912625018284,0.9305293700495499,0.3565756502415631,-0.7220564535536612,0.2759224326344767,0.2640523085793042,0.008784861414171728,311,-0.001988107825765233
NXPI,0.006209441861128463,1.5627938547447169,0.04135470732864836,0.6731737248738594,-0.7730283472863003,-0.528935920143432,0.4240230398848157,0.4076600580633616,0.00785477771022045,182,-0.002011967292429306
STT,-9.744457385464727e-05,1.4319508081393586,-0.2679796574235839,0.7970059382043495,-0.07014364599582212,-0.22845372142826365,0.4941947998398386,0.48821601496796907,0.004286706201195011,429,-0.002015713692013953
TDG,0.015258285459717554,0.9370423769952588,-0.04122960263916238,0.13785229302858343,0.16479818236834365,-0.32615848364275546,0.2705850142455293,0.2546589228535103,0.0051752757682249515,235,-0.0020985326159091294
CSCO,0.012244201607618986,1.2505595217097383,-0.005484119720963448,-0.4087179390279435,-0.26777528223018543,-0.18657980859341844,0.373329900155173,0.3659048989721775,0.006706370986907676,428,-0.00210617075047295
CSGP,0.013742283197099832,1.0923666585747633,0.44667197091608,0.09549065938808562,-0.3972492217923426,-1.014915411610748,0.30690189145223523,0.29610597075834477,0.01153977086029319,327,-0.0021124771693341055
AVGO,0.02032131052050381,1.055170206636807,-0.07490112677793147,-0.39134969174598644,-0.1903042133758183,-0.13360362177584625,0.27635600932624993,0.2571101585104587,0.006048422679363171,194,-0.0021159025043626482
AAPL,0.01415738948443888,1.085851784722684,0.34790166611391843,-0.5358776415735924,0.21365909294739693,-0.7548269037718389,0.2807009585845831,0.2721986058491763,0.010277301130743204,429,-0.0021713043546537397
ICE,0.008288140996917331,0.9355280787223774,-0.0766089948937912,0.10268301236117301,0.024106863203890175,-0.34232525906481986,0.24516200127572996,0.22896376095975846,0.00581520612728537,239,-0.0022045262599237597
COIN,0.026379683626783414,3.1860672150354294,1.1072371451883047,0.262336589333741,-3.1669356850161465,-2.03945464255045,0.6678193396545591,0.6332171875352424,0.02562818958092275,54,-0.0022320209483858793
UBER,0.005899094056165824,1.3420583547952503,-0.11893725329653189,0.12965205199848157,-1.5397503274887596,-0.49123319228085,0.3817616928153865,0.33822378385872354,0.011000597839152918,77,-0.0022705647461382043
FOXA,0.0005983137599820066,0.735307699461998,-0.029140175937540997,0.6745854643533448,-0.005996432753862295,-0.4068042317566012,0.3943401182040075,0.35285656465633675,0.0034940115676713483,79,-0.00227383911432192
BG,0.004950071587817086,0.7797103258054617,-0.34182556501078437,0.6238711343788902,-0.21225141306204864,-0.35777323174665243,0.20540369377897305,0.19141432219057475,0.005979255186983188,290,-0.0022764916857603455
HII,0.008924572016842066,0.7433786133293372,0.003996104256704599,0.6693697927152661,-0.5011616785962962,-0.4689714611311319,0.2575716585521308,0.23560632300633588,0.004880399953987149,175,-0.002277784891688524
IBM,0.0026040923266976938,0.9362581878562218,-0.3523204699971867,-0.0039611252988046046,-0.22097300692569272,0.020116180345194083,0.29274888389272835,0.2843889416219568,0.004191004502917186,429,-0.0023021400408148986
PRU,0.00037656457464352945,1.3726548651327273,0.13999133204506392,1.416957973775681,-0.053907720421587015,-0.7091933052311248,0.6363547722998466,0.6298611075194867,0.0035517849708427145,286,-0.00244784494171876
MTB,0.004122611187116537,0.7083474947928362,0.09649191460057112,1.4075428408593835,-0.08868750640646185,-0.6727917172538883,0.4832676987173705,0.47715975189369875,0.0026078680244494335,429,-0.002509009094168391
GE,1.1519561682743599e-06,1.2334317334349385,-0.26449630813937025,0.6132606742942271,-0.1840604582299114,-0.20743072965299433,0.45348955038558014,0.44702961599297475,0.0037605073665727086,429,-0.0025255730451209484
AMZN,0.026912622356024367,1.4972707686394924,-0.5725024791064591,-0.7413535041135791,-0.49276603848500583,-0.8231276029347916,0.31278774289780176,0.3025308435380675,0.018329316554408004,341,-0.0025486699056744863
BRK-B,0.002175089639411323,0.7144297940369092,-0.3700306790745797,0.5201361633612742,0.2296893561668286,-0.04985592137364448,0.41761695350259953,0.4092252669536457,0.0017741806560720543,353,-0.002567631456978208
IQV,0.0011559593825656556,1.06995556875297,0.5176991089299394,0.06501783622905843,0.19549390904930591,-0.607256688614134,0.46556423254481605,0.4468776672491803,0.0037429166926972435,149,-0.0025739839994324536
FITB,0.001324768586409488,1.2457420535220218,-0.13273681116993288,1.7408602317710993,-0.11353051845488389,-0.8796062515558986,0.463987464412866,0.45765161883855,0.0058293318819682945,429,-0.0025972775684286907
PANW,0.012894301196536504,1.0313670351204771,0.05524394043019317,-0.31748336002648636,-0.7344659372763156,-0.4871471269945408,0.2752803022767806,0.25159665202438786,0.007758770089172696,159,-0.0027937490450216356
AON,0.0030364346483003953,0.8334555761780738,-0.37000479130296626,0.4681274563274129,0.31847351181045924,-0.31076729564685823,0.2503195042665579,0.24145803268578436,0.004369914716476771,429,-0.0028172291366846923
FTNT,0.01327260141487261,1.1033525241772666,0.10240963279961772,-0.3766799011066924,-0.3239817583536646,-0.6790431195018386,0.2821790241612647,0.26277845724670434,0.0083235552621592,191,-0.003040701960380955
GDDY,0.008183799330140755,0.8443308364252058,0.12461748441551095,0.15307918429831005,-0.034911276514362946,-0.6129721938965327,0.2809029110223573,0.25118815527947946,0.005213101218809864,127,-0.003106548218617441
BR,0.0054137846679573635,0.849996660984385,0.14083531717007636,-0.1458557348131493,0.28822432993757346,-0.36859379255058217,0.351413541725906,0.3364691532864108,0.003250646081899432,223,-0.003265522797453189
FOX,-0.0009216214818964725,0.7790650604662895,-0.028132118972285607,0.7297605544340003,0.026284461410029,-0.5299281466068552,0.44634773692886875,0.40842634904728436,0.0032309759057580923,79,-0.003352986674925177
COF,0.006134645141975061,1.3502015338319735,-0.16961261734821692,1.821539194335188,-0.5723268960359684,-0.9847009359243704,0.5224724951828925,0.5159310225141651,0.005949078486713095,371,-0.0033818160995589225
MSCI,0.0064486569637547215,1.1304673484952559,0.3151301137456543,-0.4095269043727991,0.20907154230597033,-0.45667955568757246,0.4652079880406783,0.45241392076892417,0.003963155971902487,215,-0.0034304660626429426
MPWR,0.016673220565549384,1.1507815195833742,0.1687989364240503,0.030049904848535,-0.5829509703568685,-1.1461297907121406,0.29485992725605903,0.28046931352659077,0.009736511098198815,251,-0.0035439886141174774
JPM,0.005764777475857849,1.2128487251245945,-0.14537842983923993,1.2227887010886773,-0.7647809892760268,-0.5840021396217375,0.5310207642028024,0.5254772744179655,0.0038875695578334986,429,-0.0037059612716637993
WFC,0.002430274983625088,1.0817385994091757,-0.20482811827881503,1.463642407231825,0.12311483824564448,-0.6933787412090169,0.5269612144677549,0.5213697394614636,0.0032776620518812248,429,-0.0037639318385548825
GS,0.004977552654210187,1.3188983382881985,0.024854632397440037,0.5891977214920714,-0.5287524352444841,-0.4811812329602653,0.5739534765299206,0.5671038539660929,0.003641718935833339,317,-0.0037803595376399036
CRM,0.011121829577902621,1.2813656246401424,0.24669275240058985,-0.447237929691646,-0.4698770855364698,-0.8305120256103333,0.3802525099819217,0.36785756018156024,0.007563118075530879,256,-0.003798346517972835
SCHW,0.010712042386731464,1.3789159875712944,-0.25884214715903564,0.8622894292080939,-0.8176168231482079,-0.8093538250465533,0.4244274626339263,0.41762400474543837,0.007047214429783968,429,-0.003799453249137415
V,0.0064709142993060595,0.895540709833872,-0.25897889094443627,-0.0912063873620334,0.36488453053422054,-0.10743966369950782,0.3904695444605192,0.37560294798394656,0.0025521893106517117,211,-0.0038588167995967176
BX,0.0045043442883556046,1.6584404563901334,-0.010945837827566118,0.5517040662965254,-0.3981272827041437,-0.628586276129372,0.5947579598488724,0.5852896878827245,0.005003199487212212,220,-0.0038824532042587147
BK,0.0024302325257872285,1.1958496915337204,-0.415492930778974,0.8692848860857632,-0.2877151659837946,-0.38182390449188125,0.4584033854792865,0.45200153424381706,0.003808936950285677,429,-0.003924037114031906
MS,0.004026385869139544,1.5361782092329017,-0.36340275600983046,0.6502056188910612,-0.79840068884134,-0.3944164189732249,0.5395096510070153,0.5335447501133238,0.004970597106677733,392,-0.003925638287481996
TEL,0.0011837087070266652,1.374197951584857,0.3483108347264569,0.38295075527497996,0.22897782492235239,-0.635820510221982,0.6480478511389822,0.6398246700908277,0.0028608171671795704,220,-0.003966779978431264
XYL,0.0003845566282871851,1.0352130899127028,-0.04516388512767878,0.252550922515287,0.2803762555263004,-0.38129287319929855,0.43054974797637546,0.412974122913918,0.002777762893492518,168,-0.004043133915576217
WMT,0.004350227674578208,0.6554006858209728,-0.31869242023869,-0.16111451132114318,0.4900999643711244,-0.1675867126961237,0.24364350578696292,0.23470312169461016,0.0029343717536946035,429,-0.004075879999855678
MMC,0.00031137074643491545,0.9521877847345839,-0.4351256103828511,0.38816470195923886,0.2563861115658644,-0.20749395823112324,0.3827589747151987,0.37546298150852264,0.0028358120624660016,429,-0.004216175458966781
NOW,0.014855632572889273,1.0234405702246572,-0.004979028165707547,-0.6042324331663518,-0.7757736188126589,-0.4108909314979308,0.37292400858708175,0.35256439847627274,0.00546692607046984,160,-0.004280998704719678
CME,0.012836526025937007,0.6427908537506377,-0.20807775283709218,0.5279958872482295,-0.536627956036032,-0.746069669835864,0.18992657867474572,0.17481326857539392,0.005476244352926524,274,-0.004328358538931785
NTRS,0.0025129162675257607,1.050680014876112,-0.25179533437738827,0.7059159828245889,-0.2929808297076053,-0.36431135943837434,0.4724008957602224,0.4661644997290193,0.0028133550147883056,429,-0.0044729943833784185
KKR,0.0030573265399196615,1.6059814397506407,-0.06727088083049895,0.33161802233041465,-0.24976628383690092,-0.541490567908039,0.561240730630619,0.5488464009874161,0.004100878288507279,183,-0.004701252317682792
CRWD,0.026673229432553805,1.3723179891245407,-1.1392749545571617,-0.5912230404967053,-2.437620265208531,-0.8392339756107158,0.4873518835642241,0.45073416096166874,0.01278789629948685,76,-0.004941980581446715
CDW,0.005514706890810158,0.9356837485187647,0.06064140640787954,0.3467213098885298,0.3378877473745091,-0.6347110694351097,0.4230979265097058,0.4027844732177941,0.0029429817892496274,148,-0.005076468913868297
WDAY,-0.00035076340666647385,1.2644632075482178,-0.08467598409187396,-0.30207042901871634,-0.5413310539728936,-0.8344228815819477,0.3959296026861484,0.3757939227756867,0.006494690313033014,156,-0.005178828356655179
FTV,-0.006356830422014496,1.023175313197879,0.16932941981062188,0.26418036563661945,0.24981891250979296,-0.48639637037153716,0.6098500673250462,0.5912714991024294,0.001887549277410612,111,-0.0054376099865951575
BAC,0.0010306440258862576,1.3215289444986074,-0.24584981073419096,1.9851787230672535,-0.5661778106069528,-1.2711418866926718,0.5510737746424292,0.545767318077919,0.005075666729834859,429,-0.005472879864035973
C,-0.0008293990337367873,1.6487241107352717,-0.47416055012095787,1.7533097975550107,-0.7170008760174993,-0.9828049190062111,0.6036157529786789,0.598930359987883,0.00498385022369782,429,-0.005548761744962371
GOOG,0.011835461134132861,1.0497881709364183,-0.3771143679802013,-0.08615516461002468,-0.05000742155923883,-0.9259882741283358,0.32972842567147487,0.3162148858664643,0.005205952050343548,254,-0.007058887925609225
GOOGL,0.0117745391431325,1.0487715725621145,-0.36924908611590196,-0.08583627913551725,-0.030522244570007104,-0.9383727666369219,0.3294457669679304,0.31592652839873536,0.005220461056115392,254,-0.007062179855442083
MSFT,0.01144559337374542,1.0584560389135804,-0.2966824785571093,-0.37338007890012853,0.1587716227733807,-0.7528547511068907,0.4363661922201404,0.4297038540667142,0.004175748937558196,429,-0.00774586509680712
